web_scraper_order,web_scraper_start_url,name,name2,name3,name4,name5,name6,name7,name8,name9,name10,name11,name12,name13,name14,name15,name16,name17,name18,name19,name20,name21,name22,name23,name24,name25,name26,name27,name28,name29,name30,name31,image,parsed_tags,category
1788936683-1,https://poe2db.tw/us/Gem#SupportGems,Amanamu's Tithe,"Amanamu's Tithe (1)Support, Lineage, Minion, Persistent","Support, Lineage, Minion, Persistent",Support,,,,,,,,,,,,,Lineage,Minion,,,,,,,,,,Persistent,,,,https://cdn.poe2db.tw/image/Art/2DItems/Gems/New/NewSupport/Lineage/LineageAmanamu.webp,,Other
1788936683-2,https://poe2db.tw/us/Gem#SupportGems,Atalui's Bloodletting,"Atalui's Bloodletting (1)Support, Lineage, Physical","Support, Lineage, Physical",Support,,,,,,,,,,,,Physical,Lineage,,,,,,,,,,,,,,,https://cdn.poe2db.tw/image/Art/2DItems/Gems/New/NewSupport/Lineage/LineageLifetap.webp,,Other
1788936683-3,https://poe2db.tw/us/Gem#SupportGems,Auto Reload,"Auto Reload (1)Support, Ammunition, Projectile","Support, Ammunition, Projectile",Support,Ammunition,,,,,,,,Projectile,,,,,,,,,,,,,,,,,,,https://cdn.poe2db.tw/image/Art/2DArt/SkillIcons/Support/AutoReloadSupport.webp,,Other
1788936683-4,https://poe2db.tw/us/Gem#SupportGems,Bloodlust,"Bloodlust (1)Support, Attack, Melee, Physical","Support, Attack, Melee, Physical",Support,,,,,,,,,,,,Physical,,,Melee,,Attack,,,,,,,,,,,https://cdn.poe2db.tw/image/Art/2DArt/SkillIcons/Support/BloodlustSupport.webp,,Other
1788936683-5,https://poe2db.tw/us/Gem#SupportGems,Brutus' Brain,"Brutus' Brain (1)Support, Lineage, Minion","Support, Lineage, Minion",Support,,,,,,,,,,,,,Lineage,Minion,,,,,,,,,,,,,,https://cdn.poe2db.tw/image/Art/2DItems/Gems/New/NewSupport/Lineage/LineageMeatshield.webp,,Other
1788936683-6,https://poe2db.tw/us/Gem#SupportGems,Cirel's Cultivation,"Cirel's Cultivation (1)Support, Lineage, Totem","Support, Lineage, Totem",Support,,,,,,Totem,,,,,,,Lineage,,,,,,,,,,,,,,,https://cdn.poe2db.tw/image/Art/2DItems/Gems/New/NewSupport/Lineage/Greatwood.webp,,Other
1788936683-7,https://poe2db.tw/us/Gem#SupportGems,Paquate's Pact,"Paquate's Pact (1)Support, Lineage, Warcry, Trigger, Physical, Duration","Support, Lineage, Warcry, Trigger, Physical, Duration",Support,,,,,,,Warcry,,,,,Physical,Lineage,,,,,,,Trigger,,Duration,,,,,,https://cdn.poe2db.tw/image/Art/2DItems/Gems/New/NewSupport/Lineage/Paquate.webp,,Other
1788936683-8,https://poe2db.tw/us/Gem#SupportGems,Daresso's Passion,"Daresso's Passion (1)Support, Banner, Lineage","Support, Banner, Lineage",Support,,,,,,,,,,,,,Lineage,,,,,,,,,,,,,,,https://cdn.poe2db.tw/image/Art/2DItems/Gems/New/NewSupport/Lineage/LineageDaresso.webp,,Other
1788936683-9,https://poe2db.tw/us/Gem#SupportGems,Dauntless,"Dauntless (1)Support, Conditional","Support, Conditional",Support,,,,Conditional,,,,,,,,,,,,,,,,,,,,,,,,https://cdn.poe2db.tw/image/Art/2DArt/SkillIcons/Support/UnmovingSupport.webp,,Other
1788936683-10,https://poe2db.tw/us/Gem#SupportGems,Einhar's Beastrite,"Einhar's Beastrite (1)Support, Lineage, Attack, Melee, Strike","Support, Lineage, Attack, Melee, Strike",Support,,,,,,,,,,,Strike,,Lineage,,Melee,,Attack,,,,,,,,,,,https://cdn.poe2db.tw/image/Art/2DItems/Gems/New/NewSupport/Lineage/LineageEinhar.webp,,Other
1788936683-11,https://poe2db.tw/us/Gem#SupportGems,Flamepierce,"Flamepierce (1)Support, Projectile, Fire","Support, Projectile, Fire",Support,,,,,,,,,Projectile,Fire,,,,,,,,,,,,,,,,,,https://cdn.poe2db.tw/image/Art/2DArt/SkillIcons/Support/FlamepierceSupport.webp,,Other
1788936683-12,https://poe2db.tw/us/Gem#SupportGems,Tawhoa's Tending,"Tawhoa's Tending (1)Support, Lineage, Totem, AoE, Trigger, Physical","Support, Lineage, Totem, AoE, Trigger, Physical",Support,,,,,,Totem,,,,,,Physical,Lineage,,,,,,,Trigger,AoE,,,,,,,https://cdn.poe2db.tw/image/Art/2DItems/Gems/New/NewSupport/Lineage/Tukohama.webp,,Other
1788936683-13,https://poe2db.tw/us/Gem#SupportGems,Helbrym's Hide,"Helbrym's Hide (1)Support, Lineage, Shapeshift, Buff","Support, Lineage, Shapeshift, Buff",Support,,,,,,,,,,,,,Lineage,,,,,,,,,,,,Buff,,,https://cdn.poe2db.tw/image/Art/2DItems/Gems/New/NewSupport/Lineage/HideofHelbrym.webp,,Other
1788936683-14,https://poe2db.tw/us/Gem#SupportGems,Infernal Legion III,"Infernal Legion III (1)Support, Minion, AoE, Fire","Support, Minion, AoE, Fire",Support,,,,,,,,,,Fire,,,,Minion,,,,,,,AoE,,,,,,,https://cdn.poe2db.tw/image/Art/2DArt/SkillIcons/Support/InfernalLegionSupport.webp,,Other
1788936683-15,https://poe2db.tw/us/Gem#SupportGems,Kaom's Madness,"Kaom's Madness (1)Support, Lineage, Attack, Melee","Support, Lineage, Attack, Melee",Support,,,,,,,,,,,,,Lineage,,Melee,,Attack,,,,,,,,,,,https://cdn.poe2db.tw/image/Art/2DItems/Gems/New/NewSupport/Lineage/LineageKaom.webp,,Other
1788936683-16,https://poe2db.tw/us/Gem#SupportGems,Rusted Spikes,Rusted Spikes (1)Support,Support,Support,,,,,,,,,,,,,,,,,,,,,,,,,,,,https://cdn.poe2db.tw/image/Art/2DArt/SkillIcons/Support/RustedSpikesSupport.webp,,Other
1788936683-17,https://poe2db.tw/us/Gem#SupportGems,Spar,"Spar (1)Support, Attack, Melee","Support, Attack, Melee",Support,,,,,,,,,,,,,,,Melee,,Attack,,,,,,,,,,,https://cdn.poe2db.tw/image/Art/2DArt/SkillIcons/Support/SparSupport.webp,,Other
1788936683-18,https://poe2db.tw/us/Gem#SupportGems,Uhtred's Augury,"Uhtred's Augury (1)Support, Lineage","Support, Lineage",Support,,,,,,,,,,,,,Lineage,,,,,,,,,,,,,,,https://cdn.poe2db.tw/image/Art/2DItems/Gems/New/NewSupport/Lineage/LineageUhtredGreater.webp,,Other
1788936683-19,https://poe2db.tw/us/Gem#SupportGems,Uhtred's Exodus,"Uhtred's Exodus (1)Support, Lineage","Support, Lineage",Support,,,,,,,,,,,,,Lineage,,,,,,,,,,,,,,,https://cdn.poe2db.tw/image/Art/2DItems/Gems/New/NewSupport/Lineage/LineageUhtredLesser.webp,,Other
1788936683-20,https://poe2db.tw/us/Gem#SupportGems,Uhtred's Omen,"Uhtred's Omen (1)Support, Lineage","Support, Lineage",Support,,,,,,,,,,,,,Lineage,,,,,,,,,,,,,,,https://cdn.poe2db.tw/image/Art/2DItems/Gems/New/NewSupport/Lineage/LineageUhtredStandard.webp,,Other
1788936683-21,https://poe2db.tw/us/Gem#SupportGems,Uruk's Smelting,"Uruk's Smelting (1)Support, Lineage, Physical","Support, Lineage, Physical",Support,,,,,,,,,,,,Physical,Lineage,,,,,,,,,,,,,,,https://cdn.poe2db.tw/image/Art/2DItems/Gems/New/NewSupport/Lineage/LineageArmourBreak.webp,,Other
1788936683-22,https://poe2db.tw/us/Gem#SupportGems,Uul-Netol's Embrace,"Uul-Netol's Embrace (1)Support, Lineage, Physical, Chaos","Support, Lineage, Physical, Chaos",Support,,,,,Chaos,,,,,,,Physical,Lineage,,,,,,,,,,,,,,,https://cdn.poe2db.tw/image/Art/2DItems/Gems/New/NewSupport/Lineage/LineageUulNetol.webp,,Other
1788936683-23,https://poe2db.tw/us/Gem#SupportGems,Vruun's Inevitability,"Vruun's Inevitability (1)Support, Lineage, Attack, Melee, Conditional","Support, Lineage, Attack, Melee, Conditional",Support,,,,Conditional,,,,,,,,,Lineage,,Melee,,Attack,,,,,,,,,,,https://cdn.poe2db.tw/image/Art/2DItems/Gems/New/NewSupport/Lineage/VruunsSpike.webp,,Other
1788936683-24,https://poe2db.tw/us/Gem#SupportGems,Xoph's Pyre,"Xoph's Pyre (1)Support, Lineage, Fire, Chaos","Support, Lineage, Fire, Chaos",Support,,,,,Chaos,,,,,Fire,,,Lineage,,,,,,,,,,,,,,,https://cdn.poe2db.tw/image/Art/2DItems/Gems/New/NewSupport/Lineage/LineageXoph.webp,,Other
1788936683-25,https://poe2db.tw/us/Gem#SupportGems,Zerphi's Infamy,"Zerphi's Infamy (1)Support, Lineage, Warcry","Support, Lineage, Warcry",Support,,,,,,,Warcry,,,,,,Lineage,,,,,,,,,,,,,,,https://cdn.poe2db.tw/image/Art/2DItems/Gems/New/NewSupport/Lineage/ZerphisLegacy.webp,,Other
1788936683-26,https://poe2db.tw/us/Gem#SupportGems,Fire Attunement,"Fire Attunement (1)Support, Fire","Support, Fire",Support,,,,,,,,,,Fire,,,,,,,,,,,,,,,,,,https://cdn.poe2db.tw/image/Art/2DArt/SkillIcons/Support/AddedFireDamageSupport.webp,fire,Other
1788936683-27,https://poe2db.tw/us/Gem#SupportGems,Armour Demolisher I,Armour Demolisher I (1)Support,Support,Support,,,,,,,,,,,,,,,,,,,,,,,,,,,,https://cdn.poe2db.tw/image/Art/2DArt/SkillIcons/Support/IncreasedArmourBreakSupport.webp,,Other
1788936683-28,https://poe2db.tw/us/Gem#SupportGems,Armour Explosion,"Armour Explosion (1)Support, Attack, Warcry, AoE, Trigger, Fire, Payoff","Support, Attack, Warcry, AoE, Trigger, Fire, Payoff",Support,,,,,,,Warcry,,,Fire,,,,,,,Attack,,,Trigger,AoE,,,,,,Payoff,https://cdn.poe2db.tw/image/Art/2DArt/SkillIcons/Support/ArmourExplosionSupport.webp,,Other
1788936683-29,https://poe2db.tw/us/Gem#SupportGems,Battershout,"Battershout (1)Support, Warcry, AoE, Trigger, Physical, Payoff","Support, Warcry, AoE, Trigger, Physical, Payoff",Support,,,,,,,Warcry,,,,,Physical,,,,,,,,Trigger,AoE,,,,,,Payoff,https://cdn.poe2db.tw/image/Art/2DArt/SkillIcons/Support/BattershoutSupport.webp,,Other
1788936683-30,https://poe2db.tw/us/Gem#SupportGems,Bleed I,"Bleed I (1)Support, Physical","Support, Physical",Support,,,,,,,,,,,,Physical,,,,,,,,,,,,,,,,https://cdn.poe2db.tw/image/Art/2DArt/SkillIcons/Support/ChanceToBleedSupport.webp,,Other
1788936683-31,https://poe2db.tw/us/Gem#SupportGems,Brink I,"Brink I (1)Support, Attack, Melee","Support, Attack, Melee",Support,,,,,,,,,,,,,,,Melee,,Attack,,,,,,,,,,,https://cdn.poe2db.tw/image/Art/2DArt/SkillIcons/Support/BrinkSupport.webp,,Other
1788936683-32,https://poe2db.tw/us/Gem#SupportGems,Brutality I,"Brutality I (1)Support, Physical","Support, Physical",Support,,,,,,,,,,,,Physical,,,,,,,,,,,,,,,,https://cdn.poe2db.tw/image/Art/2DArt/SkillIcons/Support/BrutalitySupport.webp,,Other
1788936683-33,https://poe2db.tw/us/Gem#SupportGems,Compressed Duration I,"Compressed Duration I (1)Support, Duration","Support, Duration",Support,,,,,,,,,,,,,,,,,,,,,,Duration,,,,,,https://cdn.poe2db.tw/image/Art/2DArt/SkillIcons/Support/LessDurationSupport.webp,,Other
1788936683-34,https://poe2db.tw/us/Gem#SupportGems,Double Barrel I,"Double Barrel I (1)Support, Ammunition, Projectile","Support, Ammunition, Projectile",Support,Ammunition,,,,,,,,Projectile,,,,,,,,,,,,,,,,,,,https://cdn.poe2db.tw/image/Art/2DArt/SkillIcons/Support/DoubleBarrelSupport.webp,,Other
1788936683-35,https://poe2db.tw/us/Gem#SupportGems,Efficiency I,Efficiency I (1)Support,Support,Support,,,,,,,,,,,,,,,,,,,,,,,,,,,,https://cdn.poe2db.tw/image/Art/2DArt/SkillIcons/Support/Inspiration.webp,,Other
1788936683-36,https://poe2db.tw/us/Gem#SupportGems,Elemental Armament I,"Elemental Armament I (1)Support, Attack","Support, Attack",Support,,,,,,,,,,,,,,,,,Attack,,,,,,,,,,,https://cdn.poe2db.tw/image/Art/2DArt/SkillIcons/Support/WeaponElementalDamageSupport.webp,,Other
1788936683-37,https://poe2db.tw/us/Gem#SupportGems,Execute I,Execute I (1)Support,Support,Support,,,,,,,,,,,,,,,,,,,,,,,,,,,,https://cdn.poe2db.tw/image/Art/2DArt/SkillIcons/Support/ExecuteSupport.webp,,Other
1788936683-38,https://poe2db.tw/us/Gem#SupportGems,Fist of War I,"Fist of War I (1)Support, Attack, Melee, Slam","Support, Attack, Melee, Slam",Support,,,,,,,,,,,,,,,Melee,,Attack,,,,,,,,,Slam,,https://cdn.poe2db.tw/image/Art/2DArt/SkillIcons/Support/FistOfWarSupport.webp,,Other
1788936683-39,https://poe2db.tw/us/Gem#SupportGems,Enduring Impact I,Enduring Impact I (1)Support,Support,Support,,,,,,,,,,,,,,,,,,,,,,,,,,,,https://cdn.poe2db.tw/image/Art/2DArt/SkillIcons/Support/EnduranceOnHeavyStunSupport.webp,,Ring
1788936683-40,https://poe2db.tw/us/Gem#SupportGems,Eternal Flame I,"Eternal Flame I (1)Support, Fire","Support, Fire",Support,,,,,,,,,,Fire,,,,,,,,,,,,,,,,,,https://cdn.poe2db.tw/image/Art/2DArt/SkillIcons/Support/EternalFlameSupport.webp,,Other
1788936683-41,https://poe2db.tw/us/Gem#SupportGems,Ignite I,"Ignite I (1)Support, Fire","Support, Fire",Support,,,,,,,,,,Fire,,,,,,,,,,,,,,,,,,https://cdn.poe2db.tw/image/Art/2DArt/SkillIcons/Support/IgnitionSupport.webp,,Other
1788936683-42,https://poe2db.tw/us/Gem#SupportGems,Impact Shockwave,"Impact Shockwave (1)Support, Attack, AoE, Melee, Strike","Support, Attack, AoE, Melee, Strike",Support,,,,,,,,,,,Strike,,,,Melee,,Attack,,,,AoE,,,,,,,https://cdn.poe2db.tw/image/Art/2DArt/SkillIcons/Support/ImpactShockwaveSupport.webp,,Other
1788936683-43,https://poe2db.tw/us/Gem#SupportGems,Meat Shield I,"Meat Shield I (1)Support, Minion","Support, Minion",Support,,,,,,,,,,,,,,Minion,,,,,,,,,,,,,,https://cdn.poe2db.tw/image/Art/2DArt/SkillIcons/Support/MeatShield.webp,,Shield
1788936683-44,https://poe2db.tw/us/Gem#SupportGems,Opening Move,Opening Move (1)Support,Support,Support,,,,,,,,,,,,,,,,,,,,,,,,,,,,https://cdn.poe2db.tw/image/Art/2DArt/SkillIcons/Support/OpeningMoveSupport.webp,,Other
1788936683-45,https://poe2db.tw/us/Gem#SupportGems,Prolonged Duration I,"Prolonged Duration I (1)Support, Duration","Support, Duration",Support,,,,,,,,,,,,,,,,,,,,,,Duration,,,,,,https://cdn.poe2db.tw/image/Art/2DArt/SkillIcons/Support/MoreDurationSupport.webp,,Other
1788936683-46,https://poe2db.tw/us/Gem#SupportGems,Rage I,"Rage I (1)Support, Attack, Melee","Support, Attack, Melee",Support,,,,,,,,,,,,,,,Melee,,Attack,,,,,,,,,,,https://cdn.poe2db.tw/image/Art/2DArt/SkillIcons/Support/RageSupport.webp,,Other
1788936683-47,https://poe2db.tw/us/Gem#SupportGems,Steadfast I,"Steadfast I (1)Support, Channelling","Support, Channelling",Support,,,,,,,,Channelling,,,,,,,,,,,,,,,,,,,,https://cdn.poe2db.tw/image/Art/2DArt/SkillIcons/Support/ChannellingAilmentThresholdSupport.webp,,Other
1788936683-48,https://poe2db.tw/us/Gem#SupportGems,Stomping Ground,"Stomping Ground (1)Support, Attack, AoE, Trigger","Support, Attack, AoE, Trigger",Support,,,,,,,,,,,,,,,,,Attack,,,Trigger,AoE,,,,,,,https://cdn.poe2db.tw/image/Art/2DArt/SkillIcons/Support/StompingGroundSupport.webp,,Other
1788936683-49,https://poe2db.tw/us/Gem#SupportGems,Tireless,"Tireless (1)Support, Warcry","Support, Warcry",Support,,,,,,,Warcry,,,,,,,,,,,,,,,,,,,,,https://cdn.poe2db.tw/image/Art/2DArt/SkillIcons/Support/TirelessSupport.webp,,Other
1788936683-50,https://poe2db.tw/us/Gem#SupportGems,Upheaval I,Upheaval I (1)Support,Support,Support,,,,,,,,,,,,,,,,,,,,,,,,,,,,https://cdn.poe2db.tw/image/Art/2DArt/SkillIcons/Support/UpheavalSupport.webp,,Other
1788936683-51,https://poe2db.tw/us/Gem#SupportGems,Vanguard I,Vanguard I (1)Support,Support,Support,,,,,,,,,,,,,,,,,,,,,,,,,,,,https://cdn.poe2db.tw/image/Art/2DArt/SkillIcons/Support/GuardonStunSupport.webp,,Other
1788936683-52,https://poe2db.tw/us/Gem#SupportGems,Vitality I,"Vitality I (1)Support, Buff, Persistent","Support, Buff, Persistent",Support,,,,,,,,,,,,,,,,,,,,,,,,Persistent,Buff,,,https://cdn.poe2db.tw/image/Art/2DArt/SkillIcons/Support/VitalitySupport.webp,,Other
1788936683-53,https://poe2db.tw/us/Gem#SupportGems,Aftershock I,"Aftershock I (2)Support, Attack, Melee, Slam","Support, Attack, Melee, Slam",Support,,,,,,,,,,,,,,,Melee,,Attack,,,,,,,,,Slam,,https://cdn.poe2db.tw/image/Art/2DArt/SkillIcons/Support/AftershockSupport.webp,,Other
1788936683-54,https://poe2db.tw/us/Gem#SupportGems,Armour Break I,"Armour Break I (2)Support, Physical","Support, Physical",Support,,,,,,,,,,,,Physical,,,,,,,,,,,,,,,,https://cdn.poe2db.tw/image/Art/2DArt/SkillIcons/Support/ArmourBreakSupport.webp,,Other
1788936683-55,https://poe2db.tw/us/Gem#SupportGems,Behead I,"Behead I (2)Support, Attack, Melee, Strike","Support, Attack, Melee, Strike",Support,,,,,,,,,,,Strike,,,,Melee,,Attack,,,,,,,,,,,https://cdn.poe2db.tw/image/Art/2DArt/SkillIcons/Support/BeheadSupport.webp,,Other
1788936683-56,https://poe2db.tw/us/Gem#SupportGems,Font of Blood,"Font of Blood (2)Support, Totem","Support, Totem",Support,,,,,,Totem,,,,,,,,,,,,,,,,,,,,,,https://cdn.poe2db.tw/image/Art/2DArt/SkillIcons/Support/FontOfBloodSupport.webp,,Other
1788936683-57,https://poe2db.tw/us/Gem#SupportGems,Lifetap,Lifetap (2)Support,Support,Support,,,,,,,,,,,,,,,,,,,,,,,,,,,,https://cdn.poe2db.tw/image/Art/2DArt/SkillIcons/Support/BloodMagicSupport.webp,,Other
1788936683-58,https://poe2db.tw/us/Gem#SupportGems,Brutality II,"Brutality II (2)Support, Physical","Support, Physical",Support,,,,,,,,,,,,Physical,,,,,,,,,,,,,,,,https://cdn.poe2db.tw/image/Art/2DArt/SkillIcons/Support/BrutalitySupport.webp,,Other
1788936683-59,https://poe2db.tw/us/Gem#SupportGems,Concoct I,Concoct I (2)Support,Support,Support,,,,,,,,,,,,,,,,,,,,,,,,,,,,https://cdn.poe2db.tw/image/Art/2DArt/SkillIcons/Support/ConcoctSupport.webp,,Other
1788936683-60,https://poe2db.tw/us/Gem#SupportGems,Crater,"Crater (2)Support, Attack, AoE, Melee, Trigger, Fire, Duration","Support, Attack, AoE, Melee, Trigger, Fire, Duration",Support,,,,,,,,,,Fire,,,,,Melee,,Attack,,,Trigger,AoE,Duration,,,,,,https://cdn.poe2db.tw/image/Art/2DArt/SkillIcons/Support/FissureOnLandingSupport.webp,,Other
1788936683-61,https://poe2db.tw/us/Gem#SupportGems,Defy I,"Defy I (2)Support, Attack","Support, Attack",Support,,,,,,,,,,,,,,,,,Attack,,,,,,,,,,,https://cdn.poe2db.tw/image/Art/2DArt/SkillIcons/Support/DefySupport.webp,,Other
1788936683-62,https://poe2db.tw/us/Gem#SupportGems,Direstrike I,"Direstrike I (2)Support, Buff, Persistent","Support, Buff, Persistent",Support,,,,,,,,,,,,,,,,,,,,,,,,Persistent,Buff,,,https://cdn.poe2db.tw/image/Art/2DArt/SkillIcons/Support/DireStrikeSupport.webp,,Other
1788936683-63,https://poe2db.tw/us/Gem#SupportGems,Double Barrel II,"Double Barrel II (2)Support, Ammunition, Projectile","Support, Ammunition, Projectile",Support,Ammunition,,,,,,,,Projectile,,,,,,,,,,,,,,,,,,,https://cdn.poe2db.tw/image/Art/2DArt/SkillIcons/Support/DoubleBarrelSupport.webp,,Other
1788936683-64,https://poe2db.tw/us/Gem#SupportGems,Elemental Armament II,"Elemental Armament II (2)Support, Attack","Support, Attack",Support,,,,,,,,,,,,,,,,,Attack,,,,,,,,,,,https://cdn.poe2db.tw/image/Art/2DArt/SkillIcons/Support/WeaponElementalDamageSupport.webp,,Other
1788936683-65,https://poe2db.tw/us/Gem#SupportGems,Exploit Weakness,"Exploit Weakness (2)Support, Payoff","Support, Payoff",Support,,,,,,,,,,,,,,,,,,,,,,,,,,,Payoff,https://cdn.poe2db.tw/image/Art/2DArt/SkillIcons/Support/ExploitWeaknessSupport.webp,,Other
1788936683-66,https://poe2db.tw/us/Gem#SupportGems,Fan The Flames,"Fan The Flames (2)Support, Attack, AoE, Trigger, Fire","Support, Attack, AoE, Trigger, Fire",Support,,,,,,,,,,Fire,,,,,,,Attack,,,Trigger,AoE,,,,,,,https://cdn.poe2db.tw/image/Art/2DArt/SkillIcons/Support/FanTheFlames.webp,,Other
1788936683-67,https://poe2db.tw/us/Gem#SupportGems,Fire Penetration I,"Fire Penetration I (2)Support, Fire","Support, Fire",Support,,,,,,,,,,Fire,,,,,,,,,,,,,,,,,,https://cdn.poe2db.tw/image/Art/2DArt/SkillIcons/Support/FirePenetrationSupport.webp,fire,Other
1788936683-68,https://poe2db.tw/us/Gem#SupportGems,Fresh Clip I,Fresh Clip I (2)Support,Support,Support,,,,,,,,,,,,,,,,,,,,,,,,,,,,https://cdn.poe2db.tw/image/Art/2DArt/SkillIcons/Support/DamagePerBoltReloadedRecentlySupport.webp,,Other
1788936683-69,https://poe2db.tw/us/Gem#SupportGems,Hardy Totems I,"Hardy Totems I (2)Support, Totem","Support, Totem",Support,,,,,,Totem,,,,,,,,,,,,,,,,,,,,,,https://cdn.poe2db.tw/image/Art/2DArt/SkillIcons/Support/MoreTotemLifeSupport.webp,,Other
1788936683-70,https://poe2db.tw/us/Gem#SupportGems,Herbalism I,"Herbalism I (2)Support, Buff, Persistent","Support, Buff, Persistent",Support,,,,,,,,,,,,,,,,,,,,,,,,Persistent,Buff,,,https://cdn.poe2db.tw/image/Art/2DArt/SkillIcons/Support/HerbalismSupport.webp,,Other
1788936683-71,https://poe2db.tw/us/Gem#SupportGems,Infernal Legion I,"Infernal Legion I (2)Support, Minion, AoE, Fire","Support, Minion, AoE, Fire",Support,,,,,,,,,,Fire,,,,Minion,,,,,,,AoE,,,,,,,https://cdn.poe2db.tw/image/Art/2DArt/SkillIcons/Support/InfernalLegionSupport.webp,,Other
1788936683-72,https://poe2db.tw/us/Gem#SupportGems,Jagged Ground I,"Jagged Ground I (2)Support, Attack, AoE, Melee, Slam, Duration","Support, Attack, AoE, Melee, Slam, Duration",Support,,,,,,,,,,,,,,,Melee,,Attack,,,,AoE,Duration,,,,Slam,,https://cdn.poe2db.tw/image/Art/2DArt/SkillIcons/Support/JaggedGroundSupport.webp,,Other
1788936683-73,https://poe2db.tw/us/Gem#SupportGems,Life Leech I,"Life Leech I (2)Support, Attack, Physical","Support, Attack, Physical",Support,,,,,,,,,,,,Physical,,,,,Attack,,,,,,,,,,,https://cdn.poe2db.tw/image/Art/2DArt/SkillIcons/Support/LifeLeechSupport.webp,,Other
1788936683-74,https://poe2db.tw/us/Gem#SupportGems,Mark for Death,"Mark for Death (2)Support, Mark, Physical","Support, Mark, Physical",Support,,,,,,,,,,,,Physical,,,,,,,,,,,,,,,,https://cdn.poe2db.tw/image/Art/2DArt/SkillIcons/Support/SingleOutSupport.webp,,Other
1788936683-75,https://poe2db.tw/us/Gem#SupportGems,Minion Splash I,"Minion Splash I (2)Support, Attack, Minion, Melee, Strike","Support, Attack, Minion, Melee, Strike",Support,,,,,,,,,,,Strike,,,Minion,Melee,,Attack,,,,,,,,,,,https://cdn.poe2db.tw/image/Art/2DArt/SkillIcons/Support/MinionMeleeSplashSupport.webp,minion,Other
1788936683-76,https://poe2db.tw/us/Gem#SupportGems,Persistent Ground I,Persistent Ground I (2)Support,Support,Support,,,,,,,,,,,,,,,,,,,,,,,,,,,,https://cdn.poe2db.tw/image/Art/2DArt/SkillIcons/Support/DomainSupport.webp,,Other
1788936683-77,https://poe2db.tw/us/Gem#SupportGems,Raging Cry,"Raging Cry (2)Support, Warcry","Support, Warcry",Support,,,,,,,Warcry,,,,,,,,,,,,,,,,,,,,,https://cdn.poe2db.tw/image/Art/2DArt/SkillIcons/Support/RagingCrySupport.webp,,Other
1788936683-78,https://poe2db.tw/us/Gem#SupportGems,Refraction I,"Refraction I (2)Support, Buff, Persistent","Support, Buff, Persistent",Support,,,,,,,,,,,,,,,,,,,,,,,,Persistent,Buff,,,https://cdn.poe2db.tw/image/Art/2DArt/SkillIcons/Support/TemperedValourSupport.webp,,Other
1788936683-79,https://poe2db.tw/us/Gem#SupportGems,Remnant Potency I,"Remnant Potency I (2)Support, Remnant","Support, Remnant",Support,,,,,,,,,,,,,,,,,,,,,,,Remnant,,,,,https://cdn.poe2db.tw/image/Art/2DArt/SkillIcons/Support/InterludeSupport.webp,,Other
1788936683-80,https://poe2db.tw/us/Gem#SupportGems,Retaliate I,"Retaliate I (2)Support, Attack, Melee","Support, Attack, Melee",Support,,,,,,,,,,,,,,,Melee,,Attack,,,,,,,,,,,https://cdn.poe2db.tw/image/Art/2DArt/SkillIcons/Support/SteelyNerveSupport.webp,,Other
1788936683-81,https://poe2db.tw/us/Gem#SupportGems,Selfless Remnants,"Selfless Remnants (2)Support, Remnant","Support, Remnant",Support,,,,,,,,,,,,,,,,,,,,,,,Remnant,,,,,https://cdn.poe2db.tw/image/Art/2DArt/SkillIcons/Support/FigureheadSupport.webp,,Other
1788936683-82,https://poe2db.tw/us/Gem#SupportGems,Short Fuse I,Short Fuse I (2)Support,Support,Support,,,,,,,,,,,,,,,,,,,,,,,,,,,,https://cdn.poe2db.tw/image/Art/2DArt/SkillIcons/Support/ExpediteSupport.webp,,Other
1788936683-83,https://poe2db.tw/us/Gem#SupportGems,Skittering Stone I,"Skittering Stone I (2)Support, Minion, Trigger, Physical, Duration","Support, Minion, Trigger, Physical, Duration",Support,,,,,,,,,,,,Physical,,Minion,,,,,,Trigger,,Duration,,,,,,https://cdn.poe2db.tw/image/Art/2DArt/SkillIcons/Support/SkitteringStone.webp,,Ring
1788936683-84,https://poe2db.tw/us/Gem#SupportGems,Tectonic Slams,"Tectonic Slams (2)Support, Attack, Melee, Slam","Support, Attack, Melee, Slam",Support,,,,,,,,,,,,,,,Melee,,Attack,,,,,,,,,Slam,,https://cdn.poe2db.tw/image/Art/2DArt/SkillIcons/Support/CascadingSlams.webp,,Other
1788936683-85,https://poe2db.tw/us/Gem#SupportGems,Stun I,Stun I (2)Support,Support,Support,,,,,,,,,,,,,,,,,,,,,,,,,,,,https://cdn.poe2db.tw/image/Art/2DArt/SkillIcons/Support/OverpowerSupport.webp,,Other
1788936683-86,https://poe2db.tw/us/Gem#SupportGems,Thornskin I,"Thornskin I (2)Support, Buff, Persistent","Support, Buff, Persistent",Support,,,,,,,,,,,,,,,,,,,,,,,,Persistent,Buff,,,https://cdn.poe2db.tw/image/Art/2DArt/SkillIcons/Support/ThornskinSupport.webp,,Other
1788936683-87,https://poe2db.tw/us/Gem#SupportGems,Urgent Totems I,"Urgent Totems I (2)Support, Totem","Support, Totem",Support,,,,,,Totem,,,,,,,,,,,,,,,,,,,,,,https://cdn.poe2db.tw/image/Art/2DArt/SkillIcons/Support/TotemPlacementSpeedSupport.webp,,Other
1788936683-88,https://poe2db.tw/us/Gem#SupportGems,Vanguard II,Vanguard II (2)Support,Support,Support,,,,,,,,,,,,,,,,,,,,,,,,,,,,https://cdn.poe2db.tw/image/Art/2DArt/SkillIcons/Support/GuardonStunSupport.webp,,Other
1788936683-89,https://poe2db.tw/us/Gem#SupportGems,Volcanic Eruption,"Volcanic Eruption (2)Support, Attack, AoE, Melee, Strike, Projectile, Trigger, Fire","Support, Attack, AoE, Melee, Strike, Projectile, Trigger, Fire",Support,,,,,,,,,Projectile,Fire,Strike,,,,Melee,,Attack,,,Trigger,AoE,,,,,,,https://cdn.poe2db.tw/image/Art/2DArt/SkillIcons/Support/VolcanicEruptionSupport.webp,,Other
1788936683-90,https://poe2db.tw/us/Gem#SupportGems,Armour Break II,"Armour Break II (3)Support, Physical","Support, Physical",Support,,,,,,,,,,,,Physical,,,,,,,,,,,,,,,,https://cdn.poe2db.tw/image/Art/2DArt/SkillIcons/Support/ArmourBreakSupport.webp,,Other
1788936683-91,https://poe2db.tw/us/Gem#SupportGems,Armour Demolisher II,Armour Demolisher II (3)Support,Support,Support,,,,,,,,,,,,,,,,,,,,,,,,,,,,https://cdn.poe2db.tw/image/Art/2DArt/SkillIcons/Support/IncreasedArmourBreakSupport.webp,,Other
1788936683-92,https://poe2db.tw/us/Gem#SupportGems,Barbs I,"Barbs I (3)Support, Attack, Melee, Strike","Support, Attack, Melee, Strike",Support,,,,,,,,,,,Strike,,,,Melee,,Attack,,,,,,,,,,,https://cdn.poe2db.tw/image/Art/2DArt/SkillIcons/Support/BarbsSupport.webp,,Other
1788936683-93,https://poe2db.tw/us/Gem#SupportGems,Behead II,"Behead II (3)Support, Attack, Melee, Strike","Support, Attack, Melee, Strike",Support,,,,,,,,,,,Strike,,,,Melee,,Attack,,,,,,,,,,,https://cdn.poe2db.tw/image/Art/2DArt/SkillIcons/Support/BeheadSupport.webp,,Other
1788936683-94,https://poe2db.tw/us/Gem#SupportGems,Bleed II,"Bleed II (3)Support, Physical","Support, Physical",Support,,,,,,,,,,,,Physical,,,,,,,,,,,,,,,,https://cdn.poe2db.tw/image/Art/2DArt/SkillIcons/Support/ChanceToBleedSupport.webp,,Other
1788936683-95,https://poe2db.tw/us/Gem#SupportGems,Branching Fissures I,Branching Fissures I (3)Support,Support,Support,,,,,,,,,,,,,,,,,,,,,,,,,,,,https://cdn.poe2db.tw/image/Art/2DArt/SkillIcons/Support/BranchingFissuresSupport.webp,,Other
1788936683-96,https://poe2db.tw/us/Gem#SupportGems,Brink II,"Brink II (3)Support, Attack, Melee","Support, Attack, Melee",Support,,,,,,,,,,,,,,,Melee,,Attack,,,,,,,,,,,https://cdn.poe2db.tw/image/Art/2DArt/SkillIcons/Support/BrinkSupport.webp,,Other
1788936683-97,https://poe2db.tw/us/Gem#SupportGems,Cannibalism I,"Cannibalism I (3)Support, Buff, Persistent","Support, Buff, Persistent",Support,,,,,,,,,,,,,,,,,,,,,,,,Persistent,Buff,,,https://cdn.poe2db.tw/image/Art/2DArt/SkillIcons/Support/CannibalismSupport.webp,,Other
1788936683-98,https://poe2db.tw/us/Gem#SupportGems,Clash,"Clash (3)Support, Attack, Melee","Support, Attack, Melee",Support,,,,,,,,,,,,,,,Melee,,Attack,,,,,,,,,,,https://cdn.poe2db.tw/image/Art/2DArt/SkillIcons/Support/ClashSupport.webp,,Other
1788936683-99,https://poe2db.tw/us/Gem#SupportGems,Compressed Duration II,"Compressed Duration II (3)Support, Duration","Support, Duration",Support,,,,,,,,,,,,,,,,,,,,,,Duration,,,,,,https://cdn.poe2db.tw/image/Art/2DArt/SkillIcons/Support/LessDurationSupport.webp,,Other
1788936683-100,https://poe2db.tw/us/Gem#SupportGems,Cool Headed,"Cool Headed (3)Support, Buff, Persistent","Support, Buff, Persistent",Support,,,,,,,,,,,,,,,,,,,,,,,,Persistent,Buff,,,https://cdn.poe2db.tw/image/Art/2DArt/SkillIcons/Support/CoolHeadedSupport.webp,,Other
1788936683-101,https://poe2db.tw/us/Gem#SupportGems,Corrupting Cry I,"Corrupting Cry I (3)Support, Warcry, Trigger, Physical, Duration","Support, Warcry, Trigger, Physical, Duration",Support,,,,,,,Warcry,,,,,Physical,,,,,,,,Trigger,,Duration,,,,,,https://cdn.poe2db.tw/image/Art/2DArt/SkillIcons/Support/CorruptingCrySupport.webp,,Other
1788936683-102,https://poe2db.tw/us/Gem#SupportGems,Deadly Resolve,"Deadly Resolve (3)Support, Attack, AoE, Trigger, Physical, Channelling, Staged","Support, Attack, AoE, Trigger, Physical, Channelling, Staged",Support,,,,,,,,Channelling,,,,Physical,,,,,Attack,,,Trigger,AoE,,,,,,,https://cdn.poe2db.tw/image/Art/2DArt/SkillIcons/Support/DangerousResolveSupport.webp,,Other
1788936683-103,https://poe2db.tw/us/Gem#SupportGems,Searing Flame I,"Searing Flame I (3)Support, Fire","Support, Fire",Support,,,,,,,,,,Fire,,,,,,,,,,,,,,,,,,https://cdn.poe2db.tw/image/Art/2DArt/SkillIcons/Support/SearingFlameSupport.webp,,Ring
1788936683-104,https://poe2db.tw/us/Gem#SupportGems,Deep Cuts I,"Deep Cuts I (3)Support, Physical","Support, Physical",Support,,,,,,,,,,,,Physical,,,,,,,,,,,,,,,,https://cdn.poe2db.tw/image/Art/2DArt/SkillIcons/Support/DeepCutsSupport.webp,,Other
1788936683-105,https://poe2db.tw/us/Gem#SupportGems,Fist of War II,"Fist of War II (3)Support, Attack, Melee, Slam","Support, Attack, Melee, Slam",Support,,,,,,,,,,,,,,,Melee,,Attack,,,,,,,,,Slam,,https://cdn.poe2db.tw/image/Art/2DArt/SkillIcons/Support/FistOfWarSupport.webp,,Other
1788936683-106,https://poe2db.tw/us/Gem#SupportGems,Haemocrystals,"Haemocrystals (3)Support, Attack, AoE, Trigger, Physical","Support, Attack, AoE, Trigger, Physical",Support,,,,,,,,,,,,Physical,,,,,Attack,,,Trigger,AoE,,,,,,,https://cdn.poe2db.tw/image/Art/2DArt/SkillIcons/Support/HaemocrystalsSupport.webp,,Other
1788936683-107,https://poe2db.tw/us/Gem#SupportGems,Eternal Flame II,"Eternal Flame II (3)Support, Fire","Support, Fire",Support,,,,,,,,,,Fire,,,,,,,,,,,,,,,,,,https://cdn.poe2db.tw/image/Art/2DArt/SkillIcons/Support/EternalFlameSupport.webp,,Other
1788936683-108,https://poe2db.tw/us/Gem#SupportGems,Ignite II,"Ignite II (3)Support, Fire","Support, Fire",Support,,,,,,,,,,Fire,,,,,,,,,,,,,,,,,,https://cdn.poe2db.tw/image/Art/2DArt/SkillIcons/Support/IgnitionSupport.webp,,Other
1788936683-109,https://poe2db.tw/us/Gem#SupportGems,Immolate,"Immolate (3)Support, Fire, Payoff","Support, Fire, Payoff",Support,,,,,,,,,,Fire,,,,,,,,,,,,,,,,,Payoff,https://cdn.poe2db.tw/image/Art/2DArt/SkillIcons/Support/ImmolationSupport.webp,,Other
1788936683-110,https://poe2db.tw/us/Gem#SupportGems,Knockback,Knockback (3)Support,Support,Support,,,,,,,,,,,,,,,,,,,,,,,,,,,,https://cdn.poe2db.tw/image/Art/2DArt/SkillIcons/Support/KnockbackSupport.webp,,Other
1788936683-111,https://poe2db.tw/us/Gem#SupportGems,Life Leech II,"Life Leech II (3)Support, Attack, Physical","Support, Attack, Physical",Support,,,,,,,,,,,,Physical,,,,,Attack,,,,,,,,,,,https://cdn.poe2db.tw/image/Art/2DArt/SkillIcons/Support/LifeLeechSupport.webp,,Other
1788936683-112,https://poe2db.tw/us/Gem#SupportGems,Meat Shield II,"Meat Shield II (3)Support, Minion","Support, Minion",Support,,,,,,,,,,,,,,Minion,,,,,,,,,,,,,,https://cdn.poe2db.tw/image/Art/2DArt/SkillIcons/Support/MeatShield.webp,,Shield
1788936683-113,https://poe2db.tw/us/Gem#SupportGems,Persistent Ground II,Persistent Ground II (3)Support,Support,Support,,,,,,,,,,,,,,,,,,,,,,,,,,,,https://cdn.poe2db.tw/image/Art/2DArt/SkillIcons/Support/DomainSupport.webp,,Other
1788936683-114,https://poe2db.tw/us/Gem#SupportGems,Prolonged Duration II,"Prolonged Duration II (3)Support, Duration","Support, Duration",Support,,,,,,,,,,,,,,,,,,,,,,Duration,,,,,,https://cdn.poe2db.tw/image/Art/2DArt/SkillIcons/Support/MoreDurationSupport.webp,,Other
1788936683-115,https://poe2db.tw/us/Gem#SupportGems,Quill Burst,"Quill Burst (3)Support, Attack, AoE, Melee, Trigger, Physical","Support, Attack, AoE, Melee, Trigger, Physical",Support,,,,,,,,,,,,Physical,,,Melee,,Attack,,,Trigger,AoE,,,,,,,https://cdn.poe2db.tw/image/Art/2DArt/SkillIcons/Support/SpikedGauntletsSupport.webp,,Other
1788936683-116,https://poe2db.tw/us/Gem#SupportGems,Refraction II,"Refraction II (3)Support, Buff, Persistent","Support, Buff, Persistent",Support,,,,,,,,,,,,,,,,,,,,,,,,Persistent,Buff,,,https://cdn.poe2db.tw/image/Art/2DArt/SkillIcons/Support/TemperedValourSupport.webp,,Other
1788936683-117,https://poe2db.tw/us/Gem#SupportGems,Reinforced Totems I,"Reinforced Totems I (3)Support, Totem","Support, Totem",Support,,,,,,Totem,,,,,,,,,,,,,,,,,,,,,,https://cdn.poe2db.tw/image/Art/2DArt/SkillIcons/Support/IronwoodSupport.webp,,Other
1788936683-118,https://poe2db.tw/us/Gem#SupportGems,Remnant Potency II,"Remnant Potency II (3)Support, Remnant","Support, Remnant",Support,,,,,,,,,,,,,,,,,,,,,,,Remnant,,,,,https://cdn.poe2db.tw/image/Art/2DArt/SkillIcons/Support/InterludeSupport.webp,,Other
1788936683-119,https://poe2db.tw/us/Gem#SupportGems,Rending Apex,"Rending Apex (3)Support, Attack, Melee, Strike","Support, Attack, Melee, Strike",Support,,,,,,,,,,,Strike,,,,Melee,,Attack,,,,,,,,,,,https://cdn.poe2db.tw/image/Art/2DArt/SkillIcons/Support/ApexBoostSupport.webp,,Other
1788936683-120,https://poe2db.tw/us/Gem#SupportGems,Rip,"Rip (3)Support, Attack, Melee, Physical, Duration, Remnant","Support, Attack, Melee, Physical, Duration, Remnant",Support,,,,,,,,,,,,Physical,,,Melee,,Attack,,,,,Duration,Remnant,,,,,https://cdn.poe2db.tw/image/Art/2DArt/SkillIcons/Support/RipSupport.webp,,Other
1788936683-121,https://poe2db.tw/us/Gem#SupportGems,Rupture,"Rupture (3)Support, Physical","Support, Physical",Support,,,,,,,,,,,,Physical,,,,,,,,,,,,,,,,https://cdn.poe2db.tw/image/Art/2DArt/SkillIcons/Support/RuptureSupport.webp,,Other
1788936683-122,https://poe2db.tw/us/Gem#SupportGems,Splinter Totem I,"Splinter Totem I (3)Support, Totem","Support, Totem",Support,,,,,,Totem,,,,,,,,,,,,,,,,,,,,,,https://cdn.poe2db.tw/image/Art/2DArt/SkillIcons/Support/SplinterTotemSupport.webp,,Other
1788936683-123,https://poe2db.tw/us/Gem#SupportGems,Steadfast II,"Steadfast II (3)Support, Channelling","Support, Channelling",Support,,,,,,,,Channelling,,,,,,,,,,,,,,,,,,,,https://cdn.poe2db.tw/image/Art/2DArt/SkillIcons/Support/ChannellingAilmentThresholdSupport.webp,,Other
1788936683-124,https://poe2db.tw/us/Gem#SupportGems,Stoicism I,Stoicism I (3)Support,Support,Support,,,,,,,,,,,,,,,,,,,,,,,,,,,,https://cdn.poe2db.tw/image/Art/2DArt/SkillIcons/Support/NoFearSupport.webp,,Other
1788936683-125,https://poe2db.tw/us/Gem#SupportGems,Tear,"Tear (3)Support, Attack, Melee, Physical","Support, Attack, Melee, Physical",Support,,,,,,,,,,,,Physical,,,Melee,,Attack,,,,,,,,,,,https://cdn.poe2db.tw/image/Art/2DArt/SkillIcons/Support/TearSupport.webp,,Other
1788936683-126,https://poe2db.tw/us/Gem#SupportGems,Urgent Totems II,"Urgent Totems II (3)Support, Totem","Support, Totem",Support,,,,,,Totem,,,,,,,,,,,,,,,,,,,,,,https://cdn.poe2db.tw/image/Art/2DArt/SkillIcons/Support/TotemPlacementSpeedSupport.webp,,Other
1788936683-127,https://poe2db.tw/us/Gem#SupportGems,Aftershock II,"Aftershock II (4)Support, Attack, Melee, Slam","Support, Attack, Melee, Slam",Support,,,,,,,,,,,,,,,Melee,,Attack,,,,,,,,,Slam,,https://cdn.poe2db.tw/image/Art/2DArt/SkillIcons/Support/AftershockSupport.webp,,Other
1788936683-128,https://poe2db.tw/us/Gem#SupportGems,Ancestral Call I,"Ancestral Call I (4)Support, Attack, Melee, Strike","Support, Attack, Melee, Strike",Support,,,,,,,,,,,Strike,,,,Melee,,Attack,,,,,,,,,,,https://cdn.poe2db.tw/image/Art/2DArt/SkillIcons/Support/AncestralCallSupport.webp,,Other
1788936683-129,https://poe2db.tw/us/Gem#SupportGems,Armour Break III,"Armour Break III (4)Support, Physical","Support, Physical",Support,,,,,,,,,,,,Physical,,,,,,,,,,,,,,,,https://cdn.poe2db.tw/image/Art/2DArt/SkillIcons/Support/ArmourBreakSupport.webp,,Other
1788936683-130,https://poe2db.tw/us/Gem#SupportGems,Cannibalism II,"Cannibalism II (4)Support, Buff, Persistent","Support, Buff, Persistent",Support,,,,,,,,,,,,,,,,,,,,,,,,Persistent,Buff,,,https://cdn.poe2db.tw/image/Art/2DArt/SkillIcons/Support/CannibalismSupport.webp,,Other
1788936683-131,https://poe2db.tw/us/Gem#SupportGems,Concoct II,Concoct II (4)Support,Support,Support,,,,,,,,,,,,,,,,,,,,,,,,,,,,https://cdn.poe2db.tw/image/Art/2DArt/SkillIcons/Support/ConcoctSupport.webp,,Other
1788936683-132,https://poe2db.tw/us/Gem#SupportGems,Searing Flame II,"Searing Flame II (4)Support, Fire","Support, Fire",Support,,,,,,,,,,Fire,,,,,,,,,,,,,,,,,,https://cdn.poe2db.tw/image/Art/2DArt/SkillIcons/Support/SearingFlameSupport.webp,,Ring
1788936683-133,https://poe2db.tw/us/Gem#SupportGems,Direstrike II,"Direstrike II (4)Support, Buff, Persistent","Support, Buff, Persistent",Support,,,,,,,,,,,,,,,,,,,,,,,,Persistent,Buff,,,https://cdn.poe2db.tw/image/Art/2DArt/SkillIcons/Support/DireStrikeSupport.webp,,Other
1788936683-134,https://poe2db.tw/us/Gem#SupportGems,Echoing Cry,"Echoing Cry (4)Support, Warcry, AoE, Conditional","Support, Warcry, AoE, Conditional",Support,,,,Conditional,,,Warcry,,,,,,,,,,,,,,AoE,,,,,,,https://cdn.poe2db.tw/image/Art/2DArt/SkillIcons/Support/EchoingCrySupport.webp,,Other
1788936683-135,https://poe2db.tw/us/Gem#SupportGems,Efficiency II,Efficiency II (4)Support,Support,Support,,,,,,,,,,,,,,,,,,,,,,,,,,,,https://cdn.poe2db.tw/image/Art/2DArt/SkillIcons/Support/Inspiration.webp,,Other
1788936683-136,https://poe2db.tw/us/Gem#SupportGems,Enraged Warcry I,"Enraged Warcry I (4)Support, Warcry","Support, Warcry",Support,,,,,,,Warcry,,,,,,,,,,,,,,,,,,,,,https://cdn.poe2db.tw/image/Art/2DArt/SkillIcons/Support/EnragedWarcrySupport.webp,,Other
1788936683-137,https://poe2db.tw/us/Gem#SupportGems,Execute II,Execute II (4)Support,Support,Support,,,,,,,,,,,,,,,,,,,,,,,,,,,,https://cdn.poe2db.tw/image/Art/2DArt/SkillIcons/Support/ExecuteSupport.webp,,Other
1788936683-138,https://poe2db.tw/us/Gem#SupportGems,Exposing Cry,"Exposing Cry (4)Support, Warcry, Duration","Support, Warcry, Duration",Support,,,,,,,Warcry,,,,,,,,,,,,,,,Duration,,,,,,https://cdn.poe2db.tw/image/Art/2DArt/SkillIcons/Support/ExpositionSupport.webp,,Other
1788936683-139,https://poe2db.tw/us/Gem#SupportGems,Fan The Flames II,"Fan The Flames II (4)Support, Attack, AoE, Trigger, Fire","Support, Attack, AoE, Trigger, Fire",Support,,,,,,,,,,Fire,,,,,,,Attack,,,Trigger,AoE,,,,,,,https://cdn.poe2db.tw/image/Art/2DArt/SkillIcons/Support/FanTheFlames.webp,,Other
1788936683-140,https://poe2db.tw/us/Gem#SupportGems,Fire Exposure,"Fire Exposure (4)Support, Fire, Duration","Support, Fire, Duration",Support,,,,,,,,,,Fire,,,,,,,,,,,,Duration,,,,,,https://cdn.poe2db.tw/image/Art/2DArt/SkillIcons/Support/FireExposureSupport.webp,fire,Other
1788936683-141,https://poe2db.tw/us/Gem#SupportGems,Fresh Clip II,Fresh Clip II (4)Support,Support,Support,,,,,,,,,,,,,,,,,,,,,,,,,,,,https://cdn.poe2db.tw/image/Art/2DArt/SkillIcons/Support/DamagePerBoltReloadedRecentlySupport.webp,,Other
1788936683-142,https://poe2db.tw/us/Gem#SupportGems,Hardy Totems II,"Hardy Totems II (4)Support, Totem","Support, Totem",Support,,,,,,Totem,,,,,,,,,,,,,,,,,,,,,,https://cdn.poe2db.tw/image/Art/2DArt/SkillIcons/Support/MoreTotemLifeSupport.webp,,Other
1788936683-143,https://poe2db.tw/us/Gem#SupportGems,Enduring Impact II,Enduring Impact II (4)Support,Support,Support,,,,,,,,,,,,,,,,,,,,,,,,,,,,https://cdn.poe2db.tw/image/Art/2DArt/SkillIcons/Support/EnduranceOnHeavyStunSupport.webp,,Ring
1788936683-144,https://poe2db.tw/us/Gem#SupportGems,Herbalism II,"Herbalism II (4)Support, Buff, Persistent","Support, Buff, Persistent",Support,,,,,,,,,,,,,,,,,,,,,,,,Persistent,Buff,,,https://cdn.poe2db.tw/image/Art/2DArt/SkillIcons/Support/HerbalismSupport.webp,,Other
1788936683-145,https://poe2db.tw/us/Gem#SupportGems,Eternal Flame III,"Eternal Flame III (4)Support, Fire","Support, Fire",Support,,,,,,,,,,Fire,,,,,,,,,,,,,,,,,,https://cdn.poe2db.tw/image/Art/2DArt/SkillIcons/Support/EternalFlameSupport.webp,,Other
1788936683-146,https://poe2db.tw/us/Gem#SupportGems,Incision,"Incision (4)Support, Attack, Physical","Support, Attack, Physical",Support,,,,,,,,,,,,Physical,,,,,Attack,,,,,,,,,,,https://cdn.poe2db.tw/image/Art/2DArt/SkillIcons/Support/IncisionSupport.webp,,Other
1788936683-147,https://poe2db.tw/us/Gem#SupportGems,Long Fuse I,Long Fuse I (4)Support,Support,Support,,,,,,,,,,,,,,,,,,,,,,,,,,,,https://cdn.poe2db.tw/image/Art/2DArt/SkillIcons/Support/LongFuseSupport.webp,,Other
1788936683-148,https://poe2db.tw/us/Gem#SupportGems,Mark for Death II,"Mark for Death II (4)Support, Mark, Physical","Support, Mark, Physical",Support,,,,,,,,,,,,Physical,,,,,,,,,,,,,,,,https://cdn.poe2db.tw/image/Art/2DArt/SkillIcons/Support/SingleOutSupport.webp,,Other
1788936683-149,https://poe2db.tw/us/Gem#SupportGems,Heavy Swing,"Heavy Swing (4)Support, Attack, Melee, Physical","Support, Attack, Melee, Physical",Support,,,,,,,,,,,,Physical,,,Melee,,Attack,,,,,,,,,,,https://cdn.poe2db.tw/image/Art/2DArt/SkillIcons/Support/MeleePhysicalDamageSupport.webp,,Other
1788936683-150,https://poe2db.tw/us/Gem#SupportGems,Rage II,"Rage II (4)Support, Attack, Melee","Support, Attack, Melee",Support,,,,,,,,,,,,,,,Melee,,Attack,,,,,,,,,,,https://cdn.poe2db.tw/image/Art/2DArt/SkillIcons/Support/RageSupport.webp,,Other
1788936683-151,https://poe2db.tw/us/Gem#SupportGems,Rageforged I,Rageforged I (4)Support,Support,Support,,,,,,,,,,,,,,,,,,,,,,,,,,,,https://cdn.poe2db.tw/image/Art/2DArt/SkillIcons/Support/RageforgedSupport.webp,,Other
1788936683-152,https://poe2db.tw/us/Gem#SupportGems,Remnant Potency III,"Remnant Potency III (4)Support, Remnant","Support, Remnant",Support,,,,,,,,,,,,,,,,,,,,,,,Remnant,,,,,https://cdn.poe2db.tw/image/Art/2DArt/SkillIcons/Support/InterludeSupport.webp,,Other
1788936683-153,https://poe2db.tw/us/Gem#SupportGems,Retaliate II,"Retaliate II (4)Support, Attack, Melee","Support, Attack, Melee",Support,,,,,,,,,,,,,,,Melee,,Attack,,,,,,,,,,,https://cdn.poe2db.tw/image/Art/2DArt/SkillIcons/Support/SteelyNerveSupport.webp,,Other
1788936683-154,https://poe2db.tw/us/Gem#SupportGems,Short Fuse II,Short Fuse II (4)Support,Support,Support,,,,,,,,,,,,,,,,,,,,,,,,,,,,https://cdn.poe2db.tw/image/Art/2DArt/SkillIcons/Support/ExpediteSupport.webp,,Other
1788936683-155,https://poe2db.tw/us/Gem#SupportGems,Skittering Stone II,"Skittering Stone II (4)Support, Minion, Trigger, Physical, Duration","Support, Minion, Trigger, Physical, Duration",Support,,,,,,,,,,,,Physical,,Minion,,,,,,Trigger,,Duration,,,,,,https://cdn.poe2db.tw/image/Art/2DArt/SkillIcons/Support/SkitteringStone.webp,,Ring
1788936683-156,https://poe2db.tw/us/Gem#SupportGems,Stun II,Stun II (4)Support,Support,Support,,,,,,,,,,,,,,,,,,,,,,,,,,,,https://cdn.poe2db.tw/image/Art/2DArt/SkillIcons/Support/OverpowerSupport.webp,,Other
1788936683-157,https://poe2db.tw/us/Gem#SupportGems,Syzygy,"Syzygy (4)Support, Attack, Melee, Slam, Fire","Support, Attack, Melee, Slam, Fire",Support,,,,,,,,,,Fire,,,,,Melee,,Attack,,,,,,,,,Slam,,https://cdn.poe2db.tw/image/Art/2DArt/SkillIcons/Support/SyzygySupport.webp,,Other
1788936683-158,https://poe2db.tw/us/Gem#SupportGems,Thornskin II,"Thornskin II (4)Support, Buff, Persistent","Support, Buff, Persistent",Support,,,,,,,,,,,,,,,,,,,,,,,,Persistent,Buff,,,https://cdn.poe2db.tw/image/Art/2DArt/SkillIcons/Support/ThornskinSupport.webp,,Other
1788936683-159,https://poe2db.tw/us/Gem#SupportGems,Urgent Totems III,"Urgent Totems III (4)Support, Totem","Support, Totem",Support,,,,,,Totem,,,,,,,,,,,,,,,,,,,,,,https://cdn.poe2db.tw/image/Art/2DArt/SkillIcons/Support/TotemPlacementSpeedSupport.webp,,Other
1788936683-160,https://poe2db.tw/us/Gem#SupportGems,Vitality II,"Vitality II (4)Support, Buff, Persistent","Support, Buff, Persistent",Support,,,,,,,,,,,,,,,,,,,,,,,,Persistent,Buff,,,https://cdn.poe2db.tw/image/Art/2DArt/SkillIcons/Support/VitalitySupport.webp,,Other
1788936683-161,https://poe2db.tw/us/Gem#SupportGems,Ancestral Call II,"Ancestral Call II (5)Support, Attack, Melee, Strike","Support, Attack, Melee, Strike",Support,,,,,,,,,,,Strike,,,,Melee,,Attack,,,,,,,,,,,https://cdn.poe2db.tw/image/Art/2DArt/SkillIcons/Support/AncestralCallSupport.webp,,Other
1788936683-162,https://poe2db.tw/us/Gem#SupportGems,Barbs III,"Barbs III (5)Support, Attack, Melee, Strike","Support, Attack, Melee, Strike",Support,,,,,,,,,,,Strike,,,,Melee,,Attack,,,,,,,,,,,https://cdn.poe2db.tw/image/Art/2DArt/SkillIcons/Support/BarbsSupport.webp,,Other
1788936683-163,https://poe2db.tw/us/Gem#SupportGems,Barbs II,"Barbs II (5)Support, Attack, Melee, Strike","Support, Attack, Melee, Strike",Support,,,,,,,,,,,Strike,,,,Melee,,Attack,,,,,,,,,,,https://cdn.poe2db.tw/image/Art/2DArt/SkillIcons/Support/BarbsSupport.webp,,Other
1788936683-164,https://poe2db.tw/us/Gem#SupportGems,Bleed IV,"Bleed IV (5)Support, Physical","Support, Physical",Support,,,,,,,,,,,,Physical,,,,,,,,,,,,,,,,https://cdn.poe2db.tw/image/Art/2DArt/SkillIcons/Support/ChanceToBleedSupport.webp,,Other
1788936683-165,https://poe2db.tw/us/Gem#SupportGems,Bleed III,"Bleed III (5)Support, Physical","Support, Physical",Support,,,,,,,,,,,,Physical,,,,,,,,,,,,,,,,https://cdn.poe2db.tw/image/Art/2DArt/SkillIcons/Support/ChanceToBleedSupport.webp,,Other
1788936683-166,https://poe2db.tw/us/Gem#SupportGems,Brambleslam,"Brambleslam (5)Support, Attack, AoE, Melee, Slam, Trigger, Physical, Hazard, Plant","Support, Attack, AoE, Melee, Slam, Trigger, Physical, Hazard, Plant",Support,,,,,,,,,,,,Physical,,,Melee,,Attack,,,Trigger,AoE,,,,,Slam,,https://cdn.poe2db.tw/image/Art/2DArt/SkillIcons/Support/BriarpatchSupport.webp,,Other
1788936683-167,https://poe2db.tw/us/Gem#SupportGems,Branching Fissures II,Branching Fissures II (5)Support,Support,Support,,,,,,,,,,,,,,,,,,,,,,,,,,,,https://cdn.poe2db.tw/image/Art/2DArt/SkillIcons/Support/BranchingFissuresSupport.webp,,Other
1788936683-168,https://poe2db.tw/us/Gem#SupportGems,Brutality III,"Brutality III (5)Support, Physical","Support, Physical",Support,,,,,,,,,,,,Physical,,,,,,,,,,,,,,,,https://cdn.poe2db.tw/image/Art/2DArt/SkillIcons/Support/BrutalitySupport.webp,,Other
1788936683-169,https://poe2db.tw/us/Gem#SupportGems,Corrupting Cry II,"Corrupting Cry II (5)Support, Warcry, Trigger, Physical, Duration","Support, Warcry, Trigger, Physical, Duration",Support,,,,,,,Warcry,,,,,Physical,,,,,,,,Trigger,,Duration,,,,,,https://cdn.poe2db.tw/image/Art/2DArt/SkillIcons/Support/CorruptingCrySupport.webp,,Other
1788936683-170,https://poe2db.tw/us/Gem#SupportGems,Deep Cuts II,"Deep Cuts II (5)Support, Physical","Support, Physical",Support,,,,,,,,,,,,Physical,,,,,,,,,,,,,,,,https://cdn.poe2db.tw/image/Art/2DArt/SkillIcons/Support/DeepCutsSupport.webp,,Other
1788936683-171,https://poe2db.tw/us/Gem#SupportGems,Defy II,"Defy II (5)Support, Attack","Support, Attack",Support,,,,,,,,,,,,,,,,,Attack,,,,,,,,,,,https://cdn.poe2db.tw/image/Art/2DArt/SkillIcons/Support/DefySupport.webp,,Other
1788936683-172,https://poe2db.tw/us/Gem#SupportGems,Double Barrel III,"Double Barrel III (5)Support, Ammunition, Projectile","Support, Ammunition, Projectile",Support,Ammunition,,,,,,,,Projectile,,,,,,,,,,,,,,,,,,,https://cdn.poe2db.tw/image/Art/2DArt/SkillIcons/Support/DoubleBarrelSupport.webp,,Other
1788936683-173,https://poe2db.tw/us/Gem#SupportGems,Elemental Armament III,"Elemental Armament III (5)Support, Attack","Support, Attack",Support,,,,,,,,,,,,,,,,,Attack,,,,,,,,,,,https://cdn.poe2db.tw/image/Art/2DArt/SkillIcons/Support/WeaponElementalDamageSupport.webp,,Other
1788936683-174,https://poe2db.tw/us/Gem#SupportGems,Enraged Warcry II,"Enraged Warcry II (5)Support, Warcry","Support, Warcry",Support,,,,,,,Warcry,,,,,,,,,,,,,,,,,,,,,https://cdn.poe2db.tw/image/Art/2DArt/SkillIcons/Support/EnragedWarcrySupport.webp,,Other
1788936683-175,https://poe2db.tw/us/Gem#SupportGems,Execute III,Execute III (5)Support,Support,Support,,,,,,,,,,,,,,,,,,,,,,,,,,,,https://cdn.poe2db.tw/image/Art/2DArt/SkillIcons/Support/ExecuteSupport.webp,,Other
1788936683-176,https://poe2db.tw/us/Gem#SupportGems,Fire Penetration II,"Fire Penetration II (5)Support, Fire","Support, Fire",Support,,,,,,,,,,Fire,,,,,,,,,,,,,,,,,,https://cdn.poe2db.tw/image/Art/2DArt/SkillIcons/Support/FirePenetrationSupport.webp,fire,Other
1788936683-177,https://poe2db.tw/us/Gem#SupportGems,Fist of War III,"Fist of War III (5)Support, Attack, Melee, Slam","Support, Attack, Melee, Slam",Support,,,,,,,,,,,,,,,Melee,,Attack,,,,,,,,,Slam,,https://cdn.poe2db.tw/image/Art/2DArt/SkillIcons/Support/FistOfWarSupport.webp,,Other
1788936683-178,https://poe2db.tw/us/Gem#SupportGems,Heft,"Heft (5)Support, Physical","Support, Physical",Support,,,,,,,,,,,,Physical,,,,,,,,,,,,,,,,https://cdn.poe2db.tw/image/Art/2DArt/SkillIcons/Support/HeftSupport.webp,,Other
1788936683-179,https://poe2db.tw/us/Gem#SupportGems,Holy Descent,"Holy Descent (5)Support, AoE, Duration","Support, AoE, Duration",Support,,,,,,,,,,,,,,,,,,,,,AoE,Duration,,,,,,https://cdn.poe2db.tw/image/Art/2DArt/SkillIcons/Support/HolyDescentSupport.webp,,Other
1788936683-180,https://poe2db.tw/us/Gem#SupportGems,Ignite III,"Ignite III (5)Support, Fire","Support, Fire",Support,,,,,,,,,,Fire,,,,,,,,,,,,,,,,,,https://cdn.poe2db.tw/image/Art/2DArt/SkillIcons/Support/IgnitionSupport.webp,,Other
1788936683-181,https://poe2db.tw/us/Gem#SupportGems,Infernal Legion II,"Infernal Legion II (5)Support, Minion, AoE, Fire","Support, Minion, AoE, Fire",Support,,,,,,,,,,Fire,,,,Minion,,,,,,,AoE,,,,,,,https://cdn.poe2db.tw/image/Art/2DArt/SkillIcons/Support/InfernalLegionSupport.webp,,Other
1788936683-182,https://poe2db.tw/us/Gem#SupportGems,Jagged Ground II,"Jagged Ground II (5)Support, Attack, AoE, Melee, Slam, Duration","Support, Attack, AoE, Melee, Slam, Duration",Support,,,,,,,,,,,,,,,Melee,,Attack,,,,AoE,Duration,,,,Slam,,https://cdn.poe2db.tw/image/Art/2DArt/SkillIcons/Support/JaggedGroundSupport.webp,,Other
1788936683-183,https://poe2db.tw/us/Gem#SupportGems,Life Leech III,"Life Leech III (5)Support, Attack, Physical","Support, Attack, Physical",Support,,,,,,,,,,,,Physical,,,,,Attack,,,,,,,,,,,https://cdn.poe2db.tw/image/Art/2DArt/SkillIcons/Support/LifeLeechSupport.webp,,Other
1788936683-184,https://poe2db.tw/us/Gem#SupportGems,Long Fuse II,Long Fuse II (5)Support,Support,Support,,,,,,,,,,,,,,,,,,,,,,,,,,,,https://cdn.poe2db.tw/image/Art/2DArt/SkillIcons/Support/LongFuseSupport.webp,,Other
1788936683-185,https://poe2db.tw/us/Gem#SupportGems,Minion Splash II,"Minion Splash II (5)Support, Attack, Minion, Melee, Strike","Support, Attack, Minion, Melee, Strike",Support,,,,,,,,,,,Strike,,,Minion,Melee,,Attack,,,,,,,,,,,https://cdn.poe2db.tw/image/Art/2DArt/SkillIcons/Support/MinionMeleeSplashSupport.webp,minion,Other
1788936683-186,https://poe2db.tw/us/Gem#SupportGems,Persistent Ground III,Persistent Ground III (5)Support,Support,Support,,,,,,,,,,,,,,,,,,,,,,,,,,,,https://cdn.poe2db.tw/image/Art/2DArt/SkillIcons/Support/DomainSupport.webp,,Other
1788936683-187,https://poe2db.tw/us/Gem#SupportGems,Rage III,"Rage III (5)Support, Attack, Melee","Support, Attack, Melee",Support,,,,,,,,,,,,,,,Melee,,Attack,,,,,,,,,,,https://cdn.poe2db.tw/image/Art/2DArt/SkillIcons/Support/RageSupport.webp,,Other
1788936683-188,https://poe2db.tw/us/Gem#SupportGems,Rageforged II,Rageforged II (5)Support,Support,Support,,,,,,,,,,,,,,,,,,,,,,,,,,,,https://cdn.poe2db.tw/image/Art/2DArt/SkillIcons/Support/RageforgedSupport.webp,,Other
1788936683-189,https://poe2db.tw/us/Gem#SupportGems,Refraction III,"Refraction III (5)Support, Buff, Persistent","Support, Buff, Persistent",Support,,,,,,,,,,,,,,,,,,,,,,,,Persistent,Buff,,,https://cdn.poe2db.tw/image/Art/2DArt/SkillIcons/Support/TemperedValourSupport.webp,,Other
1788936683-190,https://poe2db.tw/us/Gem#SupportGems,Reinforced Totems II,"Reinforced Totems II (5)Support, Totem","Support, Totem",Support,,,,,,Totem,,,,,,,,,,,,,,,,,,,,,,https://cdn.poe2db.tw/image/Art/2DArt/SkillIcons/Support/IronwoodSupport.webp,,Other
1788936683-191,https://poe2db.tw/us/Gem#SupportGems,Splinter Totem II,"Splinter Totem II (5)Support, Totem","Support, Totem",Support,,,,,,Totem,,,,,,,,,,,,,,,,,,,,,,https://cdn.poe2db.tw/image/Art/2DArt/SkillIcons/Support/SplinterTotemSupport.webp,,Other
1788936683-192,https://poe2db.tw/us/Gem#SupportGems,Stoicism II,Stoicism II (5)Support,Support,Support,,,,,,,,,,,,,,,,,,,,,,,,,,,,https://cdn.poe2db.tw/image/Art/2DArt/SkillIcons/Support/NoFearSupport.webp,,Other
1788936683-193,https://poe2db.tw/us/Gem#SupportGems,Stun III,Stun III (5)Support,Support,Support,,,,,,,,,,,,,,,,,,,,,,,,,,,,https://cdn.poe2db.tw/image/Art/2DArt/SkillIcons/Support/OverpowerSupport.webp,,Other
1788936683-194,https://poe2db.tw/us/Gem#SupportGems,Upheaval II,Upheaval II (5)Support,Support,Support,,,,,,,,,,,,,,,,,,,,,,,,,,,,https://cdn.poe2db.tw/image/Art/2DArt/SkillIcons/Support/UpheavalSupport.webp,,Other
1788936683-195,https://poe2db.tw/us/Gem#SupportGems,Ailith's Chimes,"Ailith's Chimes (1)Support, Lineage","Support, Lineage",Support,,,,,,,,,,,,,Lineage,,,,,,,,,,,,,,,https://cdn.poe2db.tw/image/Art/2DItems/Gems/New/NewSupport/Lineage/Monastic.webp,,Other
1788936683-196,https://poe2db.tw/us/Gem#SupportGems,Arjun's Medal,"Arjun's Medal (1)Support, Lineage, Ammunition, Projectile","Support, Lineage, Ammunition, Projectile",Support,Ammunition,,,,,,,,Projectile,,,,Lineage,,,,,,,,,,,,,,,https://cdn.poe2db.tw/image/Art/2DItems/Gems/New/NewSupport/Lineage/AmmoConservation.webp,,Other
1788936683-197,https://poe2db.tw/us/Gem#SupportGems,Arakaali's Lust,"Arakaali's Lust (1)Support, Lineage","Support, Lineage",Support,,,,,,,,,,,,,Lineage,,,,,,,,,,,,,,,https://cdn.poe2db.tw/image/Art/2DItems/Gems/New/NewSupport/Lineage/LineageArakaali.webp,,Other
1788936683-198,https://poe2db.tw/us/Gem#SupportGems,Atziri's Impatience,"Atziri's Impatience (1)Support, Lineage","Support, Lineage",Support,,,,,,,,,,,,,Lineage,,,,,,,,,,,,,,,https://cdn.poe2db.tw/image/Art/2DItems/Gems/New/NewSupport/Lineage/AtziriImpatience.webp,,Other
1788936683-199,https://poe2db.tw/us/Gem#SupportGems,Ratha's Assault,"Ratha's Assault (1)Support, Lineage, Ammunition, Projectile","Support, Lineage, Ammunition, Projectile",Support,Ammunition,,,,,,,,Projectile,,,,Lineage,,,,,,,,,,,,,,,https://cdn.poe2db.tw/image/Art/2DItems/Gems/New/NewSupport/Lineage/Azadian.webp,,Other
1788936683-200,https://poe2db.tw/us/Gem#SupportGems,Dreamer's Knell,"Dreamer's Knell (1)Support, Lineage, Attack, AoE, Melee, Trigger, Duration","Support, Lineage, Attack, AoE, Melee, Trigger, Duration",Support,,,,,,,,,,,,,Lineage,,Melee,,Attack,,,Trigger,AoE,Duration,,,,,,https://cdn.poe2db.tw/image/Art/2DItems/Gems/New/NewSupport/Lineage/LineageDreamer.webp,,Other
1788936683-201,https://poe2db.tw/us/Gem#SupportGems,Murderous Intent,Murderous Intent (1)Support,Support,Support,,,,,,,,,,,,,,,,,,,,,,,,,,,,https://cdn.poe2db.tw/image/Art/2DArt/SkillIcons/Support/EmpoweredCullSupport.webp,,Other
1788936683-202,https://poe2db.tw/us/Gem#SupportGems,Eonyr's Thunder,"Eonyr's Thunder (1)Support, Lineage, Spell, AoE, Trigger, Lightning","Support, Lineage, Spell, AoE, Trigger, Lightning",Support,,,,,,,,,,,,,Lineage,,,Spell,,Lightning,,Trigger,AoE,,,,,,,https://cdn.poe2db.tw/image/Art/2DItems/Gems/New/NewSupport/Lineage/ScaleofEonyr.webp,,Other
1788936683-203,https://poe2db.tw/us/Gem#SupportGems,Ferocity,Ferocity (1)Support,Support,Support,,,,,,,,,,,,,,,,,,,,,,,,,,,,https://cdn.poe2db.tw/image/Art/2DArt/SkillIcons/Support/FerocitySupport.webp,,Other
1788936683-204,https://poe2db.tw/us/Gem#SupportGems,Garukhan's Resolve,"Garukhan's Resolve (1)Support, Lineage, Attack, Conditional","Support, Lineage, Attack, Conditional",Support,,,,Conditional,,,,,,,,,Lineage,,,,Attack,,,,,,,,,,,https://cdn.poe2db.tw/image/Art/2DItems/Gems/New/NewSupport/Lineage/Garukhan.webp,,Other
1788936683-205,https://poe2db.tw/us/Gem#SupportGems,Overabundance III,"Overabundance III (1)Support, Curse","Support, Curse",Support,,,Curse,,,,,,,,,,,,,,,,,,,,,,,,,https://cdn.poe2db.tw/image/Art/2DArt/SkillIcons/Support/IncreaseLimitSupport.webp,,Other
1788936683-206,https://poe2db.tw/us/Gem#SupportGems,Life Bounty,Life Bounty (1)Support,Support,Support,,,,,,,,,,,,,,,,,,,,,,,,,,,,https://cdn.poe2db.tw/image/Art/2DArt/SkillIcons/Support/LifeFlaskSupport.webp,,Other
1788936683-207,https://poe2db.tw/us/Gem#SupportGems,Lockdown,Lockdown (1)Support,Support,Support,,,,,,,,,,,,,,,,,,,,,,,,,,,,https://cdn.poe2db.tw/image/Art/2DArt/SkillIcons/Support/LockdownSupport.webp,,Other
1788936683-208,https://poe2db.tw/us/Gem#SupportGems,Malady,Malady (1)Support,Support,Support,,,,,,,,,,,,,,,,,,,,,,,,,,,,https://cdn.poe2db.tw/image/Art/2DArt/SkillIcons/Support/MaladySupport.webp,,Other
1788936683-209,https://poe2db.tw/us/Gem#SupportGems,Mana Bounty,Mana Bounty (1)Support,Support,Support,,,,,,,,,,,,,,,,,,,,,,,,,,,,https://cdn.poe2db.tw/image/Art/2DArt/SkillIcons/Support/ManaFlaskSupport.webp,,Other
1788936683-210,https://poe2db.tw/us/Gem#SupportGems,Overextend,"Overextend (1)Support, Attack","Support, Attack",Support,,,,,,,,,,,,,,,,,Attack,,,,,,,,,,,https://cdn.poe2db.tw/image/Art/2DArt/SkillIcons/Support/OverextendSupport.webp,,Other
1788936683-211,https://poe2db.tw/us/Gem#SupportGems,Dominus' Grasp,"Dominus' Grasp (1)Support, Lineage, Projectile, Chaining","Support, Lineage, Projectile, Chaining",Support,,Chaining,,,,,,,Projectile,,,,Lineage,,,,,,,,,,,,,,,https://cdn.poe2db.tw/image/Art/2DItems/Gems/New/NewSupport/Lineage/LineageMercy.webp,,Other
1788936683-212,https://poe2db.tw/us/Gem#SupportGems,Rakiata's Flow,"Rakiata's Flow (1)Support, Lineage","Support, Lineage",Support,,,,,,,,,,,,,Lineage,,,,,,,,,,,,,,,https://cdn.poe2db.tw/image/Art/2DItems/Gems/New/NewSupport/Lineage/Rakiata.webp,,Other
1788936683-213,https://poe2db.tw/us/Gem#SupportGems,Rigwald's Ferocity,"Rigwald's Ferocity (1)Support, Lineage, Attack","Support, Lineage, Attack",Support,,,,,,,,,,,,,Lineage,,,,Attack,,,,,,,,,,,https://cdn.poe2db.tw/image/Art/2DItems/Gems/New/NewSupport/Lineage/Rigwald.webp,,Other
1788936683-214,https://poe2db.tw/us/Gem#SupportGems,Stormchain,"Stormchain (1)Support, Projectile, Lightning, Chaining","Support, Projectile, Lightning, Chaining",Support,,Chaining,,,,,,,Projectile,,,,,,,,,Lightning,,,,,,,,,,https://cdn.poe2db.tw/image/Art/2DArt/SkillIcons/Support/StormchainSupport.webp,,Other
1788936683-215,https://poe2db.tw/us/Gem#SupportGems,Tacati's Ire,"Tacati's Ire (1)Support, Lineage, Chaos","Support, Lineage, Chaos",Support,,,,,Chaos,,,,,,,,Lineage,,,,,,,,,,,,,,,https://cdn.poe2db.tw/image/Art/2DItems/Gems/New/NewSupport/Lineage/LineageTacati.webp,,Other
1788936683-216,https://poe2db.tw/us/Gem#SupportGems,Tasalio's Rhythm,"Tasalio's Rhythm (1)Support, Lineage","Support, Lineage",Support,,,,,,,,,,,,,Lineage,,,,,,,,,,,,,,,https://cdn.poe2db.tw/image/Art/2DItems/Gems/New/NewSupport/Lineage/LineageTasalio.webp,,Other
1788936683-217,https://poe2db.tw/us/Gem#SupportGems,Ricochet III,"Ricochet III (1)Support, Projectile","Support, Projectile",Support,,,,,,,,,Projectile,,,,,,,,,,,,,,,,,,,https://cdn.poe2db.tw/image/Art/2DArt/SkillIcons/Support/TerrainChainSupport.webp,,Other
1788936683-218,https://poe2db.tw/us/Gem#SupportGems,Tul's Stillness,"Tul's Stillness (1)Support, Lineage, Cold, Chaos","Support, Lineage, Cold, Chaos",Support,,,,,Chaos,,,,,,,,Lineage,,,,,,Cold,,,,,,,,,https://cdn.poe2db.tw/image/Art/2DItems/Gems/New/NewSupport/Lineage/LineageTul.webp,,Other
1788936683-219,https://poe2db.tw/us/Gem#SupportGems,Lightning Attunement,"Lightning Attunement (1)Support, Lightning","Support, Lightning",Support,,,,,,,,,,,,,,,,,,Lightning,,,,,,,,,,https://cdn.poe2db.tw/image/Art/2DArt/SkillIcons/Support/AddedLightningDamageSupport.webp,lightning,Other
1788936683-220,https://poe2db.tw/us/Gem#SupportGems,Blindside,Blindside (1)Support,Support,Support,,,,,,,,,,,,,,,,,,,,,,,,,,,,https://cdn.poe2db.tw/image/Art/2DArt/SkillIcons/Support/BlindsideSupport.webp,,Other
1788936683-221,https://poe2db.tw/us/Gem#SupportGems,Chain I,"Chain I (1)Support, Projectile, Chaining","Support, Projectile, Chaining",Support,,Chaining,,,,,,,Projectile,,,,,,,,,,,,,,,,,,,https://cdn.poe2db.tw/image/Art/2DArt/SkillIcons/Support/ChainSupport.webp,,Other
1788936683-222,https://poe2db.tw/us/Gem#SupportGems,Charge Profusion I,Charge Profusion I (1)Support,Support,Support,,,,,,,,,,,,,,,,,,,,,,,,,,,,https://cdn.poe2db.tw/image/Art/2DArt/SkillIcons/Support/MultipleChargesSupport.webp,,Other
1788936683-223,https://poe2db.tw/us/Gem#SupportGems,Combo Finisher I,"Combo Finisher I (1)Support, Attack, Melee, Strike, Conditional","Support, Attack, Melee, Strike, Conditional",Support,,,,Conditional,,,,,,,Strike,,,,Melee,,Attack,,,,,,,,,,,https://cdn.poe2db.tw/image/Art/2DArt/SkillIcons/Support/ComboFinisherSupport.webp,,Other
1788936683-224,https://poe2db.tw/us/Gem#SupportGems,Corrosion,"Corrosion (1)Support, Physical, Chaos","Support, Physical, Chaos",Support,,,,,Chaos,,,,,,,Physical,,,,,,,,,,,,,,,,https://cdn.poe2db.tw/image/Art/2DArt/SkillIcons/Support/CorrosionSupport.webp,,Other
1788936683-225,https://poe2db.tw/us/Gem#SupportGems,Escalating Poison,"Escalating Poison (1)Support, Chaos","Support, Chaos",Support,,,,,Chaos,,,,,,,,,,,,,,,,,,,,,,,https://cdn.poe2db.tw/image/Art/2DArt/SkillIcons/Support/MultiplePoisonSupport.webp,,Other
1788936683-226,https://poe2db.tw/us/Gem#SupportGems,Heightened Accuracy I,"Heightened Accuracy I (1)Support, Attack","Support, Attack",Support,,,,,,,,,,,,,,,,,Attack,,,,,,,,,,,https://cdn.poe2db.tw/image/Art/2DArt/SkillIcons/Support/AdditionalAccuracy.webp,,Other
1788936683-227,https://poe2db.tw/us/Gem#SupportGems,Overabundance I,Overabundance I (1)Support,Support,Support,,,,,,,,,,,,,,,,,,,,,,,,,,,,https://cdn.poe2db.tw/image/Art/2DArt/SkillIcons/Support/IncreaseLimitSupport.webp,,Other
1788936683-228,https://poe2db.tw/us/Gem#SupportGems,Innervate,"Innervate (1)Support, Lightning, Duration","Support, Lightning, Duration",Support,,,,,,,,,,,,,,,,,,Lightning,,,,Duration,,,,,,https://cdn.poe2db.tw/image/Art/2DArt/SkillIcons/Support/Innervate.webp,,Other
1788936683-229,https://poe2db.tw/us/Gem#SupportGems,Life Drain,Life Drain (1)Support,Support,Support,,,,,,,,,,,,,,,,,,,,,,,,,,,,https://cdn.poe2db.tw/image/Art/2DArt/SkillIcons/Support/LifeOnCull.webp,,Other
1788936683-230,https://poe2db.tw/us/Gem#SupportGems,Multishot I,"Multishot I (1)Support, Projectile","Support, Projectile",Support,,,,,,,,,Projectile,,,,,,,,,,,,,,,,,,,https://cdn.poe2db.tw/image/Art/2DArt/SkillIcons/Support/MultipleProjectilesSupport.webp,,Other
1788936683-231,https://poe2db.tw/us/Gem#SupportGems,Pierce I,"Pierce I (1)Support, Projectile","Support, Projectile",Support,,,,,,,,,Projectile,,,,,,,,,,,,,,,,,,,https://cdn.poe2db.tw/image/Art/2DArt/SkillIcons/Support/PierceSupport.webp,,Other
1788936683-232,https://poe2db.tw/us/Gem#SupportGems,Pin I,"Pin I (1)Support, Physical","Support, Physical",Support,,,,,,,,,,,,Physical,,,,,,,,,,,,,,,,https://cdn.poe2db.tw/image/Art/2DArt/SkillIcons/Support/PinSupport.webp,,Other
1788936683-233,https://poe2db.tw/us/Gem#SupportGems,Poison I,"Poison I (1)Support, Chaos","Support, Chaos",Support,,,,,Chaos,,,,,,,,,,,,,,,,,,,,,,,https://cdn.poe2db.tw/image/Art/2DArt/SkillIcons/Support/ChanceToPoisonSupport.webp,,Other
1788936683-234,https://poe2db.tw/us/Gem#SupportGems,Precision I,"Precision I (1)Support, Buff, Persistent","Support, Buff, Persistent",Support,,,,,,,,,,,,,,,,,,,,,,,,Persistent,Buff,,,https://cdn.poe2db.tw/image/Art/2DArt/SkillIcons/Support/PrecisionSupport.webp,,Other
1788936683-235,https://poe2db.tw/us/Gem#SupportGems,Projectile Acceleration I,"Projectile Acceleration I (1)Support, Projectile","Support, Projectile",Support,,,,,,,,,Projectile,,,,,,,,,,,,,,,,,,,https://cdn.poe2db.tw/image/Art/2DArt/SkillIcons/Support/FasterProjectilesSupport.webp,,Other
1788936683-236,https://poe2db.tw/us/Gem#SupportGems,Projectile Deceleration I,"Projectile Deceleration I (1)Support, Projectile","Support, Projectile",Support,,,,,,,,,Projectile,,,,,,,,,,,,,,,,,,,https://cdn.poe2db.tw/image/Art/2DArt/SkillIcons/Support/SlowerProjectilesSupport.webp,,Other
1788936683-237,https://poe2db.tw/us/Gem#SupportGems,Pursuit I,"Pursuit I (1)Support, Attack, Melee","Support, Attack, Melee",Support,,,,,,,,,,,,,,,Melee,,Attack,,,,,,,,,,,https://cdn.poe2db.tw/image/Art/2DArt/SkillIcons/Support/PursuitSupport.webp,,Other
1788936683-238,https://poe2db.tw/us/Gem#SupportGems,Rapid Attacks I,"Rapid Attacks I (1)Support, Attack","Support, Attack",Support,,,,,,,,,,,,,,,,,Attack,,,,,,,,,,,https://cdn.poe2db.tw/image/Art/2DArt/SkillIcons/Support/FasterAttack.webp,attack,Other
1788936683-239,https://poe2db.tw/us/Gem#SupportGems,Retreat I,"Retreat I (1)Support, Projectile","Support, Projectile",Support,,,,,,,,,Projectile,,,,,,,,,,,,,,,,,,,https://cdn.poe2db.tw/image/Art/2DArt/SkillIcons/Support/RetreatingAssaultSupport.webp,,Other
1788936683-240,https://poe2db.tw/us/Gem#SupportGems,Shock,"Shock (1)Support, Lightning","Support, Lightning",Support,,,,,,,,,,,,,,,,,,Lightning,,,,,,,,,,https://cdn.poe2db.tw/image/Art/2DArt/SkillIcons/Support/ConductionSupport.webp,,Other
1788936683-241,https://poe2db.tw/us/Gem#SupportGems,Slow Potency,"Slow Potency (1)Support, Spell","Support, Spell",Support,,,,,,,,,,,,,,,,Spell,,,,,,,,,,,,https://cdn.poe2db.tw/image/Art/2DArt/SkillIcons/Support/EncumberanceSupport.webp,,Other
1788936683-242,https://poe2db.tw/us/Gem#SupportGems,Swift Affliction I,"Swift Affliction I (1)Support, Duration","Support, Duration",Support,,,,,,,,,,,,,,,,,,,,,,Duration,,,,,,https://cdn.poe2db.tw/image/Art/2DArt/SkillIcons/Support/SwiftAfflictionSupport.webp,,Other
1788936683-243,https://poe2db.tw/us/Gem#SupportGems,Window of Opportunity I,"Window of Opportunity I (1)Support, Channelling","Support, Channelling",Support,,,,,,,,Channelling,,,,,,,,,,,,,,,,,,,,https://cdn.poe2db.tw/image/Art/2DArt/SkillIcons/Support/WindowOfOpportunitySupport.webp,,Other
1788936683-244,https://poe2db.tw/us/Gem#SupportGems,Adhesive Grenades I,"Adhesive Grenades I (2)Support, Grenade","Support, Grenade",Support,,,,,,,,,,,,,,,,,,,,,,,,,,,,https://cdn.poe2db.tw/image/Art/2DArt/SkillIcons/Support/StickyBombSupport.webp,,Other
1788936683-245,https://poe2db.tw/us/Gem#SupportGems,Admixture,"Admixture (2)Support, Physical, Chaos","Support, Physical, Chaos",Support,,,,,Chaos,,,,,,,Physical,,,,,,,,,,,,,,,,https://cdn.poe2db.tw/image/Art/2DArt/SkillIcons/Support/MixedMaladiesSupport.webp,,Other
1788936683-246,https://poe2db.tw/us/Gem#SupportGems,Ammo Conservation I,"Ammo Conservation I (2)Support, Ammunition, Projectile","Support, Ammunition, Projectile",Support,Ammunition,,,,,,,,Projectile,,,,,,,,,,,,,,,,,,,https://cdn.poe2db.tw/image/Art/2DArt/SkillIcons/Support/ChanceToNotConsumeAmmoSupport.webp,,Other
1788936683-247,https://poe2db.tw/us/Gem#SupportGems,Blind I,Blind I (2)Support,Support,Support,,,,,,,,,,,,,,,,,,,,,,,,,,,,https://cdn.poe2db.tw/image/Art/2DArt/SkillIcons/Support/BlindSupport.webp,,Other
1788936683-248,https://poe2db.tw/us/Gem#SupportGems,Bounty I,Bounty I (2)Support,Support,Support,,,,,,,,,,,,,,,,,,,,,,,,,,,,https://cdn.poe2db.tw/image/Art/2DArt/SkillIcons/Support/LifeFlaskSupport.webp,,Other
1788936683-249,https://poe2db.tw/us/Gem#SupportGems,Cadence,"Cadence (2)Support, Attack","Support, Attack",Support,,,,,,,,,,,,,,,,,Attack,,,,,,,,,,,https://cdn.poe2db.tw/image/Art/2DArt/SkillIcons/Support/MeasuredSpeedSupport.webp,,Other
1788936683-250,https://poe2db.tw/us/Gem#SupportGems,Chain II,"Chain II (2)Support, Projectile, Chaining","Support, Projectile, Chaining",Support,,Chaining,,,,,,,Projectile,,,,,,,,,,,,,,,,,,,https://cdn.poe2db.tw/image/Art/2DArt/SkillIcons/Support/ChainSupport.webp,,Other
1788936683-251,https://poe2db.tw/us/Gem#SupportGems,Inhibitor,"Inhibitor (2)Support, Spell","Support, Spell",Support,,,,,,,,,,,,,,,,Spell,,,,,,,,,,,,https://cdn.poe2db.tw/image/Art/2DArt/SkillIcons/Support/InhibitorSupport.webp,,Other
1788936683-252,https://poe2db.tw/us/Gem#SupportGems,Commiserate,Commiserate (2)Support,Support,Support,,,,,,,,,,,,,,,,,,,,,,,,,,,,https://cdn.poe2db.tw/image/Art/2DArt/SkillIcons/Support/CommiserateSupport.webp,,Other
1788936683-253,https://poe2db.tw/us/Gem#SupportGems,Deadly Poison I,"Deadly Poison I (2)Support, Chaos","Support, Chaos",Support,,,,,Chaos,,,,,,,,,,,,,,,,,,,,,,,https://cdn.poe2db.tw/image/Art/2DArt/SkillIcons/Support/DeadlyPoisonSupport.webp,,Other
1788936683-254,https://poe2db.tw/us/Gem#SupportGems,Delayed Gratification,Delayed Gratification (2)Support,Support,Support,,,,,,,,,,,,,,,,,,,,,,,,,,,,https://cdn.poe2db.tw/image/Art/2DArt/SkillIcons/Support/AdversitySupport.webp,,Other
1788936683-255,https://poe2db.tw/us/Gem#SupportGems,Durability,Durability (2)Support,Support,Support,,,,,,,,,,,,,,,,,,,,,,,,,,,,https://cdn.poe2db.tw/image/Art/2DArt/SkillIcons/Support/DurabilitySupport.webp,,Other
1788936683-256,https://poe2db.tw/us/Gem#SupportGems,Electrocute,"Electrocute (2)Support, Lightning","Support, Lightning",Support,,,,,,,,,,,,,,,,,,Lightning,,,,,,,,,,https://cdn.poe2db.tw/image/Art/2DArt/SkillIcons/Support/ElectrocuteSupport.webp,,Other
1788936683-257,https://poe2db.tw/us/Gem#SupportGems,Longshot I,"Longshot I (2)Support, Attack","Support, Attack",Support,,,,,,,,,,,,,,,,,Attack,,,,,,,,,,,https://cdn.poe2db.tw/image/Art/2DArt/SkillIcons/Support/FarCombatSupport.webp,,Other
1788936683-258,https://poe2db.tw/us/Gem#SupportGems,Frenzied Riposte,"Frenzied Riposte (2)Support, Attack","Support, Attack",Support,,,,,,,,,,,,,,,,,Attack,,,,,,,,,,,https://cdn.poe2db.tw/image/Art/2DArt/SkillIcons/Support/RetortSupport.webp,,Other
1788936683-259,https://poe2db.tw/us/Gem#SupportGems,Frozen Spite,"Frozen Spite (2)Support, AoE, Projectile, Trigger, Cold","Support, AoE, Projectile, Trigger, Cold",Support,,,,,,,,,Projectile,,,,,,,,,,Cold,Trigger,AoE,,,,,,,https://cdn.poe2db.tw/image/Art/2DArt/SkillIcons/Support/FrozenSpiteSupport.webp,,Other
1788936683-260,https://poe2db.tw/us/Gem#SupportGems,Heightened Charges,Heightened Charges (2)Support,Support,Support,,,,,,,,,,,,,,,,,,,,,,,,,,,,https://cdn.poe2db.tw/image/Art/2DArt/SkillIcons/Support/PotencySupport.webp,,Other
1788936683-261,https://poe2db.tw/us/Gem#SupportGems,Lasting Shock,"Lasting Shock (2)Support, Lightning","Support, Lightning",Support,,,,,,,,,,,,,,,,,,Lightning,,,,,,,,,,https://cdn.poe2db.tw/image/Art/2DArt/SkillIcons/Support/LastingShockSupport.webp,,Other
1788936683-262,https://poe2db.tw/us/Gem#SupportGems,Lightning Penetration,"Lightning Penetration (2)Support, Lightning","Support, Lightning",Support,,,,,,,,,,,,,,,,,,Lightning,,,,,,,,,,https://cdn.poe2db.tw/image/Art/2DArt/SkillIcons/Support/LightningPenetrationSupport.webp,lightning,Other
1788936683-263,https://poe2db.tw/us/Gem#SupportGems,Maim,"Maim (2)Support, Attack","Support, Attack",Support,,,,,,,,,,,,,,,,,Attack,,,,,,,,,,,https://cdn.poe2db.tw/image/Art/2DArt/SkillIcons/Support/MaimSupport.webp,,Other
1788936683-264,https://poe2db.tw/us/Gem#SupportGems,Momentum,Momentum (2)Support,Support,Support,,,,,,,,,,,,,,,,,,,,,,,,,,,,https://cdn.poe2db.tw/image/Art/2DArt/SkillIcons/Support/MomentumSupport.webp,,Other
1788936683-265,https://poe2db.tw/us/Gem#SupportGems,Multishot II,"Multishot II (2)Support, Projectile","Support, Projectile",Support,,,,,,,,,Projectile,,,,,,,,,,,,,,,,,,,https://cdn.poe2db.tw/image/Art/2DArt/SkillIcons/Support/MultipleProjectilesSupport.webp,,Other
1788936683-266,https://poe2db.tw/us/Gem#SupportGems,Nova Projectiles I,"Nova Projectiles I (2)Support, Projectile","Support, Projectile",Support,,,,,,,,,Projectile,,,,,,,,,,,,,,,,,,,https://cdn.poe2db.tw/image/Art/2DArt/SkillIcons/Support/NovaProjectilesSupport.webp,,Other
1788936683-267,https://poe2db.tw/us/Gem#SupportGems,Overreach,"Overreach (2)Support, Attack, AoE","Support, Attack, AoE",Support,,,,,,,,,,,,,,,,,Attack,,,,AoE,,,,,,,https://cdn.poe2db.tw/image/Art/2DArt/SkillIcons/Support/ReachSupport.webp,,Other
1788936683-268,https://poe2db.tw/us/Gem#SupportGems,Pin II,"Pin II (2)Support, Physical","Support, Physical",Support,,,,,,,,,,,,Physical,,,,,,,,,,,,,,,,https://cdn.poe2db.tw/image/Art/2DArt/SkillIcons/Support/PinSupport.webp,,Other
1788936683-269,https://poe2db.tw/us/Gem#SupportGems,Second Wind I,Second Wind I (2)Support,Support,Support,,,,,,,,,,,,,,,,,,,,,,,,,,,,https://cdn.poe2db.tw/image/Art/2DArt/SkillIcons/Support/SecondWindSupport.webp,,Other
1788936683-270,https://poe2db.tw/us/Gem#SupportGems,Shocking Leap,"Shocking Leap (2)Support, AoE, Duration","Support, AoE, Duration",Support,,,,,,,,,,,,,,,,,,,,,AoE,Duration,,,,,,https://cdn.poe2db.tw/image/Art/2DArt/SkillIcons/Support/ShockingLeapSupport.webp,,Other
1788936683-271,https://poe2db.tw/us/Gem#SupportGems,Bursting Plague,"Bursting Plague (2)Support, AoE, Trigger, Physical, Chaos","Support, AoE, Trigger, Physical, Chaos",Support,,,,,Chaos,,,,,,,Physical,,,,,,,,Trigger,AoE,,,,,,,https://cdn.poe2db.tw/image/Art/2DArt/SkillIcons/Support/BurstingPlagueSupport.webp,,Other
1788936683-272,https://poe2db.tw/us/Gem#SupportGems,Ricochet I,"Ricochet I (2)Support, Projectile","Support, Projectile",Support,,,,,,,,,Projectile,,,,,,,,,,,,,,,,,,,https://cdn.poe2db.tw/image/Art/2DArt/SkillIcons/Support/TerrainChainSupport.webp,,Other
1788936683-273,https://poe2db.tw/us/Gem#SupportGems,Volt,"Volt (2)Support, Attack, Projectile, Lightning","Support, Attack, Projectile, Lightning",Support,,,,,,,,,Projectile,,,,,,,,Attack,Lightning,,,,,,,,,,https://cdn.poe2db.tw/image/Art/2DArt/SkillIcons/Support/VoltSupport.webp,,Other
1788936683-274,https://poe2db.tw/us/Gem#SupportGems,Adhesive Grenades II,"Adhesive Grenades II (3)Support, Grenade","Support, Grenade",Support,,,,,,,,,,,,,,,,,,,,,,,,,,,,https://cdn.poe2db.tw/image/Art/2DArt/SkillIcons/Support/StickyBombSupport.webp,,Other
1788936683-275,https://poe2db.tw/us/Gem#SupportGems,Alignment I,"Alignment I (3)Support, Attack, Projectile","Support, Attack, Projectile",Support,,,,,,,,,Projectile,,,,,,,,Attack,,,,,,,,,,,https://cdn.poe2db.tw/image/Art/2DArt/SkillIcons/Support/AlignmentSupport.webp,,Other
1788936683-276,https://poe2db.tw/us/Gem#SupportGems,Caltrops,"Caltrops (3)Support, Attack, AoE, Projectile, Trigger, Duration, Hazard","Support, Attack, AoE, Projectile, Trigger, Duration, Hazard",Support,,,,,,,,,Projectile,,,,,,,,Attack,,,Trigger,AoE,Duration,,,,,,https://cdn.poe2db.tw/image/Art/2DArt/SkillIcons/Support/CaltropsSupport.webp,,Other
1788936683-277,https://poe2db.tw/us/Gem#SupportGems,Charged Shots I,"Charged Shots I (3)Support, Attack, Projectile","Support, Attack, Projectile",Support,,,,,,,,,Projectile,,,,,,,,Attack,,,,,,,,,,,https://cdn.poe2db.tw/image/Art/2DArt/SkillIcons/Support/ChargedShotsSupport.webp,,Other
1788936683-278,https://poe2db.tw/us/Gem#SupportGems,Close Combat I,"Close Combat I (3)Support, Attack","Support, Attack",Support,,,,,,,,,,,,,,,,,Attack,,,,,,,,,,,https://cdn.poe2db.tw/image/Art/2DArt/SkillIcons/Support/CloseCombatSupport.webp,,Other
1788936683-279,https://poe2db.tw/us/Gem#SupportGems,Combo Finisher II,"Combo Finisher II (3)Support, Attack, Melee, Strike, Conditional","Support, Attack, Melee, Strike, Conditional",Support,,,,Conditional,,,,,,,Strike,,,,Melee,,Attack,,,,,,,,,,,https://cdn.poe2db.tw/image/Art/2DArt/SkillIcons/Support/ComboFinisherSupport.webp,,Other
1788936683-280,https://poe2db.tw/us/Gem#SupportGems,Cooldown Recovery I,Cooldown Recovery I (3)Support,Support,Support,,,,,,,,,,,,,,,,,,,,,,,,,,,,https://cdn.poe2db.tw/image/Art/2DArt/SkillIcons/Support/CooldownReductionSupport.webp,,Other
1788936683-281,https://poe2db.tw/us/Gem#SupportGems,Culmination I,"Culmination I (3)Support, Attack, Melee, Conditional","Support, Attack, Melee, Conditional",Support,,,,Conditional,,,,,,,,,,,Melee,,Attack,,,,,,,,,,,https://cdn.poe2db.tw/image/Art/2DArt/SkillIcons/Support/CulminationSupport.webp,,Other
1788936683-282,https://poe2db.tw/us/Gem#SupportGems,Deadly Herald,"Deadly Herald (3)Support, Herald","Support, Herald",Support,,,,,,,,,,,,,,,,,,,,,,,,,,,,https://cdn.poe2db.tw/image/Art/2DArt/SkillIcons/Support/DeadlyHeraldsSupport.webp,,Other
1788936683-283,https://poe2db.tw/us/Gem#SupportGems,Deliberation,Deliberation (3)Support,Support,Support,,,,,,,,,,,,,,,,,,,,,,,,,,,,https://cdn.poe2db.tw/image/Art/2DArt/SkillIcons/Support/CessationSupport.webp,,Other
1788936683-284,https://poe2db.tw/us/Gem#SupportGems,Longshot II,"Longshot II (3)Support, Attack","Support, Attack",Support,,,,,,,,,,,,,,,,,Attack,,,,,,,,,,,https://cdn.poe2db.tw/image/Art/2DArt/SkillIcons/Support/FarCombatSupport.webp,,Other
1788936683-285,https://poe2db.tw/us/Gem#SupportGems,Fork,"Fork (3)Support, Projectile","Support, Projectile",Support,,,,,,,,,Projectile,,,,,,,,,,,,,,,,,,,https://cdn.poe2db.tw/image/Art/2DArt/SkillIcons/Support/ForkSupport.webp,,Other
1788936683-286,https://poe2db.tw/us/Gem#SupportGems,Heightened Accuracy II,"Heightened Accuracy II (3)Support, Attack","Support, Attack",Support,,,,,,,,,,,,,,,,,Attack,,,,,,,,,,,https://cdn.poe2db.tw/image/Art/2DArt/SkillIcons/Support/AdditionalAccuracy.webp,,Other
1788936683-287,https://poe2db.tw/us/Gem#SupportGems,Soul Drain,Soul Drain (3)Support,Support,Support,,,,,,,,,,,,,,,,,,,,,,,,,,,,https://cdn.poe2db.tw/image/Art/2DArt/SkillIcons/Support/ManaOnCull.webp,,Other
1788936683-288,https://poe2db.tw/us/Gem#SupportGems,Mobility,Mobility (3)Support,Support,Support,,,,,,,,,,,,,,,,,,,,,,,,,,,,https://cdn.poe2db.tw/image/Art/2DArt/SkillIcons/Support/MobilitySupport.webp,,Other
1788936683-289,https://poe2db.tw/us/Gem#SupportGems,Neural Overload,"Neural Overload (3)Support, Lightning","Support, Lightning",Support,,,,,,,,,,,,,,,,,,Lightning,,,,,,,,,,https://cdn.poe2db.tw/image/Art/2DArt/SkillIcons/Support/NeuralOverloadSupport.webp,,Other
1788936683-290,https://poe2db.tw/us/Gem#SupportGems,Pierce II,"Pierce II (3)Support, Projectile","Support, Projectile",Support,,,,,,,,,Projectile,,,,,,,,,,,,,,,,,,,https://cdn.poe2db.tw/image/Art/2DArt/SkillIcons/Support/PierceSupport.webp,,Other
1788936683-291,https://poe2db.tw/us/Gem#SupportGems,Poison Spores,"Poison Spores (3)Support, Attack, Buff, AoE, Trigger, Physical, Chaos, Duration, Plant","Support, Attack, Buff, AoE, Trigger, Physical, Chaos, Duration, Plant",Support,,,,,Chaos,,,,,,,Physical,,,,,Attack,,,Trigger,AoE,Duration,,,Buff,,,https://cdn.poe2db.tw/image/Art/2DArt/SkillIcons/Support/PoisonSporesSupport.webp,,Other
1788936683-292,https://poe2db.tw/us/Gem#SupportGems,Poison II,"Poison II (3)Support, Chaos","Support, Chaos",Support,,,,,Chaos,,,,,,,,,,,,,,,,,,,,,,,https://cdn.poe2db.tw/image/Art/2DArt/SkillIcons/Support/ChanceToPoisonSupport.webp,,Other
1788936683-293,https://poe2db.tw/us/Gem#SupportGems,Practiced Combo,"Practiced Combo (3)Support, Attack, Melee, Strike","Support, Attack, Melee, Strike",Support,,,,,,,,,,,Strike,,,,Melee,,Attack,,,,,,,,,,,https://cdn.poe2db.tw/image/Art/2DArt/SkillIcons/Support/PracticedComboSupport.webp,,Other
1788936683-294,https://poe2db.tw/us/Gem#SupportGems,Projectile Deceleration II,"Projectile Deceleration II (3)Support, Projectile","Support, Projectile",Support,,,,,,,,,Projectile,,,,,,,,,,,,,,,,,,,https://cdn.poe2db.tw/image/Art/2DArt/SkillIcons/Support/SlowerProjectilesSupport.webp,,Other
1788936683-295,https://poe2db.tw/us/Gem#SupportGems,Punch Through,"Punch Through (3)Support, Attack, Melee","Support, Attack, Melee",Support,,,,,,,,,,,,,,,Melee,,Attack,,,,,,,,,,,https://cdn.poe2db.tw/image/Art/2DArt/SkillIcons/Support/PunchThroughSupport.webp,,Other
1788936683-296,https://poe2db.tw/us/Gem#SupportGems,Pursuit II,"Pursuit II (3)Support, Attack, Melee","Support, Attack, Melee",Support,,,,,,,,,,,,,,,Melee,,Attack,,,,,,,,,,,https://cdn.poe2db.tw/image/Art/2DArt/SkillIcons/Support/PursuitSupport.webp,,Other
1788936683-297,https://poe2db.tw/us/Gem#SupportGems,Rearm I,"Rearm I (3)Support, Hazard","Support, Hazard",Support,,,,,,,,,,,,,,,,,,,,,,,,,,,,https://cdn.poe2db.tw/image/Art/2DArt/SkillIcons/Support/RearmSupport.webp,,Other
1788936683-298,https://poe2db.tw/us/Gem#SupportGems,Retreat II,"Retreat II (3)Support, Projectile","Support, Projectile",Support,,,,,,,,,Projectile,,,,,,,,,,,,,,,,,,,https://cdn.poe2db.tw/image/Art/2DArt/SkillIcons/Support/RetreatingAssaultSupport.webp,,Other
1788936683-299,https://poe2db.tw/us/Gem#SupportGems,Salvo,"Salvo (3)Support, Attack, Projectile","Support, Attack, Projectile",Support,,,,,,,,,Projectile,,,,,,,,Attack,,,,,,,,,,,https://cdn.poe2db.tw/image/Art/2DArt/SkillIcons/Support/SalvoSupport.webp,,Other
1788936683-300,https://poe2db.tw/us/Gem#SupportGems,Streamlined Rounds,"Streamlined Rounds (3)Support, Ammunition, Projectile","Support, Ammunition, Projectile",Support,Ammunition,,,,,,,,Projectile,,,,,,,,,,,,,,,,,,,https://cdn.poe2db.tw/image/Art/2DArt/SkillIcons/Support/AutoShotgunSupport.webp,,Other
1788936683-301,https://poe2db.tw/us/Gem#SupportGems,Swift Affliction II,"Swift Affliction II (3)Support, Duration","Support, Duration",Support,,,,,,,,,,,,,,,,,,,,,,Duration,,,,,,https://cdn.poe2db.tw/image/Art/2DArt/SkillIcons/Support/SwiftAfflictionSupport.webp,,Other
1788936683-302,https://poe2db.tw/us/Gem#SupportGems,Warm Blooded,"Warm Blooded (3)Support, Buff, Persistent","Support, Buff, Persistent",Support,,,,,,,,,,,,,,,,,,,,,,,,Persistent,Buff,,,https://cdn.poe2db.tw/image/Art/2DArt/SkillIcons/Support/WarmBloodedSupport.webp,,Other
1788936683-303,https://poe2db.tw/us/Gem#SupportGems,Alignment II,"Alignment II (4)Support, Attack, Projectile","Support, Attack, Projectile",Support,,,,,,,,,Projectile,,,,,,,,Attack,,,,,,,,,,,https://cdn.poe2db.tw/image/Art/2DArt/SkillIcons/Support/AlignmentSupport.webp,,Other
1788936683-304,https://poe2db.tw/us/Gem#SupportGems,Ammo Conservation II,"Ammo Conservation II (4)Support, Ammunition, Projectile","Support, Ammunition, Projectile",Support,Ammunition,,,,,,,,Projectile,,,,,,,,,,,,,,,,,,,https://cdn.poe2db.tw/image/Art/2DArt/SkillIcons/Support/ChanceToNotConsumeAmmoSupport.webp,,Other
1788936683-305,https://poe2db.tw/us/Gem#SupportGems,Bounty II,Bounty II (4)Support,Support,Support,,,,,,,,,,,,,,,,,,,,,,,,,,,,https://cdn.poe2db.tw/image/Art/2DArt/SkillIcons/Support/LifeFlaskSupport.webp,,Other
1788936683-306,https://poe2db.tw/us/Gem#SupportGems,Controlled Hazard,"Controlled Hazard (4)Support, Hazard","Support, Hazard",Support,,,,,,,,,,,,,,,,,,,,,,,,,,,,https://cdn.poe2db.tw/image/Art/2DArt/SkillIcons/Support/ControlledHazard.webp,,Other
1788936683-307,https://poe2db.tw/us/Gem#SupportGems,Cooldown Recovery II,Cooldown Recovery II (4)Support,Support,Support,,,,,,,,,,,,,,,,,,,,,,,,,,,,https://cdn.poe2db.tw/image/Art/2DArt/SkillIcons/Support/CooldownReductionSupport.webp,,Other
1788936683-308,https://poe2db.tw/us/Gem#SupportGems,Culling Strike I,"Culling Strike I (4)Support, Attack","Support, Attack",Support,,,,,,,,,,,,,,,,,Attack,,,,,,,,,,,https://cdn.poe2db.tw/image/Art/2DArt/SkillIcons/Support/CullingStrikeSupport.webp,,Other
1788936683-309,https://poe2db.tw/us/Gem#SupportGems,Deadly Poison II,"Deadly Poison II (4)Support, Chaos","Support, Chaos",Support,,,,,Chaos,,,,,,,,,,,,,,,,,,,,,,,https://cdn.poe2db.tw/image/Art/2DArt/SkillIcons/Support/DeadlyPoisonSupport.webp,,Other
1788936683-310,https://poe2db.tw/us/Gem#SupportGems,Delayed Reaction,"Delayed Reaction (4)Support, Hazard","Support, Hazard",Support,,,,,,,,,,,,,,,,,,,,,,,,,,,,https://cdn.poe2db.tw/image/Art/2DArt/SkillIcons/Support/DelayedReactionSupport.webp,,Other
1788936683-311,https://poe2db.tw/us/Gem#SupportGems,Hit and Run,"Hit and Run (4)Support, Attack, Conditional","Support, Attack, Conditional",Support,,,,Conditional,,,,,,,,,,,,,Attack,,,,,,,,,,,https://cdn.poe2db.tw/image/Art/2DArt/SkillIcons/Support/MobileAssaultSupport.webp,,Other
1788936683-312,https://poe2db.tw/us/Gem#SupportGems,Impale,"Impale (4)Support, Attack, Physical","Support, Attack, Physical",Support,,,,,,,,,,,,Physical,,,,,Attack,,,,,,,,,,,https://cdn.poe2db.tw/image/Art/2DArt/SkillIcons/Support/ImpaleSupport.webp,,Other
1788936683-313,https://poe2db.tw/us/Gem#SupportGems,Overabundance II,Overabundance II (4)Support,Support,Support,,,,,,,,,,,,,,,,,,,,,,,,,,,,https://cdn.poe2db.tw/image/Art/2DArt/SkillIcons/Support/IncreaseLimitSupport.webp,,Other
1788936683-314,https://poe2db.tw/us/Gem#SupportGems,Lightning Exposure,"Lightning Exposure (4)Support, Lightning, Duration","Support, Lightning, Duration",Support,,,,,,,,,,,,,,,,,,Lightning,,,,Duration,,,,,,https://cdn.poe2db.tw/image/Art/2DArt/SkillIcons/Support/LightningExposureSupport.webp,lightning,Other
1788936683-315,https://poe2db.tw/us/Gem#SupportGems,Nimble Reload,"Nimble Reload (4)Support, Ammunition, Projectile","Support, Ammunition, Projectile",Support,Ammunition,,,,,,,,Projectile,,,,,,,,,,,,,,,,,,,https://cdn.poe2db.tw/image/Art/2DArt/SkillIcons/Support/ReloadSpeedSupport.webp,,Other
1788936683-316,https://poe2db.tw/us/Gem#SupportGems,Nova Projectiles II,"Nova Projectiles II (4)Support, Projectile","Support, Projectile",Support,,,,,,,,,Projectile,,,,,,,,,,,,,,,,,,,https://cdn.poe2db.tw/image/Art/2DArt/SkillIcons/Support/NovaProjectilesSupport.webp,,Other
1788936683-317,https://poe2db.tw/us/Gem#SupportGems,Overcharge,"Overcharge (4)Support, Lightning","Support, Lightning",Support,,,,,,,,,,,,,,,,,,Lightning,,,,,,,,,,https://cdn.poe2db.tw/image/Art/2DArt/SkillIcons/Support/OverchargeSupport.webp,,Other
1788936683-318,https://poe2db.tw/us/Gem#SupportGems,Payload,"Payload (4)Support, Grenade","Support, Grenade",Support,,,,,,,,,,,,,,,,,,,,,,,,,,,,https://cdn.poe2db.tw/image/Art/2DArt/SkillIcons/Support/PayloadSupport.webp,,Other
1788936683-319,https://poe2db.tw/us/Gem#SupportGems,Perfected Endurance,"Perfected Endurance (4)Support, Channelling","Support, Channelling",Support,,,,,,,,Channelling,,,,,,,,,,,,,,,,,,,,https://cdn.poe2db.tw/image/Art/2DArt/SkillIcons/Support/EnduranceChargeonPerfectTimingSupport.webp,,Other
1788936683-320,https://poe2db.tw/us/Gem#SupportGems,Perfection,Perfection (4)Support,Support,Support,,,,,,,,,,,,,,,,,,,,,,,,,,,,https://cdn.poe2db.tw/image/Art/2DArt/SkillIcons/Support/PerfectionSupport.webp,,Other
1788936683-321,https://poe2db.tw/us/Gem#SupportGems,Precision II,"Precision II (4)Support, Buff, Persistent","Support, Buff, Persistent",Support,,,,,,,,,,,,,,,,,,,,,,,,Persistent,Buff,,,https://cdn.poe2db.tw/image/Art/2DArt/SkillIcons/Support/PrecisionSupport.webp,,Other
1788936683-322,https://poe2db.tw/us/Gem#SupportGems,Projectile Acceleration II,"Projectile Acceleration II (4)Support, Projectile","Support, Projectile",Support,,,,,,,,,Projectile,,,,,,,,,,,,,,,,,,,https://cdn.poe2db.tw/image/Art/2DArt/SkillIcons/Support/FasterProjectilesSupport.webp,,Other
1788936683-323,https://poe2db.tw/us/Gem#SupportGems,Rapid Attacks II,"Rapid Attacks II (4)Support, Attack","Support, Attack",Support,,,,,,,,,,,,,,,,,Attack,,,,,,,,,,,https://cdn.poe2db.tw/image/Art/2DArt/SkillIcons/Support/FasterAttack.webp,attack,Other
1788936683-324,https://poe2db.tw/us/Gem#SupportGems,Second Wind II,Second Wind II (4)Support,Support,Support,,,,,,,,,,,,,,,,,,,,,,,,,,,,https://cdn.poe2db.tw/image/Art/2DArt/SkillIcons/Support/SecondWindSupport.webp,,Other
1788936683-325,https://poe2db.tw/us/Gem#SupportGems,Spectral Volley,"Spectral Volley (4)Support, Attack, Projectile","Support, Attack, Projectile",Support,,,,,,,,,Projectile,,,,,,,,Attack,,,,,,,,,,,https://cdn.poe2db.tw/image/Art/2DArt/SkillIcons/Support/SpectralArrowsSupport.webp,,Other
1788936683-326,https://poe2db.tw/us/Gem#SupportGems,Ricochet II,"Ricochet II (4)Support, Projectile","Support, Projectile",Support,,,,,,,,,Projectile,,,,,,,,,,,,,,,,,,,https://cdn.poe2db.tw/image/Art/2DArt/SkillIcons/Support/TerrainChainSupport.webp,,Other
1788936683-327,https://poe2db.tw/us/Gem#SupportGems,Alignment III,"Alignment III (5)Support, Attack, Projectile","Support, Attack, Projectile",Support,,,,,,,,,Projectile,,,,,,,,Attack,,,,,,,,,,,https://cdn.poe2db.tw/image/Art/2DArt/SkillIcons/Support/AlignmentSupport.webp,,Other
1788936683-328,https://poe2db.tw/us/Gem#SupportGems,Ammo Conservation III,"Ammo Conservation III (5)Support, Ammunition, Projectile","Support, Ammunition, Projectile",Support,Ammunition,,,,,,,,Projectile,,,,,,,,,,,,,,,,,,,https://cdn.poe2db.tw/image/Art/2DArt/SkillIcons/Support/ChanceToNotConsumeAmmoSupport.webp,,Other
1788936683-329,https://poe2db.tw/us/Gem#SupportGems,Blind II,Blind II (5)Support,Support,Support,,,,,,,,,,,,,,,,,,,,,,,,,,,,https://cdn.poe2db.tw/image/Art/2DArt/SkillIcons/Support/BlindSupport.webp,,Other
1788936683-330,https://poe2db.tw/us/Gem#SupportGems,Chain III,"Chain III (5)Support, Projectile, Chaining","Support, Projectile, Chaining",Support,,Chaining,,,,,,,Projectile,,,,,,,,,,,,,,,,,,,https://cdn.poe2db.tw/image/Art/2DArt/SkillIcons/Support/ChainSupport.webp,,Other
1788936683-331,https://poe2db.tw/us/Gem#SupportGems,Charge Profusion II,Charge Profusion II (5)Support,Support,Support,,,,,,,,,,,,,,,,,,,,,,,,,,,,https://cdn.poe2db.tw/image/Art/2DArt/SkillIcons/Support/MultipleChargesSupport.webp,,Other
1788936683-332,https://poe2db.tw/us/Gem#SupportGems,Charged Mark,"Charged Mark (5)Support, Spell, AoE, Trigger, Mark, Duration","Support, Spell, AoE, Trigger, Mark, Duration",Support,,,,,,,,,,,,,,,,Spell,,,,Trigger,AoE,Duration,,,,,,https://cdn.poe2db.tw/image/Art/2DArt/SkillIcons/Support/ChargedMark.webp,,Other
1788936683-333,https://poe2db.tw/us/Gem#SupportGems,Charged Shots II,"Charged Shots II (5)Support, Attack, Projectile","Support, Attack, Projectile",Support,,,,,,,,,Projectile,,,,,,,,Attack,,,,,,,,,,,https://cdn.poe2db.tw/image/Art/2DArt/SkillIcons/Support/ChargedShotsSupport.webp,,Other
1788936683-334,https://poe2db.tw/us/Gem#SupportGems,Close Combat II,"Close Combat II (5)Support, Attack","Support, Attack",Support,,,,,,,,,,,,,,,,,Attack,,,,,,,,,,,https://cdn.poe2db.tw/image/Art/2DArt/SkillIcons/Support/CloseCombatSupport.webp,,Other
1788936683-335,https://poe2db.tw/us/Gem#SupportGems,Culling Strike II,"Culling Strike II (5)Support, Attack","Support, Attack",Support,,,,,,,,,,,,,,,,,Attack,,,,,,,,,,,https://cdn.poe2db.tw/image/Art/2DArt/SkillIcons/Support/CullingStrikeSupport.webp,,Other
1788936683-336,https://poe2db.tw/us/Gem#SupportGems,Culmination II,"Culmination II (5)Support, Attack, Melee, Conditional","Support, Attack, Melee, Conditional",Support,,,,Conditional,,,,,,,,,,,Melee,,Attack,,,,,,,,,,,https://cdn.poe2db.tw/image/Art/2DArt/SkillIcons/Support/CulminationSupport.webp,,Other
1788936683-337,https://poe2db.tw/us/Gem#SupportGems,Pierce III,"Pierce III (5)Support, Projectile","Support, Projectile",Support,,,,,,,,,Projectile,,,,,,,,,,,,,,,,,,,https://cdn.poe2db.tw/image/Art/2DArt/SkillIcons/Support/PierceSupport.webp,,Other
1788936683-338,https://poe2db.tw/us/Gem#SupportGems,Pin III,"Pin III (5)Support, Physical","Support, Physical",Support,,,,,,,,,,,,Physical,,,,,,,,,,,,,,,,https://cdn.poe2db.tw/image/Art/2DArt/SkillIcons/Support/PinSupport.webp,,Other
1788936683-339,https://poe2db.tw/us/Gem#SupportGems,Poison III,"Poison III (5)Support, Chaos","Support, Chaos",Support,,,,,Chaos,,,,,,,,,,,,,,,,,,,,,,,https://cdn.poe2db.tw/image/Art/2DArt/SkillIcons/Support/ChanceToPoisonSupport.webp,,Other
1788936683-340,https://poe2db.tw/us/Gem#SupportGems,Projectile Acceleration III,"Projectile Acceleration III (5)Support, Projectile","Support, Projectile",Support,,,,,,,,,Projectile,,,,,,,,,,,,,,,,,,,https://cdn.poe2db.tw/image/Art/2DArt/SkillIcons/Support/FasterProjectilesSupport.webp,,Other
1788936683-341,https://poe2db.tw/us/Gem#SupportGems,Pursuit III,"Pursuit III (5)Support, Attack, Melee","Support, Attack, Melee",Support,,,,,,,,,,,,,,,Melee,,Attack,,,,,,,,,,,https://cdn.poe2db.tw/image/Art/2DArt/SkillIcons/Support/PursuitSupport.webp,,Other
1788936683-342,https://poe2db.tw/us/Gem#SupportGems,Rapid Attacks III,"Rapid Attacks III (5)Support, Attack","Support, Attack",Support,,,,,,,,,,,,,,,,,Attack,,,,,,,,,,,https://cdn.poe2db.tw/image/Art/2DArt/SkillIcons/Support/FasterAttack.webp,attack,Other
1788936683-343,https://poe2db.tw/us/Gem#SupportGems,Rearm II,"Rearm II (5)Support, Hazard","Support, Hazard",Support,,,,,,,,,,,,,,,,,,,,,,,,,,,,https://cdn.poe2db.tw/image/Art/2DArt/SkillIcons/Support/RearmSupport.webp,,Other
1788936683-344,https://poe2db.tw/us/Gem#SupportGems,Retreat III,"Retreat III (5)Support, Projectile","Support, Projectile",Support,,,,,,,,,Projectile,,,,,,,,,,,,,,,,,,,https://cdn.poe2db.tw/image/Art/2DArt/SkillIcons/Support/RetreatingAssaultSupport.webp,,Other
1788936683-345,https://poe2db.tw/us/Gem#SupportGems,Second Wind III,Second Wind III (5)Support,Support,Support,,,,,,,,,,,,,,,,,,,,,,,,,,,,https://cdn.poe2db.tw/image/Art/2DArt/SkillIcons/Support/SecondWindSupport.webp,,Other
1788936683-346,https://poe2db.tw/us/Gem#SupportGems,Swift Affliction III,"Swift Affliction III (5)Support, Duration","Support, Duration",Support,,,,,,,,,,,,,,,,,,,,,,Duration,,,,,,https://cdn.poe2db.tw/image/Art/2DArt/SkillIcons/Support/SwiftAfflictionSupport.webp,,Other
1788936683-347,https://poe2db.tw/us/Gem#SupportGems,Window of Opportunity II,"Window of Opportunity II (5)Support, Channelling","Support, Channelling",Support,,,,,,,,Channelling,,,,,,,,,,,,,,,,,,,,https://cdn.poe2db.tw/image/Art/2DArt/SkillIcons/Support/WindowOfOpportunitySupport.webp,,Other
1788936683-348,https://poe2db.tw/us/Gem#SupportGems,Ahn's Citadel,"Ahn's Citadel (1)Support, Lineage","Support, Lineage",Support,,,,,,,,,,,,,Lineage,,,,,,,,,,,,,,,https://cdn.poe2db.tw/image/Art/2DItems/Gems/New/NewSupport/Lineage/LineageAhnChisel.webp,,Other
1788936683-349,https://poe2db.tw/us/Gem#SupportGems,Arbiter's Ignition,"Arbiter's Ignition (1)Support, Lineage, Spell, Fire","Support, Lineage, Spell, Fire",Support,,,,,,,,,,Fire,,,Lineage,,,Spell,,,,,,,,,,,,https://cdn.poe2db.tw/image/Art/2DItems/Gems/New/NewSupport/Lineage/LineageArbiter.webp,,Other
1788936683-350,https://poe2db.tw/us/Gem#SupportGems,Atziri's Allure,"Atziri's Allure (1)Support, Lineage, Curse","Support, Lineage, Curse",Support,,,Curse,,,,,,,,,,Lineage,,,,,,,,,,,,,,,https://cdn.poe2db.tw/image/Art/2DItems/Gems/New/NewSupport/Lineage/LineageAtziri.webp,,Other
1788936683-351,https://poe2db.tw/us/Gem#SupportGems,Atziri's Call,"Atziri's Call (1)Support, Lineage, Spell, AoE, Trigger","Support, Lineage, Spell, AoE, Trigger",Support,,,,,,,,,,,,,Lineage,,,Spell,,,,Trigger,AoE,,,,,,,https://cdn.poe2db.tw/image/Art/2DArt/SkillIcons/Support/BlankBlueSupport.webp,,Other
1788936683-352,https://poe2db.tw/us/Gem#SupportGems,Atziri's Communion,"Atziri's Communion (1)Support, Lineage, Persistent","Support, Lineage, Persistent",Support,,,,,,,,,,,,,Lineage,,,,,,,,,,,Persistent,,,,https://cdn.poe2db.tw/image/Art/2DItems/Gems/New/NewSupport/Lineage/AtziriCommunion.webp,,Other
1788936683-353,https://poe2db.tw/us/Gem#SupportGems,Bhatair's Vengeance,"Bhatair's Vengeance (1)Support, Attack, Warcry, Cold, Duration","Support, Attack, Warcry, Cold, Duration",Support,,,,,,,Warcry,,,,,,,,,,Attack,,Cold,,,Duration,,,,,,https://cdn.poe2db.tw/image/Art/2DItems/Gems/New/NewSupport/Lineage/ShatteredFang.webp,,Other
1788936683-354,https://poe2db.tw/us/Gem#SupportGems,Commandment,"Commandment (1)Support, Minion, Command","Support, Minion, Command",Support,,,,,,,,,,,,,,Minion,,,,,,,,,,,,,,https://cdn.poe2db.tw/image/Art/2DArt/SkillIcons/Support/PureCommandSupport.webp,,Other
1788936683-355,https://poe2db.tw/us/Gem#SupportGems,Dialla's Desire,"Dialla's Desire (1)Support, Lineage","Support, Lineage",Support,,,,,,,,,,,,,Lineage,,,,,,,,,,,,,,,https://cdn.poe2db.tw/image/Art/2DItems/Gems/New/NewSupport/Lineage/Dialla.webp,,Other
1788936683-356,https://poe2db.tw/us/Gem#SupportGems,Doedre's Undoing,"Doedre's Undoing (1)Support, Lineage, Spell, AoE, Trigger, Chaos, Curse","Support, Lineage, Spell, AoE, Trigger, Chaos, Curse",Support,,,Curse,,Chaos,,,,,,,,Lineage,,,Spell,,,,Trigger,AoE,,,,,,,https://cdn.poe2db.tw/image/Art/2DItems/Gems/New/NewSupport/Lineage/LineageDoedre.webp,,Other
1788936683-357,https://poe2db.tw/us/Gem#SupportGems,Shock Siphon,"Shock Siphon (1)Support, Lightning","Support, Lightning",Support,,,,,,,,,,,,,,,,,,Lightning,,,,,,,,,,https://cdn.poe2db.tw/image/Art/2DArt/SkillIcons/Support/ShockSiphonSupport.webp,,Other
1788936683-358,https://poe2db.tw/us/Gem#SupportGems,Esh's Radiance,"Esh's Radiance (1)Support, Lineage, Lightning, Chaos","Support, Lineage, Lightning, Chaos",Support,,,,,Chaos,,,,,,,,Lineage,,,,,Lightning,,,,,,,,,,https://cdn.poe2db.tw/image/Art/2DItems/Gems/New/NewSupport/Lineage/LineageEsh.webp,,Other
1788936683-359,https://poe2db.tw/us/Gem#SupportGems,Ixchel's Torment,"Ixchel's Torment (1)Support, Lineage, Trigger","Support, Lineage, Trigger",Support,,,,,,,,,,,,,Lineage,,,,,,,Trigger,,,,,,,,https://cdn.poe2db.tw/image/Art/2DItems/Gems/New/NewSupport/Lineage/Trialmaster.webp,,Other
1788936683-360,https://poe2db.tw/us/Gem#SupportGems,Freezefork,"Freezefork (1)Support, Projectile, Cold","Support, Projectile, Cold",Support,,,,,,,,,Projectile,,,,,,,,,,Cold,,,,,,,,,https://cdn.poe2db.tw/image/Art/2DArt/SkillIcons/Support/FreezeforkSupport.webp,,Other
1788936683-361,https://poe2db.tw/us/Gem#SupportGems,Guatelitzi's Ablation,"Guatelitzi's Ablation (1)Support, Lineage","Support, Lineage",Support,,,,,,,,,,,,,Lineage,,,,,,,,,,,,,,,https://cdn.poe2db.tw/image/Art/2DItems/Gems/New/NewSupport/Lineage/Guatelitzi.webp,,Other
1788936683-362,https://poe2db.tw/us/Gem#SupportGems,Hayoxi's Fulmination,"Hayoxi's Fulmination (1)Support, Lineage, Spell, AoE, Trigger, Physical, Lightning, Cold, Fire, Chaos, Curse","Support, Lineage, Spell, AoE, Trigger, Physical, Lightning, Cold, Fire, Chaos, Curse",Support,,,Curse,,Chaos,,,,,Fire,,Physical,Lineage,,,Spell,,Lightning,Cold,Trigger,AoE,,,,,,,https://cdn.poe2db.tw/image/Art/2DItems/Gems/New/NewSupport/Lineage/Hayoxi.webp,,Other
1788936683-363,https://poe2db.tw/us/Gem#SupportGems,Kalisa's Crescendo,"Kalisa's Crescendo (1)Support, Lineage","Support, Lineage",Support,,,,,,,,,,,,,Lineage,,,,,,,,,,,,,,,https://cdn.poe2db.tw/image/Art/2DItems/Gems/New/NewSupport/Lineage/LineageKalisaChorus.webp,,Other
1788936683-364,https://poe2db.tw/us/Gem#SupportGems,Khatal's Rejuvenation,"Khatal's Rejuvenation (1)Support, Lineage, Remnant","Support, Lineage, Remnant",Support,,,,,,,,,,,,,Lineage,,,,,,,,,,Remnant,,,,,https://cdn.poe2db.tw/image/Art/2DItems/Gems/New/NewSupport/Lineage/LineageKhatal.webp,,Other
1788936683-365,https://poe2db.tw/us/Gem#SupportGems,Kulemak's Dominion,"Kulemak's Dominion (1)Support, Lineage","Support, Lineage",Support,,,,,,,,,,,,,Lineage,,,,,,,,,,,,,,,https://cdn.poe2db.tw/image/Art/2DItems/Gems/New/NewSupport/Lineage/LineageKulemakSpire.webp,minion,Other
1788936683-366,https://poe2db.tw/us/Gem#SupportGems,Kurgal's Leash,"Kurgal's Leash (1)Support, Lineage, Minion, Chaos","Support, Lineage, Minion, Chaos",Support,,,,,Chaos,,,,,,,,Lineage,Minion,,,,,,,,,,,,,,https://cdn.poe2db.tw/image/Art/2DItems/Gems/New/NewSupport/Lineage/AbyssKurgal.webp,,Other
1788936683-367,https://poe2db.tw/us/Gem#SupportGems,Morgana's Tempest,"Morgana's Tempest (1)Support, Lineage, Storm","Support, Lineage, Storm",Support,,,,,,,,,,,,,Lineage,,,,,,,,,,,,,,,https://cdn.poe2db.tw/image/Art/2DItems/Gems/New/NewSupport/Lineage/MorganasTempest.webp,,Other
1788936683-368,https://poe2db.tw/us/Gem#SupportGems,Oisín's Oath,"Oisín's Oath (1)Support, Lineage, Spell","Support, Lineage, Spell",Support,,,,,,,,,,,,,Lineage,,,Spell,,,,,,,,,,,,https://cdn.poe2db.tw/image/Art/2DItems/Gems/New/NewSupport/Lineage/WalkeroftheWilds.webp,,Other
1788936683-369,https://poe2db.tw/us/Gem#SupportGems,Romira's Requital,"Romira's Requital (1)Support, Lineage, Minion","Support, Lineage, Minion",Support,,,,,,,,,,,,,Lineage,Minion,,,,,,,,,,,,,,https://cdn.poe2db.tw/image/Art/2DItems/Gems/New/NewSupport/Lineage/LineageRomira.webp,,Other
1788936683-370,https://poe2db.tw/us/Gem#SupportGems,Shock Conduction II,"Shock Conduction II (1)Support, AoE, Lightning","Support, AoE, Lightning",Support,,,,,,,,,,,,,,,,,,Lightning,,,AoE,,,,,,,https://cdn.poe2db.tw/image/Art/2DArt/SkillIcons/Support/ShockingProliferationSupport.webp,,Other
1788936683-371,https://poe2db.tw/us/Gem#SupportGems,Tecrod's Revenge,"Tecrod's Revenge (1)Support, Lineage, Minion, Persistent, Duration","Support, Lineage, Minion, Persistent, Duration",Support,,,,,,,,,,,,,Lineage,Minion,,,,,,,,Duration,,Persistent,,,,https://cdn.poe2db.tw/image/Art/2DItems/Gems/New/NewSupport/Lineage/LineageTecrod.webp,,Other
1788936683-372,https://poe2db.tw/us/Gem#SupportGems,Varashta's Blessing,"Varashta's Blessing (1)Support, Lineage","Support, Lineage",Support,,,,,,,,,,,,,Lineage,,,,,,,,,,,,,,,https://cdn.poe2db.tw/image/Art/2DItems/Gems/New/NewSupport/Lineage/LineageDjinn.webp,,Other
1788936683-373,https://poe2db.tw/us/Gem#SupportGems,Vilenta's Propulsion,"Vilenta's Propulsion (1)Support, Lineage, Spell, Projectile","Support, Lineage, Spell, Projectile",Support,,,,,,,,,Projectile,,,,Lineage,,,Spell,,,,,,,,,,,,https://cdn.poe2db.tw/image/Art/2DItems/Gems/New/NewSupport/Lineage/LineageVilenta.webp,,Other
1788936683-374,https://poe2db.tw/us/Gem#SupportGems,Sione's Temper,"Sione's Temper (1)Support, Lineage, Spell, Projectile","Support, Lineage, Spell, Projectile",Support,,,,,,,,,Projectile,,,,Lineage,,,Spell,,,,,,,,,,,,https://cdn.poe2db.tw/image/Art/2DItems/Gems/New/NewSupport/Lineage/Wildshards.webp,,Other
1788936683-375,https://poe2db.tw/us/Gem#SupportGems,Xibaqua's Rending,"Xibaqua's Rending (1)Support, Lineage, AoE, Trigger, Fire","Support, Lineage, AoE, Trigger, Fire",Support,,,,,,,,,,Fire,,,Lineage,,,,,,,Trigger,AoE,,,,,,,https://cdn.poe2db.tw/image/Art/2DItems/Gems/New/NewSupport/Lineage/LineageXibaqua.webp,,Other
1788936683-376,https://poe2db.tw/us/Gem#SupportGems,Zarokh's Refrain,"Zarokh's Refrain (1)Support, Lineage, Spell, AoE","Support, Lineage, Spell, AoE",Support,,,,,,,,,,,,,Lineage,,,Spell,,,,,AoE,,,,,,,https://cdn.poe2db.tw/image/Art/2DItems/Gems/New/NewSupport/Lineage/Zarokh.webp,,Other
1788936683-377,https://poe2db.tw/us/Gem#SupportGems,Zarokh's Revolt,"Zarokh's Revolt (1)Support, Spell","Support, Spell",Support,,,,,,,,,,,,,,,,Spell,,,,,,,,,,,,https://cdn.poe2db.tw/image/Art/2DItems/Gems/New/NewSupport/Lineage/ZarokhsRevolt.webp,,Other
1788936683-378,https://poe2db.tw/us/Gem#SupportGems,Cold Attunement,"Cold Attunement (1)Support, Cold","Support, Cold",Support,,,,,,,,,,,,,,,,,,,Cold,,,,,,,,,https://cdn.poe2db.tw/image/Art/2DArt/SkillIcons/Support/AddedColdDamageSupport.webp,cold,Other
1788936683-379,https://poe2db.tw/us/Gem#SupportGems,Ambush,Ambush (1)Support,Support,Support,,,,,,,,,,,,,,,,,,,,,,,,,,,,https://cdn.poe2db.tw/image/Art/2DArt/SkillIcons/Support/AmbushSupport.webp,,Other
1788936683-380,https://poe2db.tw/us/Gem#SupportGems,Arcane Surge,"Arcane Surge (1)Support, Spell, Duration","Support, Spell, Duration",Support,,,,,,,,,,,,,,,,Spell,,,,,,Duration,,,,,,https://cdn.poe2db.tw/image/Art/2DArt/SkillIcons/Support/ArcaneSurgeSupport.webp,,Other
1788936683-381,https://poe2db.tw/us/Gem#SupportGems,Burgeon I,"Burgeon I (1)Support, Channelling","Support, Channelling",Support,,,,,,,,Channelling,,,,,,,,,,,,,,,,,,,,https://cdn.poe2db.tw/image/Art/2DArt/SkillIcons/Support/ChannellingDamageSupport.webp,,Other
1788936683-382,https://poe2db.tw/us/Gem#SupportGems,Clarity I,"Clarity I (1)Support, Buff, Persistent","Support, Buff, Persistent",Support,,,,,,,,,,,,,,,,,,,,,,,,Persistent,Buff,,,https://cdn.poe2db.tw/image/Art/2DArt/SkillIcons/Support/ClaritySupport.webp,,Other
1788936683-383,https://poe2db.tw/us/Gem#SupportGems,Concentrated Area,"Concentrated Area (1)Support, AoE","Support, AoE",Support,,,,,,,,,,,,,,,,,,,,,AoE,,,,,,,https://cdn.poe2db.tw/image/Art/2DArt/SkillIcons/Support/ConcentratedEffectSupport.webp,,Other
1788936683-384,https://poe2db.tw/us/Gem#SupportGems,Controlled Destruction,"Controlled Destruction (1)Support, Spell","Support, Spell",Support,,,,,,,,,,,,,,,,Spell,,,,,,,,,,,,https://cdn.poe2db.tw/image/Art/2DArt/SkillIcons/Support/ControlledDestructionSupport.webp,,Other
1788936683-385,https://poe2db.tw/us/Gem#SupportGems,Creeping Chill,"Creeping Chill (1)Support, AoE, Trigger, Cold","Support, AoE, Trigger, Cold",Support,,,,,,,,,,,,,,,,,,,Cold,Trigger,AoE,,,,,,,https://cdn.poe2db.tw/image/Art/2DArt/SkillIcons/Support/CreepingChillSupport.webp,,Other
1788936683-386,https://poe2db.tw/us/Gem#SupportGems,Crescendo I,"Crescendo I (1)Support, Attack, Melee, Strike","Support, Attack, Melee, Strike",Support,,,,,,,,,,,Strike,,,,Melee,,Attack,,,,,,,,,,,https://cdn.poe2db.tw/image/Art/2DArt/SkillIcons/Support/ExtendedCombo.webp,,Other
1788936683-387,https://poe2db.tw/us/Gem#SupportGems,Crystalline Shards,Crystalline Shards (1)Support,Support,Support,,,,,,,,,,,,,,,,,,,,,,,,,,,,https://cdn.poe2db.tw/image/Art/2DArt/SkillIcons/Support/CrystallineShardsSupport.webp,,Other
1788936683-388,https://poe2db.tw/us/Gem#SupportGems,Heightened Curse,"Heightened Curse (1)Support, Curse","Support, Curse",Support,,,Curse,,,,,,,,,,,,,,,,,,,,,,,,,https://cdn.poe2db.tw/image/Art/2DArt/SkillIcons/Support/CurseEffectSupport.webp,curse,Other
1788936683-389,https://poe2db.tw/us/Gem#SupportGems,Coursing Current,"Coursing Current (1)Support, Spell, Projectile, Trigger, Lightning, Chaining","Support, Spell, Projectile, Trigger, Lightning, Chaining",Support,,Chaining,,,,,,,Projectile,,,,,,,Spell,,Lightning,,Trigger,,,,,,,,https://cdn.poe2db.tw/image/Art/2DArt/SkillIcons/Support/DeadlyCurrent.webp,,Other
1788936683-390,https://poe2db.tw/us/Gem#SupportGems,Elemental Army,"Elemental Army (1)Support, Minion","Support, Minion",Support,,,,,,,,,,,,,,Minion,,,,,,,,,,,,,,https://cdn.poe2db.tw/image/Art/2DArt/SkillIcons/Support/ElementalArmySupport.webp,,Other
1788936683-391,https://poe2db.tw/us/Gem#SupportGems,Expanse,"Expanse (1)Support, AoE","Support, AoE",Support,,,,,,,,,,,,,,,,,,,,,AoE,,,,,,,https://cdn.poe2db.tw/image/Art/2DArt/SkillIcons/Support/ExecrateSupport.webp,,Other
1788936683-392,https://poe2db.tw/us/Gem#SupportGems,Hourglass,Hourglass (1)Support,Support,Support,,,,,,,,,,,,,,,,,,,,,,,,,,,,https://cdn.poe2db.tw/image/Art/2DArt/SkillIcons/Support/HourglassSupport.webp,,Other
1788936683-393,https://poe2db.tw/us/Gem#SupportGems,Ice Bite I,"Ice Bite I (1)Support, Warcry, Cold, Duration","Support, Warcry, Cold, Duration",Support,,,,,,,Warcry,,,,,,,,,,,,Cold,,,Duration,,,,,,https://cdn.poe2db.tw/image/Art/2DArt/SkillIcons/Support/IceBiteSupport.webp,,Other
1788936683-394,https://poe2db.tw/us/Gem#SupportGems,Impending Doom,"Impending Doom (1)Support, Spell, AoE, Trigger, Chaos","Support, Spell, AoE, Trigger, Chaos",Support,,,,,Chaos,,,,,,,,,,,Spell,,,,Trigger,AoE,,,,,,,https://cdn.poe2db.tw/image/Art/2DArt/SkillIcons/Support/ImpendingDoomSupport.webp,,Other
1788936683-395,https://poe2db.tw/us/Gem#SupportGems,Last Gasp,"Last Gasp (1)Support, Minion, Persistent, Duration","Support, Minion, Persistent, Duration",Support,,,,,,,,,,,,,,Minion,,,,,,,,Duration,,Persistent,,,,https://cdn.poe2db.tw/image/Art/2DArt/SkillIcons/Support/LastGaspSupport.webp,,Other
1788936683-396,https://poe2db.tw/us/Gem#SupportGems,Deep Freeze,"Deep Freeze (1)Support, Cold","Support, Cold",Support,,,,,,,,,,,,,,,,,,,Cold,,,,,,,,,https://cdn.poe2db.tw/image/Art/2DArt/SkillIcons/Support/DeepFreezeSupport.webp,,Other
1788936683-397,https://poe2db.tw/us/Gem#SupportGems,Magnified Area I,"Magnified Area I (1)Support, AoE","Support, AoE",Support,,,,,,,,,,,,,,,,,,,,,AoE,,,,,,,https://cdn.poe2db.tw/image/Art/2DArt/SkillIcons/Support/IncreasedAreaOfEffectSupport.webp,,Other
1788936683-398,https://poe2db.tw/us/Gem#SupportGems,Mark of Siphoning,"Mark of Siphoning (1)Support, Mark","Support, Mark",Support,,,,,,,,,,,,,,,,,,,,,,,,,,,,https://cdn.poe2db.tw/image/Art/2DArt/SkillIcons/Support/MarkedForDrain.webp,,Other
1788936683-399,https://poe2db.tw/us/Gem#SupportGems,Minion Pact I,"Minion Pact I (1)Support, Minion","Support, Minion",Support,,,,,,,,,,,,,,Minion,,,,,,,,,,,,,,https://cdn.poe2db.tw/image/Art/2DArt/SkillIcons/Support/MinionPactSupport.webp,minion,Other
1788936683-400,https://poe2db.tw/us/Gem#SupportGems,Perpetual Charge,Perpetual Charge (1)Support,Support,Support,,,,,,,,,,,,,,,,,,,,,,,,,,,,https://cdn.poe2db.tw/image/Art/2DArt/SkillIcons/Support/PerpetualChargeSupport.webp,,Other
1788936683-401,https://poe2db.tw/us/Gem#SupportGems,Profanity I,"Profanity I (1)Support, Chaos","Support, Chaos",Support,,,,,Chaos,,,,,,,,,,,,,,,,,,,,,,,https://cdn.poe2db.tw/image/Art/2DArt/SkillIcons/Support/ProfanitySupport.webp,,Other
1788936683-402,https://poe2db.tw/us/Gem#SupportGems,Rapid Casting I,"Rapid Casting I (1)Support, Spell","Support, Spell",Support,,,,,,,,,,,,,,,,Spell,,,,,,,,,,,,https://cdn.poe2db.tw/image/Art/2DArt/SkillIcons/Support/FasterCastSupport.webp,,Other
1788936683-403,https://poe2db.tw/us/Gem#SupportGems,Sacrificial Lamb I,"Sacrificial Lamb I (1)Support, Minion","Support, Minion",Support,,,,,,,,,,,,,,Minion,,,,,,,,,,,,,,https://cdn.poe2db.tw/image/Art/2DArt/SkillIcons/Support/SacrificalLambSupport.webp,,Other
1788936683-404,https://poe2db.tw/us/Gem#SupportGems,Spell Cascade,"Spell Cascade (1)Support, AoE","Support, AoE",Support,,,,,,,,,,,,,,,,,,,,,AoE,,,,,,,https://cdn.poe2db.tw/image/Art/2DArt/SkillIcons/Support/SpellCascadeSupport.webp,spell,Other
1788936683-405,https://poe2db.tw/us/Gem#SupportGems,Thrill of the Kill,"Thrill of the Kill (1)Support, Attack, Lightning, Duration","Support, Attack, Lightning, Duration",Support,,,,,,,,,,,,,,,,,Attack,Lightning,,,,Duration,,,,,,https://cdn.poe2db.tw/image/Art/2DArt/SkillIcons/Support/ThrilloftheKillSupport.webp,,Other
1788936683-406,https://poe2db.tw/us/Gem#SupportGems,Unleash,"Unleash (1)Support, Spell","Support, Spell",Support,,,,,,,,,,,,,,,,Spell,,,,,,,,,,,,https://cdn.poe2db.tw/image/Art/2DArt/SkillIcons/Support/UnleashSupport.webp,,Other
1788936683-407,https://poe2db.tw/us/Gem#SupportGems,Fortress I,Fortress I (1)Support,Support,Support,,,,,,,,,,,,,,,,,,,,,,,,,,,,https://cdn.poe2db.tw/image/Art/2DArt/SkillIcons/Support/WallFortressSupport.webp,,Other
1788936683-408,https://poe2db.tw/us/Gem#SupportGems,Withering Touch,"Withering Touch (1)Support, Chaos, Duration","Support, Chaos, Duration",Support,,,,,Chaos,,,,,,,,,,,,,,,,,Duration,,,,,,https://cdn.poe2db.tw/image/Art/2DArt/SkillIcons/Support/WitheringTouchSupport.webp,,Ring
1788936683-409,https://poe2db.tw/us/Gem#SupportGems,Zenith I,"Zenith I (1)Support, Spell","Support, Spell",Support,,,,,,,,,,,,,,,,Spell,,,,,,,,,,,,https://cdn.poe2db.tw/image/Art/2DArt/SkillIcons/Support/ManatenanceSupport.webp,,Other
1788936683-410,https://poe2db.tw/us/Gem#SupportGems,Abiding Hex,"Abiding Hex (2)Support, Curse","Support, Curse",Support,,,Curse,,,,,,,,,,,,,,,,,,,,,,,,,https://cdn.poe2db.tw/image/Art/2DArt/SkillIcons/Support/PowerChargetogiveCurseDurationSupport.webp,,Other
1788936683-411,https://poe2db.tw/us/Gem#SupportGems,Acrimony,Acrimony (2)Support,Support,Support,,,,,,,,,,,,,,,,,,,,,,,,,,,,https://cdn.poe2db.tw/image/Art/2DArt/SkillIcons/Support/AcrimonySupport.webp,,Other
1788936683-412,https://poe2db.tw/us/Gem#SupportGems,Ambrosia,Ambrosia (2)Support,Support,Support,,,,,,,,,,,,,,,,,,,,,,,,,,,,https://cdn.poe2db.tw/image/Art/2DArt/SkillIcons/Support/AmbrosiaSupport.webp,,Other
1788936683-413,https://poe2db.tw/us/Gem#SupportGems,Bidding I,"Bidding I (2)Support, Minion, Command","Support, Minion, Command",Support,,,,,,,,,,,,,,Minion,,,,,,,,,,,,,,https://cdn.poe2db.tw/image/Art/2DArt/SkillIcons/Support/BiddingSupport.webp,,Other
1788936683-414,https://poe2db.tw/us/Gem#SupportGems,Bone Shrapnel,"Bone Shrapnel (2)Support, AoE, Trigger, Physical","Support, AoE, Trigger, Physical",Support,,,,,,,,,,,,Physical,,,,,,,,Trigger,AoE,,,,,,,https://cdn.poe2db.tw/image/Art/2DArt/SkillIcons/Support/BoneShrapnelSupport.webp,,Other
1788936683-415,https://poe2db.tw/us/Gem#SupportGems,Boundless Energy I,Boundless Energy I (2)Support,Support,Support,,,,,,,,,,,,,,,,,,,,,,,,,,,,https://cdn.poe2db.tw/image/Art/2DArt/SkillIcons/Support/ImpetusSupport.webp,,Other
1788936683-416,https://poe2db.tw/us/Gem#SupportGems,Catharsis,"Catharsis (2)Support, Physical, Chaos, Conditional","Support, Physical, Chaos, Conditional",Support,,,,Conditional,Chaos,,,,,,,Physical,,,,,,,,,,,,,,,,https://cdn.poe2db.tw/image/Art/2DArt/SkillIcons/Support/CleanseSupport.webp,,Other
1788936683-417,https://poe2db.tw/us/Gem#SupportGems,Frost Nexus,"Frost Nexus (2)Support, AoE, Cold","Support, AoE, Cold",Support,,,,,,,,,,,,,,,,,,,Cold,,AoE,,,,,,,https://cdn.poe2db.tw/image/Art/2DArt/SkillIcons/Support/FrozenNexusSupport.webp,,Other
1788936683-418,https://poe2db.tw/us/Gem#SupportGems,Cold Penetration,"Cold Penetration (2)Support, Cold","Support, Cold",Support,,,,,,,,,,,,,,,,,,,Cold,,,,,,,,,https://cdn.poe2db.tw/image/Art/2DArt/SkillIcons/Support/ColdPenetrationSupport.webp,cold,Other
1788936683-419,https://poe2db.tw/us/Gem#SupportGems,Considered Casting,"Considered Casting (2)Support, Spell","Support, Spell",Support,,,,,,,,,,,,,,,,Spell,,,,,,,,,,,,https://cdn.poe2db.tw/image/Art/2DArt/SkillIcons/Support/ConsideredCastingSupport.webp,,Other
1788936683-420,https://poe2db.tw/us/Gem#SupportGems,Crackling Barrier,"Crackling Barrier (2)Support, Lightning, Channelling","Support, Lightning, Channelling",Support,,,,,,,,Channelling,,,,,,,,,,Lightning,,,,,,,,,,https://cdn.poe2db.tw/image/Art/2DArt/SkillIcons/Support/LightningThornsSupport.webp,,Other
1788936683-421,https://poe2db.tw/us/Gem#SupportGems,Danse Macabre,Danse Macabre (2)Support,Support,Support,,,,,,,,,,,,,,,,,,,,,,,,,,,,https://cdn.poe2db.tw/image/Art/2DArt/SkillIcons/Support/DanseMacabreSupport.webp,,Other
1788936683-422,https://poe2db.tw/us/Gem#SupportGems,Deathmarch,"Deathmarch (2)Support, Minion, Persistent","Support, Minion, Persistent",Support,,,,,,,,,,,,,,Minion,,,,,,,,,,Persistent,,,,https://cdn.poe2db.tw/image/Art/2DArt/SkillIcons/Support/CleansingSupport.webp,,Other
1788936683-423,https://poe2db.tw/us/Gem#SupportGems,Embitter,"Embitter (2)Support, Cold","Support, Cold",Support,,,,,,,,,,,,,,,,,,,Cold,,,,,,,,,https://cdn.poe2db.tw/image/Art/2DArt/SkillIcons/Support/EmbitterSupport.webp,,Other
1788936683-424,https://poe2db.tw/us/Gem#SupportGems,Empowered Sparks I,"Empowered Sparks I (2)Support, Projectile, Trigger, Lightning, Duration","Support, Projectile, Trigger, Lightning, Duration",Support,,,,,,,,,Projectile,,,,,,,,,Lightning,,Trigger,,Duration,,,,,,https://cdn.poe2db.tw/image/Art/2DArt/SkillIcons/Support/EmpoweredSparks.webp,,Other
1788936683-425,https://poe2db.tw/us/Gem#SupportGems,Encroaching Ground,"Encroaching Ground (2)Support, AoE","Support, AoE",Support,,,,,,,,,,,,,,,,,,,,,AoE,,,,,,,https://cdn.poe2db.tw/image/Art/2DArt/SkillIcons/Support/ExpandingGroundSupport.webp,,Other
1788936683-426,https://poe2db.tw/us/Gem#SupportGems,Excise,Excise (2)Support,Support,Support,,,,,,,,,,,,,,,,,,,,,,,,,,,,https://cdn.poe2db.tw/image/Art/2DArt/SkillIcons/Support/ExciseSupport.webp,,Other
1788936683-427,https://poe2db.tw/us/Gem#SupportGems,Accelerated Growth,"Accelerated Growth (2)Support, Spell, AoE, Trigger, Plant","Support, Spell, AoE, Trigger, Plant",Support,,,,,,,,,,,,,,,,Spell,,,,Trigger,AoE,,,,,,,https://cdn.poe2db.tw/image/Art/2DArt/SkillIcons/Support/ExplosiveGrowth.webp,,Other
1788936683-428,https://poe2db.tw/us/Gem#SupportGems,Fiery Death,"Fiery Death (2)Support, Spell, AoE, Trigger, Fire","Support, Spell, AoE, Trigger, Fire",Support,,,,,,,,,,Fire,,,,,,Spell,,,,Trigger,AoE,,,,,,,https://cdn.poe2db.tw/image/Art/2DArt/SkillIcons/Support/FieryDeathSupport.webp,,Other
1788936683-429,https://poe2db.tw/us/Gem#SupportGems,Harmonic Remnants I,"Harmonic Remnants I (2)Support, Remnant","Support, Remnant",Support,,,,,,,,,,,,,,,,,,,,,,,Remnant,,,,,https://cdn.poe2db.tw/image/Art/2DArt/SkillIcons/Support/RushedRemnantsSupport.webp,,Other
1788936683-430,https://poe2db.tw/us/Gem#SupportGems,Focused Curse,"Focused Curse (2)Support, Curse","Support, Curse",Support,,,Curse,,,,,,,,,,,,,,,,,,,,,,,,,https://cdn.poe2db.tw/image/Art/2DArt/SkillIcons/Support/FocusedHexSupport.webp,curse,Other
1788936683-431,https://poe2db.tw/us/Gem#SupportGems,Freeze,"Freeze (2)Support, Cold","Support, Cold",Support,,,,,,,,,,,,,,,,,,,Cold,,,,,,,,,https://cdn.poe2db.tw/image/Art/2DArt/SkillIcons/Support/HypothermiaSupport.webp,,Other
1788936683-432,https://poe2db.tw/us/Gem#SupportGems,Glacier,Glacier (2)Support,Support,Support,,,,,,,,,,,,,,,,,,,,,,,,,,,,https://cdn.poe2db.tw/image/Art/2DArt/SkillIcons/Support/IceCrystalMoreLifeSupport.webp,,Other
1788936683-433,https://poe2db.tw/us/Gem#SupportGems,Gorge,Gorge (2)Support,Support,Support,,,,,,,,,,,,,,,,,,,,,,,,,,,,https://cdn.poe2db.tw/image/Art/2DArt/SkillIcons/Support/Mortuary.webp,,Other
1788936683-434,https://poe2db.tw/us/Gem#SupportGems,Icicle,Icicle (2)Support,Support,Support,,,,,,,,,,,,,,,,,,,,,,,,,,,,https://cdn.poe2db.tw/image/Art/2DArt/SkillIcons/Support/IceCrystalLessLifeSupport.webp,,Other
1788936683-435,https://poe2db.tw/us/Gem#SupportGems,Intense Agony,"Intense Agony (2)Support, Spell, Duration","Support, Spell, Duration",Support,,,,,,,,,,,,,,,,Spell,,,,,,Duration,,,,,,https://cdn.poe2db.tw/image/Art/2DArt/SkillIcons/Support/IntenseAgonySupport.webp,,Other
1788936683-436,https://poe2db.tw/us/Gem#SupportGems,Living Lightning,"Living Lightning (2)Support, Minion, Trigger, Lightning, Duration","Support, Minion, Trigger, Lightning, Duration",Support,,,,,,,,,,,,,,Minion,,,,Lightning,,Trigger,,Duration,,,,,,https://cdn.poe2db.tw/image/Art/2DArt/SkillIcons/Support/LivingLightningSupport.webp,lightning,Other
1788936683-437,https://poe2db.tw/us/Gem#SupportGems,Loyalty,"Loyalty (2)Support, Minion","Support, Minion",Support,,,,,,,,,,,,,,Minion,,,,,,,,,,,,,,https://cdn.poe2db.tw/image/Art/2DArt/SkillIcons/Support/TrustyCompanionSupport.webp,,Other
1788936683-438,https://poe2db.tw/us/Gem#SupportGems,Mana Flare,"Mana Flare (2)Support, Spell, AoE, Trigger, Fire","Support, Spell, AoE, Trigger, Fire",Support,,,,,,,,,,Fire,,,,,,Spell,,,,Trigger,AoE,,,,,,,https://cdn.poe2db.tw/image/Art/2DArt/SkillIcons/Support/ManaFlareSupport.webp,,Other
1788936683-439,https://poe2db.tw/us/Gem#SupportGems,Font of Mana,"Font of Mana (2)Support, Totem","Support, Totem",Support,,,,,,Totem,,,,,,,,,,,,,,,,,,,,,,https://cdn.poe2db.tw/image/Art/2DArt/SkillIcons/Support/ManaFountainSupport.webp,,Other
1788936683-440,https://poe2db.tw/us/Gem#SupportGems,Mana Leech,"Mana Leech (2)Support, Attack, Physical","Support, Attack, Physical",Support,,,,,,,,,,,,Physical,,,,,Attack,,,,,,,,,,,https://cdn.poe2db.tw/image/Art/2DArt/SkillIcons/Support/ManaLeechSupport.webp,,Other
1788936683-441,https://poe2db.tw/us/Gem#SupportGems,Minion Instability,"Minion Instability (2)Support, Minion, Fire","Support, Minion, Fire",Support,,,,,,,,,,Fire,,,,Minion,,,,,,,,,,,,,,https://cdn.poe2db.tw/image/Art/2DArt/SkillIcons/Support/MinionInstabilitySupport.webp,minion,Other
1788936683-442,https://poe2db.tw/us/Gem#SupportGems,Mysticism I,"Mysticism I (2)Support, Buff, Persistent","Support, Buff, Persistent",Support,,,,,,,,,,,,,,,,,,,,,,,,Persistent,Buff,,,https://cdn.poe2db.tw/image/Art/2DArt/SkillIcons/Support/MysticismSupport.webp,,Other
1788936683-443,https://poe2db.tw/us/Gem#SupportGems,Pinpoint Critical,Pinpoint Critical (2)Support,Support,Support,,,,,,,,,,,,,,,,,,,,,,,,,,,,https://cdn.poe2db.tw/image/Art/2DArt/SkillIcons/Support/PinpointCriticalSupport.webp,,Other
1788936683-444,https://poe2db.tw/us/Gem#SupportGems,Potent Exposure,"Potent Exposure (2)Support, Spell","Support, Spell",Support,,,,,,,,,,,,,,,,Spell,,,,,,,,,,,,https://cdn.poe2db.tw/image/Art/2DArt/SkillIcons/Support/StripAwaySupport.webp,,Other
1788936683-445,https://poe2db.tw/us/Gem#SupportGems,Shock Conduction,"Shock Conduction (2)Support, AoE, Lightning","Support, AoE, Lightning",Support,,,,,,,,,,,,,,,,,,Lightning,,,AoE,,,,,,,https://cdn.poe2db.tw/image/Art/2DArt/SkillIcons/Support/ShockingProliferationSupport.webp,,Other
1788936683-446,https://poe2db.tw/us/Gem#SupportGems,Spell Echo,"Spell Echo (2)Support, Spell, AoE","Support, Spell, AoE",Support,,,,,,,,,,,,,,,,Spell,,,,,AoE,,,,,,,https://cdn.poe2db.tw/image/Art/2DArt/SkillIcons/Support/SpellEchoSupport.webp,spell,Other
1788936683-447,https://poe2db.tw/us/Gem#SupportGems,Rising Tempest,Rising Tempest (2)Support,Support,Support,,,,,,,,,,,,,,,,,,,,,,,,,,,,https://cdn.poe2db.tw/image/Art/2DArt/SkillIcons/Support/TempestTempoSupport.webp,,Other
1788936683-448,https://poe2db.tw/us/Gem#SupportGems,Upwelling I,"Upwelling I (2)Support, Buff, Persistent","Support, Buff, Persistent",Support,,,,,,,,,,,,,,,,,,,,,,,,Persistent,Buff,,,https://cdn.poe2db.tw/image/Art/2DArt/SkillIcons/Support/UpwellingSupport.webp,,Other
1788936683-449,https://poe2db.tw/us/Gem#SupportGems,Wildfire,"Wildfire (2)Support, AoE, Fire","Support, AoE, Fire",Support,,,,,,,,,,Fire,,,,,,,,,,,AoE,,,,,,,https://cdn.poe2db.tw/image/Art/2DArt/SkillIcons/Support/IgniteProliferationSupport.webp,fire,Other
1788936683-450,https://poe2db.tw/us/Gem#SupportGems,Chaos Attunement,"Chaos Attunement (3)Support, Chaos","Support, Chaos",Support,,,,,Chaos,,,,,,,,,,,,,,,,,,,,,,,https://cdn.poe2db.tw/image/Art/2DArt/SkillIcons/Support/AddedChaosDamageSupport.webp,chaos,Other
1788936683-451,https://poe2db.tw/us/Gem#SupportGems,Ambrosia II,Ambrosia II (3)Support,Support,Support,,,,,,,,,,,,,,,,,,,,,,,,,,,,https://cdn.poe2db.tw/image/Art/2DArt/SkillIcons/Support/AmbrosiaSupport.webp,,Other
1788936683-452,https://poe2db.tw/us/Gem#SupportGems,Astral Projection,Astral Projection (3)Support,Support,Support,,,,,,,,,,,,,,,,,,,,,,,,,,,,https://cdn.poe2db.tw/image/Art/2DArt/SkillIcons/Support/AstralProjectionSupport.webp,,Other
1788936683-453,https://poe2db.tw/us/Gem#SupportGems,Biting Frost I,"Biting Frost I (3)Support, Cold, Payoff","Support, Cold, Payoff",Support,,,,,,,,,,,,,,,,,,,Cold,,,,,,,,Payoff,https://cdn.poe2db.tw/image/Art/2DArt/SkillIcons/Support/BitingFrostSupport.webp,,Other
1788936683-454,https://poe2db.tw/us/Gem#SupportGems,Brittle Armour,"Brittle Armour (3)Support, Physical, Cold","Support, Physical, Cold",Support,,,,,,,,,,,,Physical,,,,,,,Cold,,,,,,,,,https://cdn.poe2db.tw/image/Art/2DArt/SkillIcons/Support/BrittleArmour.webp,,Other
1788936683-455,https://poe2db.tw/us/Gem#SupportGems,Chaotic Freeze,"Chaotic Freeze (3)Support, Spell, Chaos","Support, Spell, Chaos",Support,,,,,Chaos,,,,,,,,,,,Spell,,,,,,,,,,,,https://cdn.poe2db.tw/image/Art/2DArt/SkillIcons/Support/ChaoticFreezeSupport.webp,,Other
1788936683-456,https://poe2db.tw/us/Gem#SupportGems,Corpse Conservation,Corpse Conservation (3)Support,Support,Support,,,,,,,,,,,,,,,,,,,,,,,,,,,,https://cdn.poe2db.tw/image/Art/2DArt/SkillIcons/Support/CorpseConservationSupport.webp,,Other
1788936683-457,https://poe2db.tw/us/Gem#SupportGems,Cursed Ground,"Cursed Ground (3)Support, Curse","Support, Curse",Support,,,Curse,,,,,,,,,,,,,,,,,,,,,,,,,https://cdn.poe2db.tw/image/Art/2DArt/SkillIcons/Support/CursedGroundSupport.webp,curse,Other
1788936683-458,https://poe2db.tw/us/Gem#SupportGems,Decaying Hex,"Decaying Hex (3)Support, Spell, Trigger, Chaos, Duration, Curse","Support, Spell, Trigger, Chaos, Duration, Curse",Support,,,Curse,,Chaos,,,,,,,,,,,Spell,,,,Trigger,,Duration,,,,,,https://cdn.poe2db.tw/image/Art/2DArt/SkillIcons/Support/DecayingHexSupport.webp,,Other
1788936683-459,https://poe2db.tw/us/Gem#SupportGems,Drain Ailments,"Drain Ailments (3)Support, Spell","Support, Spell",Support,,,,,,,,,,,,,,,,Spell,,,,,,,,,,,,https://cdn.poe2db.tw/image/Art/2DArt/SkillIcons/Support/DrainedAilmentSupport.webp,,Other
1788936683-460,https://poe2db.tw/us/Gem#SupportGems,Elemental Discharge,"Elemental Discharge (3)Support, Spell, AoE, Trigger, Lightning, Cold, Fire, Payoff","Support, Spell, AoE, Trigger, Lightning, Cold, Fire, Payoff",Support,,,,,,,,,,Fire,,,,,,Spell,,Lightning,Cold,Trigger,AoE,,,,,,Payoff,https://cdn.poe2db.tw/image/Art/2DArt/SkillIcons/Support/ElementalDischargeSupport.webp,,Other
1788936683-461,https://poe2db.tw/us/Gem#SupportGems,Elemental Focus,Elemental Focus (3)Support,Support,Support,,,,,,,,,,,,,,,,,,,,,,,,,,,,https://cdn.poe2db.tw/image/Art/2DArt/SkillIcons/Support/ElementalFocusSupport.webp,,Other
1788936683-462,https://poe2db.tw/us/Gem#SupportGems,Energy Capacitor,Energy Capacitor (3)Support,Support,Support,,,,,,,,,,,,,,,,,,,,,,,,,,,,https://cdn.poe2db.tw/image/Art/2DArt/SkillIcons/Support/CapacitorSupport.webp,,Other
1788936683-463,https://poe2db.tw/us/Gem#SupportGems,Energy Retention,"Energy Retention (3)Support, Trigger","Support, Trigger",Support,,,,,,,,,,,,,,,,,,,,Trigger,,,,,,,,https://cdn.poe2db.tw/image/Art/2DArt/SkillIcons/Support/EnergyRetentionSupport.webp,,Other
1788936683-464,https://poe2db.tw/us/Gem#SupportGems,Essence Harvest,"Essence Harvest (3)Support, Minion, Persistent","Support, Minion, Persistent",Support,,,,,,,,,,,,,,Minion,,,,,,,,,,Persistent,,,,https://cdn.poe2db.tw/image/Art/2DArt/SkillIcons/Support/EssenceHarvestSupport.webp,,Other
1788936683-465,https://poe2db.tw/us/Gem#SupportGems,Eternal Mark,"Eternal Mark (3)Support, Mark","Support, Mark",Support,,,,,,,,,,,,,,,,,,,,,,,,,,,,https://cdn.poe2db.tw/image/Art/2DArt/SkillIcons/Support/Undeterred.webp,,Other
1788936683-466,https://poe2db.tw/us/Gem#SupportGems,Execrate,Execrate (3)Support,Support,Support,,,,,,,,,,,,,,,,,,,,,,,,,,,,https://cdn.poe2db.tw/image/Art/2DArt/SkillIcons/Support/ExpanseSupport.webp,,Other
1788936683-467,https://poe2db.tw/us/Gem#SupportGems,Extraction,"Extraction (3)Support, Spell, Chaos","Support, Spell, Chaos",Support,,,,,Chaos,,,,,,,,,,,Spell,,,,,,,,,,,,https://cdn.poe2db.tw/image/Art/2DArt/SkillIcons/Support/ExtractionSupport.webp,,Other
1788936683-468,https://poe2db.tw/us/Gem#SupportGems,Feeding Frenzy I,"Feeding Frenzy I (3)Support, Minion","Support, Minion",Support,,,,,,,,,,,,,,Minion,,,,,,,,,,,,,,https://cdn.poe2db.tw/image/Art/2DArt/SkillIcons/Support/FeedingFrenzySupport.webp,,Other
1788936683-469,https://poe2db.tw/us/Gem#SupportGems,Harmonic Remnants II,"Harmonic Remnants II (3)Support, Remnant","Support, Remnant",Support,,,,,,,,,,,,,,,,,,,,,,,Remnant,,,,,https://cdn.poe2db.tw/image/Art/2DArt/SkillIcons/Support/RushedRemnantsSupport.webp,,Other
1788936683-470,https://poe2db.tw/us/Gem#SupportGems,Fluke,"Fluke (3)Support, Trigger","Support, Trigger",Support,,,,,,,,,,,,,,,,,,,,Trigger,,,,,,,,https://cdn.poe2db.tw/image/Art/2DArt/SkillIcons/Support/RandomisedTriggerSupport.webp,,Other
1788936683-471,https://poe2db.tw/us/Gem#SupportGems,Frostfire,"Frostfire (3)Support, Cold, Fire, Payoff","Support, Cold, Fire, Payoff",Support,,,,,,,,,,Fire,,,,,,,,,Cold,,,,,,,,Payoff,https://cdn.poe2db.tw/image/Art/2DArt/SkillIcons/Support/FrostfireSupport.webp,fire,Other
1788936683-472,https://poe2db.tw/us/Gem#SupportGems,Gambleshot,"Gambleshot (3)Support, Projectile","Support, Projectile",Support,,,,,,,,,Projectile,,,,,,,,,,,,,,,,,,,https://cdn.poe2db.tw/image/Art/2DArt/SkillIcons/Support/GambleshotSupport.webp,,Other
1788936683-473,https://poe2db.tw/us/Gem#SupportGems,Hex Bloom,"Hex Bloom (3)Support, AoE, Curse","Support, AoE, Curse",Support,,,Curse,,,,,,,,,,,,,,,,,,AoE,,,,,,,https://cdn.poe2db.tw/image/Art/2DArt/SkillIcons/Support/HexBloomSupport.webp,,Other
1788936683-474,https://poe2db.tw/us/Gem#SupportGems,Ice Bite II,"Ice Bite II (3)Support, Warcry, Cold, Duration","Support, Warcry, Cold, Duration",Support,,,,,,,Warcry,,,,,,,,,,,,Cold,,,Duration,,,,,,https://cdn.poe2db.tw/image/Art/2DArt/SkillIcons/Support/IceBiteSupport.webp,,Other
1788936683-475,https://poe2db.tw/us/Gem#SupportGems,Supercritical,Supercritical (3)Support,Support,Support,,,,,,,,,,,,,,,,,,,,,,,,,,,,https://cdn.poe2db.tw/image/Art/2DArt/SkillIcons/Support/IncreasedCritDamageSupport.webp,,Other
1788936683-476,https://poe2db.tw/us/Gem#SupportGems,Inexorable Critical I,Inexorable Critical I (3)Support,Support,Support,,,,,,,,,,,,,,,,,,,,,,,,,,,,https://cdn.poe2db.tw/image/Art/2DArt/SkillIcons/Support/InevitableCriticalsSupport.webp,,Other
1788936683-477,https://poe2db.tw/us/Gem#SupportGems,Magnified Area II,"Magnified Area II (3)Support, AoE","Support, AoE",Support,,,,,,,,,,,,,,,,,,,,,AoE,,,,,,,https://cdn.poe2db.tw/image/Art/2DArt/SkillIcons/Support/IncreasedAreaOfEffectSupport.webp,,Other
1788936683-478,https://poe2db.tw/us/Gem#SupportGems,Muster,"Muster (3)Support, Minion","Support, Minion",Support,,,,,,,,,,,,,,Minion,,,,,,,,,,,,,,https://cdn.poe2db.tw/image/Art/2DArt/SkillIcons/Support/VariedTroopsSupport.webp,,Other
1788936683-479,https://poe2db.tw/us/Gem#SupportGems,Practical Magic I,"Practical Magic I (3)Support, Spell, Duration","Support, Spell, Duration",Support,,,,,,,,,,,,,,,,Spell,,,,,,Duration,,,,,,https://cdn.poe2db.tw/image/Art/2DArt/SkillIcons/Support/StunningMagic.webp,,Other
1788936683-480,https://poe2db.tw/us/Gem#SupportGems,Ritualistic Curse,"Ritualistic Curse (3)Support, AoE, Curse","Support, AoE, Curse",Support,,,Curse,,,,,,,,,,,,,,,,,,AoE,,,,,,,https://cdn.poe2db.tw/image/Art/2DArt/SkillIcons/Support/RitualisticCurseSupport.webp,curse,Other
1788936683-481,https://poe2db.tw/us/Gem#SupportGems,Sacrificial Lamb II,"Sacrificial Lamb II (3)Support, Minion","Support, Minion",Support,,,,,,,,,,,,,,Minion,,,,,,,,,,,,,,https://cdn.poe2db.tw/image/Art/2DArt/SkillIcons/Support/SacrificalLambSupport.webp,,Other
1788936683-482,https://poe2db.tw/us/Gem#SupportGems,Sacrificial Offering,Sacrificial Offering (3)Support,Support,Support,,,,,,,,,,,,,,,,,,,,,,,,,,,,https://cdn.poe2db.tw/image/Art/2DArt/SkillIcons/Support/AblationSupport.webp,,Ring
1788936683-483,https://poe2db.tw/us/Gem#SupportGems,Electromagnetism,"Electromagnetism (3)Support, Spell, AoE, Trigger, Sustained, Lightning, Payoff","Support, Spell, AoE, Trigger, Sustained, Lightning, Payoff",Support,,,,,,,,,,,,,,,,Spell,,Lightning,,Trigger,AoE,,,,,,Payoff,https://cdn.poe2db.tw/image/Art/2DArt/SkillIcons/Support/ShockingRiftSupport.webp,,Other
1788936683-484,https://poe2db.tw/us/Gem#SupportGems,Static Shocks,"Static Shocks (3)Support, Spell, AoE, Trigger, Sustained, Lightning, Duration","Support, Spell, AoE, Trigger, Sustained, Lightning, Duration",Support,,,,,,,,,,,,,,,,Spell,,Lightning,,Trigger,AoE,Duration,,,,,,https://cdn.poe2db.tw/image/Art/2DArt/SkillIcons/Support/GroundingShocksSupport.webp,,Other
1788936683-485,https://poe2db.tw/us/Gem#SupportGems,Stormfire,"Stormfire (3)Support, Lightning, Fire","Support, Lightning, Fire",Support,,,,,,,,,,Fire,,,,,,,,Lightning,,,,,,,,,,https://cdn.poe2db.tw/image/Art/2DArt/SkillIcons/Support/StormfireSupport.webp,fire,Other
1788936683-486,https://poe2db.tw/us/Gem#SupportGems,Strong Hearted,"Strong Hearted (3)Support, Buff, Persistent","Support, Buff, Persistent",Support,,,,,,,,,,,,,,,,,,,,,,,,Persistent,Buff,,,https://cdn.poe2db.tw/image/Art/2DArt/SkillIcons/Support/StrongHeartedSupport.webp,,Other
1788936683-487,https://poe2db.tw/us/Gem#SupportGems,Thrill of the Kill II,"Thrill of the Kill II (3)Support, Attack, Lightning, Duration","Support, Attack, Lightning, Duration",Support,,,,,,,,,,,,,,,,,Attack,Lightning,,,,Duration,,,,,,https://cdn.poe2db.tw/image/Art/2DArt/SkillIcons/Support/ThrilloftheKillSupport.webp,,Other
1788936683-488,https://poe2db.tw/us/Gem#SupportGems,Verglas,"Verglas (3)Support, Cold","Support, Cold",Support,,,,,,,,,,,,,,,,,,,Cold,,,,,,,,,https://cdn.poe2db.tw/image/Art/2DArt/SkillIcons/Support/VerglasSupport.webp,,Other
1788936683-489,https://poe2db.tw/us/Gem#SupportGems,Volatility,"Volatility (3)Support, Physical, Chaos","Support, Physical, Chaos",Support,,,,,Chaos,,,,,,,Physical,,,,,,,,,,,,,,,,https://cdn.poe2db.tw/image/Art/2DArt/SkillIcons/Support/InstabilitySupport.webp,,Other
1788936683-490,https://poe2db.tw/us/Gem#SupportGems,Fortress II,Fortress II (3)Support,Support,Support,,,,,,,,,,,,,,,,,,,,,,,,,,,,https://cdn.poe2db.tw/image/Art/2DArt/SkillIcons/Support/WallFortressSupport.webp,,Other
1788936683-491,https://poe2db.tw/us/Gem#SupportGems,Wildshards I,"Wildshards I (3)Support, Spell, Projectile","Support, Spell, Projectile",Support,,,,,,,,,Projectile,,,,,,,Spell,,,,,,,,,,,,https://cdn.poe2db.tw/image/Art/2DArt/SkillIcons/Support/WildshardsSupport.webp,,Other
1788936683-492,https://poe2db.tw/us/Gem#SupportGems,Zenith II,"Zenith II (3)Support, Spell","Support, Spell",Support,,,,,,,,,,,,,,,,Spell,,,,,,,,,,,,https://cdn.poe2db.tw/image/Art/2DArt/SkillIcons/Support/ManatenanceSupport.webp,,Other
1788936683-493,https://poe2db.tw/us/Gem#SupportGems,Advancing Storm,"Advancing Storm (4)Support, Storm","Support, Storm",Support,,,,,,,,,,,,,,,,,,,,,,,,,,,,https://cdn.poe2db.tw/image/Art/2DArt/SkillIcons/Support/MovingStorms.webp,,Other
1788936683-494,https://poe2db.tw/us/Gem#SupportGems,Bidding II,"Bidding II (4)Support, Minion, Command","Support, Minion, Command",Support,,,,,,,,,,,,,,Minion,,,,,,,,,,,,,,https://cdn.poe2db.tw/image/Art/2DArt/SkillIcons/Support/BiddingSupport.webp,,Other
1788936683-495,https://poe2db.tw/us/Gem#SupportGems,Blazing Critical,"Blazing Critical (4)Support, Attack, Fire, Duration","Support, Attack, Fire, Duration",Support,,,,,,,,,,Fire,,,,,,,Attack,,,,,Duration,,,,,,https://cdn.poe2db.tw/image/Art/2DArt/SkillIcons/Support/BlazingCritsSupport.webp,,Other
1788936683-496,https://poe2db.tw/us/Gem#SupportGems,Boundless Energy II,Boundless Energy II (4)Support,Support,Support,,,,,,,,,,,,,,,,,,,,,,,,,,,,https://cdn.poe2db.tw/image/Art/2DArt/SkillIcons/Support/ImpetusSupport.webp,,Other
1788936683-497,https://poe2db.tw/us/Gem#SupportGems,Burgeon II,"Burgeon II (4)Support, Channelling","Support, Channelling",Support,,,,,,,,Channelling,,,,,,,,,,,,,,,,,,,,https://cdn.poe2db.tw/image/Art/2DArt/SkillIcons/Support/ChannellingDamageSupport.webp,,Other
1788936683-498,https://poe2db.tw/us/Gem#SupportGems,Burning Inscription,"Burning Inscription (4)Support, AoE, Trigger, Fire","Support, AoE, Trigger, Fire",Support,,,,,,,,,,Fire,,,,,,,,,,Trigger,AoE,,,,,,,https://cdn.poe2db.tw/image/Art/2DArt/SkillIcons/Support/BurningRunesSupport.webp,,Other
1788936683-499,https://poe2db.tw/us/Gem#SupportGems,Clarity II,"Clarity II (4)Support, Buff, Persistent","Support, Buff, Persistent",Support,,,,,,,,,,,,,,,,,,,,,,,,Persistent,Buff,,,https://cdn.poe2db.tw/image/Art/2DArt/SkillIcons/Support/ClaritySupport.webp,,Other
1788936683-500,https://poe2db.tw/us/Gem#SupportGems,Cold Exposure,"Cold Exposure (4)Support, Cold, Duration","Support, Cold, Duration",Support,,,,,,,,,,,,,,,,,,,Cold,,,Duration,,,,,,https://cdn.poe2db.tw/image/Art/2DArt/SkillIcons/Support/ColdExposureSupport.webp,cold,Other
1788936683-501,https://poe2db.tw/us/Gem#SupportGems,Concussive Spells,"Concussive Spells (4)Support, Spell, Physical","Support, Spell, Physical",Support,,,,,,,,,,,,Physical,,,,Spell,,,,,,,,,,,,https://cdn.poe2db.tw/image/Art/2DArt/SkillIcons/Support/DazeonCrit.webp,spell,Other
1788936683-502,https://poe2db.tw/us/Gem#SupportGems,Crazed Minions,"Crazed Minions (4)Support, Minion, Persistent","Support, Minion, Persistent",Support,,,,,,,,,,,,,,Minion,,,,,,,,,,Persistent,,,,https://cdn.poe2db.tw/image/Art/2DArt/SkillIcons/Support/CrazedMinionsSupport.webp,minion,Other
1788936683-503,https://poe2db.tw/us/Gem#SupportGems,Crescendo II,"Crescendo II (4)Support, Attack, Melee, Strike","Support, Attack, Melee, Strike",Support,,,,,,,,,,,Strike,,,,Melee,,Attack,,,,,,,,,,,https://cdn.poe2db.tw/image/Art/2DArt/SkillIcons/Support/ExtendedCombo.webp,,Other
1788936683-504,https://poe2db.tw/us/Gem#SupportGems,Derange,Derange (4)Support,Support,Support,,,,,,,,,,,,,,,,,,,,,,,,,,,,https://cdn.poe2db.tw/image/Art/2DArt/SkillIcons/Support/DerangeSupport.webp,,Other
1788936683-505,https://poe2db.tw/us/Gem#SupportGems,Empowered Sparks II,"Empowered Sparks II (4)Support, Projectile, Trigger, Lightning, Duration","Support, Projectile, Trigger, Lightning, Duration",Support,,,,,,,,,Projectile,,,,,,,,,Lightning,,Trigger,,Duration,,,,,,https://cdn.poe2db.tw/image/Art/2DArt/SkillIcons/Support/EmpoweredSparks.webp,,Other
1788936683-506,https://poe2db.tw/us/Gem#SupportGems,Feeding Frenzy II,"Feeding Frenzy II (4)Support, Minion","Support, Minion",Support,,,,,,,,,,,,,,Minion,,,,,,,,,,,,,,https://cdn.poe2db.tw/image/Art/2DArt/SkillIcons/Support/FeedingFrenzySupport.webp,,Other
1788936683-507,https://poe2db.tw/us/Gem#SupportGems,Hulking Minions,"Hulking Minions (4)Support, Minion, Persistent","Support, Minion, Persistent",Support,,,,,,,,,,,,,,Minion,,,,,,,,,,Persistent,,,,https://cdn.poe2db.tw/image/Art/2DArt/SkillIcons/Support/EnormitySupport.webp,minion,Other
1788936683-508,https://poe2db.tw/us/Gem#SupportGems,Inexorable Critical II,Inexorable Critical II (4)Support,Support,Support,,,,,,,,,,,,,,,,,,,,,,,,,,,,https://cdn.poe2db.tw/image/Art/2DArt/SkillIcons/Support/InevitableCriticalsSupport.webp,,Other
1788936683-509,https://poe2db.tw/us/Gem#SupportGems,Living Lightning II,"Living Lightning II (4)Support, Minion, Trigger, Lightning, Duration","Support, Minion, Trigger, Lightning, Duration",Support,,,,,,,,,,,,,,Minion,,,,Lightning,,Trigger,,Duration,,,,,,https://cdn.poe2db.tw/image/Art/2DArt/SkillIcons/Support/LivingLightningSupport.webp,lightning,Other
1788936683-510,https://poe2db.tw/us/Gem#SupportGems,Mark of Siphoning II,"Mark of Siphoning II (4)Support, Mark","Support, Mark",Support,,,,,,,,,,,,,,,,,,,,,,,,,,,,https://cdn.poe2db.tw/image/Art/2DArt/SkillIcons/Support/MarkedForDrain.webp,,Other
1788936683-511,https://poe2db.tw/us/Gem#SupportGems,Minion Pact II,"Minion Pact II (4)Support, Minion","Support, Minion",Support,,,,,,,,,,,,,,Minion,,,,,,,,,,,,,,https://cdn.poe2db.tw/image/Art/2DArt/SkillIcons/Support/MinionPactSupport.webp,minion,Other
1788936683-512,https://poe2db.tw/us/Gem#SupportGems,Mysticism II,"Mysticism II (4)Support, Buff, Persistent","Support, Buff, Persistent",Support,,,,,,,,,,,,,,,,,,,,,,,,Persistent,Buff,,,https://cdn.poe2db.tw/image/Art/2DArt/SkillIcons/Support/MysticismSupport.webp,,Other
1788936683-513,https://poe2db.tw/us/Gem#SupportGems,Rapid Casting II,"Rapid Casting II (4)Support, Spell","Support, Spell",Support,,,,,,,,,,,,,,,,Spell,,,,,,,,,,,,https://cdn.poe2db.tw/image/Art/2DArt/SkillIcons/Support/FasterCastSupport.webp,,Other
1788936683-514,https://poe2db.tw/us/Gem#SupportGems,Upwelling II,"Upwelling II (4)Support, Buff, Persistent","Support, Buff, Persistent",Support,,,,,,,,,,,,,,,,,,,,,,,,Persistent,Buff,,,https://cdn.poe2db.tw/image/Art/2DArt/SkillIcons/Support/UpwellingSupport.webp,,Other
1788936683-515,https://poe2db.tw/us/Gem#SupportGems,Bidding III,"Bidding III (5)Support, Minion, Command","Support, Minion, Command",Support,,,,,,,,,,,,,,Minion,,,,,,,,,,,,,,https://cdn.poe2db.tw/image/Art/2DArt/SkillIcons/Support/BiddingSupport.webp,,Other
1788936683-516,https://poe2db.tw/us/Gem#SupportGems,Biting Frost II,"Biting Frost II (5)Support, Cold, Payoff","Support, Cold, Payoff",Support,,,,,,,,,,,,,,,,,,,Cold,,,,,,,,Payoff,https://cdn.poe2db.tw/image/Art/2DArt/SkillIcons/Support/BitingFrostSupport.webp,,Other
1788936683-517,https://poe2db.tw/us/Gem#SupportGems,Catalysing Elements,"Catalysing Elements (5)Support, Spell, AoE, Trigger, Lightning, Cold, Fire","Support, Spell, AoE, Trigger, Lightning, Cold, Fire",Support,,,,,,,,,,Fire,,,,,,Spell,,Lightning,Cold,Trigger,AoE,,,,,,,https://cdn.poe2db.tw/image/Art/2DArt/SkillIcons/Support/CatalysingElementsSupport.webp,,Other
1788936683-518,https://poe2db.tw/us/Gem#SupportGems,Chaos Mastery,"Chaos Mastery (5)Support, Chaos","Support, Chaos",Support,,,,,Chaos,,,,,,,,,,,,,,,,,,,,,,,https://cdn.poe2db.tw/image/Art/2DArt/SkillIcons/Support/ChaosMasterySupport.webp,chaos,Other
1788936683-519,https://poe2db.tw/us/Gem#SupportGems,Cold Mastery,"Cold Mastery (5)Support, Cold","Support, Cold",Support,,,,,,,,,,,,,,,,,,,Cold,,,,,,,,,https://cdn.poe2db.tw/image/Art/2DArt/SkillIcons/Support/ColdMasterySupport.webp,cold,Other
1788936683-520,https://poe2db.tw/us/Gem#SupportGems,Crescendo III,"Crescendo III (5)Support, Attack, Melee, Strike","Support, Attack, Melee, Strike",Support,,,,,,,,,,,Strike,,,,Melee,,Attack,,,,,,,,,,,https://cdn.poe2db.tw/image/Art/2DArt/SkillIcons/Support/ExtendedCombo.webp,,Other
1788936683-521,https://poe2db.tw/us/Gem#SupportGems,Expand,"Expand (5)Support, Spell, AoE","Support, Spell, AoE",Support,,,,,,,,,,,,,,,,Spell,,,,,AoE,,,,,,,https://cdn.poe2db.tw/image/Art/2DArt/SkillIcons/Support/ExpandSupport.webp,,Other
1788936683-522,https://poe2db.tw/us/Gem#SupportGems,Accelerated Growth II,"Accelerated Growth II (5)Support, Spell, AoE, Trigger, Plant","Support, Spell, AoE, Trigger, Plant",Support,,,,,,,,,,,,,,,,Spell,,,,Trigger,AoE,,,,,,,https://cdn.poe2db.tw/image/Art/2DArt/SkillIcons/Support/ExplosiveGrowth.webp,,Other
1788936683-523,https://poe2db.tw/us/Gem#SupportGems,Fire Mastery,"Fire Mastery (5)Support, Fire","Support, Fire",Support,,,,,,,,,,Fire,,,,,,,,,,,,,,,,,,https://cdn.poe2db.tw/image/Art/2DArt/SkillIcons/Support/FireMasterySupport.webp,fire,Other
1788936683-524,https://poe2db.tw/us/Gem#SupportGems,Lightning Mastery,"Lightning Mastery (5)Support, Lightning","Support, Lightning",Support,,,,,,,,,,,,,,,,,,Lightning,,,,,,,,,,https://cdn.poe2db.tw/image/Art/2DArt/SkillIcons/Support/LightningMasterySupport.webp,lightning,Other
1788936683-525,https://poe2db.tw/us/Gem#SupportGems,Minion Mastery,"Minion Mastery (5)Support, Minion","Support, Minion",Support,,,,,,,,,,,,,,Minion,,,,,,,,,,,,,,https://cdn.poe2db.tw/image/Art/2DArt/SkillIcons/Support/PhysicalMasterySupport.webp,minion,Other
1788936683-526,https://poe2db.tw/us/Gem#SupportGems,Physical Mastery,"Physical Mastery (5)Support, Physical","Support, Physical",Support,,,,,,,,,,,,Physical,,,,,,,,,,,,,,,,https://cdn.poe2db.tw/image/Art/2DArt/SkillIcons/Support/PhysicalMasterySupport.webp,physical,Other
1788936683-527,https://poe2db.tw/us/Gem#SupportGems,Practical Magic II,"Practical Magic II (5)Support, Spell, Duration","Support, Spell, Duration",Support,,,,,,,,,,,,,,,,Spell,,,,,,Duration,,,,,,https://cdn.poe2db.tw/image/Art/2DArt/SkillIcons/Support/StunningMagic.webp,,Other
1788936683-528,https://poe2db.tw/us/Gem#SupportGems,Profanity II,"Profanity II (5)Support, Chaos","Support, Chaos",Support,,,,,Chaos,,,,,,,,,,,,,,,,,,,,,,,https://cdn.poe2db.tw/image/Art/2DArt/SkillIcons/Support/ProfanitySupport.webp,,Other
1788936683-529,https://poe2db.tw/us/Gem#SupportGems,Rapid Casting III,"Rapid Casting III (5)Support, Spell","Support, Spell",Support,,,,,,,,,,,,,,,,Spell,,,,,,,,,,,,https://cdn.poe2db.tw/image/Art/2DArt/SkillIcons/Support/FasterCastSupport.webp,,Other
1788936683-530,https://poe2db.tw/us/Gem#SupportGems,Wildshards II,"Wildshards II (5)Support, Spell, Projectile","Support, Spell, Projectile",Support,,,,,,,,,Projectile,,,,,,,Spell,,,,,,,,,,,,https://cdn.poe2db.tw/image/Art/2DArt/SkillIcons/Support/WildshardsSupport.webp,,Other
1788936683-531,https://poe2db.tw/us/Gem#SupportGems,Arbiter's Reach,"Arbiter's Reach (1)Support, Lineage, Buff, Persistent, Duration","Support, Lineage, Buff, Persistent, Duration",Support,,,,,,,,,,,,,Lineage,,,,,,,,,Duration,,Persistent,Buff,,,https://cdn.poe2db.tw/image/Art/2DItems/Gems/New/NewSupport/Lineage/MothersWard.webp,,Other
1788936683-532,https://poe2db.tw/us/Gem#SupportGems,Breachlord's Amalgam,"Breachlord's Amalgam (1)Support, Lineage, Projectile, Lightning, Cold","Support, Lineage, Projectile, Lightning, Cold",Support,,,,,,,,,Projectile,,,,Lineage,,,,,Lightning,Cold,,,,,,,,,https://cdn.poe2db.tw/image/Art/2DItems/Gems/New/NewSupport/Lineage/BreachlordsAmalgam.webp,,Other
1788936683-533,https://poe2db.tw/us/Gem#SupportGems,Catha's Brilliance,"Catha's Brilliance (1)Support, Lineage, Minion, AoE, Fire","Support, Lineage, Minion, AoE, Fire",Support,,,,,,,,,,Fire,,,Lineage,Minion,,,,,,,AoE,,,,,,,https://cdn.poe2db.tw/image/Art/2DItems/Gems/New/NewSupport/Lineage/CathasBrilliance.webp,,Other
1788936683-534,https://poe2db.tw/us/Gem#SupportGems,Concussive Runes,"Concussive Runes (1)Support, Attack, AoE, Melee, Slam, Trigger","Support, Attack, AoE, Melee, Slam, Trigger",Support,,,,,,,,,,,,,,,Melee,,Attack,,,Trigger,AoE,,,,,Slam,,https://cdn.poe2db.tw/image/Art/2DArt/SkillIcons/Support/ExpeditionPummel.webp,,Other
1788936683-535,https://poe2db.tw/us/Gem#SupportGems,Esh's Prowess,"Esh's Prowess (1)Support, Lineage, Lightning","Support, Lineage, Lightning",Support,,,,,,,,,,,,,Lineage,,,,,Lightning,,,,,,,,,,https://cdn.poe2db.tw/image/Art/2DItems/Gems/New/NewSupport/Lineage/EshsProwess.webp,,Other
1788936683-536,https://poe2db.tw/us/Gem#SupportGems,Fist Of Kalguur,"Fist Of Kalguur (1)Support, Attack, AoE, Melee, Slam, Trigger, Physical, Duration","Support, Attack, AoE, Melee, Slam, Trigger, Physical, Duration",Support,,,,,,,,,,,,Physical,,,Melee,,Attack,,,Trigger,AoE,Duration,,,,Slam,,https://cdn.poe2db.tw/image/Art/2DArt/SkillIcons/Support/ExpeditionFistofKalguur.webp,,Other
1788936683-537,https://poe2db.tw/us/Gem#SupportGems,Healing Runes,"Healing Runes (1)Support, Buff, Persistent","Support, Buff, Persistent",Support,,,,,,,,,,,,,,,,,,,,,,,,Persistent,Buff,,,https://cdn.poe2db.tw/image/Art/2DArt/SkillIcons/Support/ExpeditionHealingRunes.webp,,Other
1788936683-538,https://poe2db.tw/us/Gem#SupportGems,Her Declaration,"Her Declaration (1)Support, Lineage, Buff, Persistent","Support, Lineage, Buff, Persistent",Support,,,,,,,,,,,,,Lineage,,,,,,,,,,,Persistent,Buff,,,https://cdn.poe2db.tw/image/Art/2DItems/Gems/New/NewSupport/Lineage/MothersDeclaration.webp,,Other
1788936683-539,https://poe2db.tw/us/Gem#SupportGems,Medved's Felling,"Medved's Felling (1)Support, Lineage, Attack, Melee","Support, Lineage, Attack, Melee",Support,,,,,,,,,,,,,Lineage,,Melee,,Attack,,,,,,,,,,,https://cdn.poe2db.tw/image/Art/2DItems/Gems/New/NewSupport/Lineage/MedvedsFelling.webp,,Other
1788936683-540,https://poe2db.tw/us/Gem#SupportGems,Mórrigan's Insight,"Mórrigan's Insight (1)Support, Lineage, Trigger, Cold, Duration, Payoff","Support, Lineage, Trigger, Cold, Duration, Payoff",Support,,,,,,,,,,,,,Lineage,,,,,,Cold,Trigger,,Duration,,,,,Payoff,https://cdn.poe2db.tw/image/Art/2DItems/Gems/New/NewSupport/Lineage/MorrigansRefuge.webp,,Other
1788936683-541,https://poe2db.tw/us/Gem#SupportGems,Olroth's Conviction,"Olroth's Conviction (1)Support, Lineage","Support, Lineage",Support,,,,,,,,,,,,,Lineage,,,,,,,,,,,,,,,https://cdn.poe2db.tw/image/Art/2DItems/Gems/New/NewSupport/Lineage/OlrothsConviction.webp,,Other
1788936683-542,https://poe2db.tw/us/Gem#SupportGems,Olroth's Hubris,"Olroth's Hubris (1)Support, Lineage","Support, Lineage",Support,,,,,,,,,,,,,Lineage,,,,,,,,,,,,,,,https://cdn.poe2db.tw/image/Art/2DItems/Gems/New/NewSupport/Lineage/OlrothsHubris.webp,,Other
1788936683-543,https://poe2db.tw/us/Gem#SupportGems,Prototype Seventeen,"Prototype Seventeen (1)Support, Lineage","Support, Lineage",Support,,,,,,,,,,,,,Lineage,,,,,,,,,,,,,,,https://cdn.poe2db.tw/image/Art/2DItems/Gems/New/NewSupport/Lineage/PrototypeSeventeen.webp,,Other
1788936683-544,https://poe2db.tw/us/Gem#SupportGems,Runeforged Blades,"Runeforged Blades (1)Support, Attack, Projectile, Trigger, Payoff","Support, Attack, Projectile, Trigger, Payoff",Support,,,,,,,,,Projectile,,,,,,,,Attack,,,Trigger,,,,,,,Payoff,https://cdn.poe2db.tw/image/Art/2DArt/SkillIcons/Support/BlankWhiteSupport.webp,,Other
1788936683-545,https://poe2db.tw/us/Gem#SupportGems,Runic Extraction,"Runic Extraction (1)Support, Remnant","Support, Remnant",Support,,,,,,,,,,,,,,,,,,,,,,,Remnant,,,,,https://cdn.poe2db.tw/image/Art/2DArt/SkillIcons/Support/ExpeditionRunicExtraction.webp,,Other
1788936683-546,https://poe2db.tw/us/Gem#SupportGems,Runic Infusion,"Runic Infusion (1)Support, Attack, Physical","Support, Attack, Physical",Support,,,,,,,,,,,,Physical,,,,,Attack,,,,,,,,,,,https://cdn.poe2db.tw/image/Art/2DArt/SkillIcons/Support/ExpeditionRunicInfusion.webp,,Other
1788936683-547,https://poe2db.tw/us/Gem#SupportGems,Scouring Flame,"Scouring Flame (1)Support, Fire","Support, Fire",Support,,,,,,,,,,Fire,,,,,,,,,,,,,,,,,,https://cdn.poe2db.tw/image/Art/2DArt/SkillIcons/Support/ExpeditionScouringFlame.webp,,Ring
1788936683-548,https://poe2db.tw/us/Gem#SupportGems,Seraph's Heart,"Seraph's Heart (1)Support, Lineage, Buff, Persistent","Support, Lineage, Buff, Persistent",Support,,,,,,,,,,,,,Lineage,,,,,,,,,,,Persistent,Buff,,,https://cdn.poe2db.tw/image/Art/2DItems/Gems/New/NewSupport/Lineage/SeraphsHeart.webp,,Other
1788936683-549,https://poe2db.tw/us/Gem#SupportGems,Styrn's Ferocity,"Styrn's Ferocity (1)Support, Lineage, Physical","Support, Lineage, Physical",Support,,,,,,,,,,,,Physical,Lineage,,,,,,,,,,,,,,,https://cdn.poe2db.tw/image/Art/2DItems/Gems/New/NewSupport/Lineage/KnightsFerocity.webp,,Other
1788936683-550,https://poe2db.tw/us/Gem#SupportGems,Styrn's Mountain,"Styrn's Mountain (1)Support, Lineage","Support, Lineage",Support,,,,,,,,,,,,,Lineage,,,,,,,,,,,,,,,https://cdn.poe2db.tw/image/Art/2DItems/Gems/New/NewSupport/Lineage/KnightsLegacy.webp,,Other
1788936683-551,https://poe2db.tw/us/Gem#SupportGems,Tangmazu's Thurible,"Tangmazu's Thurible (1)Support, Lineage, Minion, Persistent","Support, Lineage, Minion, Persistent",Support,,,,,,,,,,,,,Lineage,Minion,,,,,,,,,,Persistent,,,,https://cdn.poe2db.tw/image/Art/2DItems/Gems/New/NewSupport/Lineage/TangmazusThurible.webp,,Other
1788936683-552,https://poe2db.tw/us/Gem#SupportGems,Trickster's Shard,"Trickster's Shard (1)Support, Lineage, Spell, AoE, Trigger, Duration","Support, Lineage, Spell, AoE, Trigger, Duration",Support,,,,,,,,,,,,,Lineage,,,Spell,,,,Trigger,AoE,Duration,,,,,,https://cdn.poe2db.tw/image/Art/2DItems/Gems/New/NewSupport/Lineage/TrickstersShard.webp,,Other
1788936683-553,https://poe2db.tw/us/Gem#SupportGems,Tul's Avalanche,"Tul's Avalanche (1)Support, Lineage, Spell, AoE","Support, Lineage, Spell, AoE",Support,,,,,,,,,,,,,Lineage,,,Spell,,,,,AoE,,,,,,,https://cdn.poe2db.tw/image/Art/2DItems/Gems/New/NewSupport/Lineage/TulsProgeny.webp,,Other
1788936683-554,https://poe2db.tw/us/Gem#SupportGems,Uhtred's Constellation,"Uhtred's Constellation (1)Support, Lineage","Support, Lineage",Support,,,,,,,,,,,,,Lineage,,,,,,,,,,,,,,,https://cdn.poe2db.tw/image/Art/2DItems/Gems/New/NewSupport/Lineage/UhtredsConstellation.webp,,Other
1788936683-555,https://poe2db.tw/us/Gem#SupportGems,Uhtred's Rite,"Uhtred's Rite (1)Support, Lineage, Duration","Support, Lineage, Duration",Support,,,,,,,,,,,,,Lineage,,,,,,,,,Duration,,,,,,https://cdn.poe2db.tw/image/Art/2DItems/Gems/New/NewSupport/Lineage/UthredsChalice.webp,,Other
1788936683-556,https://poe2db.tw/us/Gem#SupportGems,Vorana's Siege,"Vorana's Siege (1)Support, Lineage, AoE","Support, Lineage, AoE",Support,,,,,,,,,,,,,Lineage,,,,,,,,AoE,,,,,,,https://cdn.poe2db.tw/image/Art/2DItems/Gems/New/NewSupport/Lineage/VoranasSiege.webp,,Other
1788936683-557,https://poe2db.tw/us/Gem#SupportGems,Vruun's Aftermath,"Vruun's Aftermath (1)Support, Lineage, Warcry","Support, Lineage, Warcry",Support,,,,,,,Warcry,,,,,,Lineage,,,,,,,,,,,,,,,https://cdn.poe2db.tw/image/Art/2DItems/Gems/New/NewSupport/Lineage/VruunsAftermath.webp,,Other
