web_scraper_order,web_scraper_start_url,data,data2,data3,data4,data5,data6,data7,data8,data9,data10,data11,data12,data13,data14,data15,data16,data17,data18,data19,data20,data21,data22,data23,data24,data25,data26,data27,data28,data29,data30,data31,data32,data33,data34,data35,data36,data37,data38,data39,data40,data41,data42,data43,image,image2
"1788937524-1","https://poe2db.tw/us/Ascendancy_class#Ascendancypassives","Earthbreaker","Ascendancy: Titan","","","","","25","25% chance for Slam Skills you use yourself to cause an additional Aftershock","","","","","Slam","Titan","","Warrior","","","","","","Character: Warrior","","","","","","","","","","","","","","","","","","","","","","https://cdn.poe2db.tw/image/Art/2DArt/SkillIcons/passives/Titan/TitanSlamSkillsAftershock.webp",""
"1788937524-2","https://poe2db.tw/us/Ascendancy_class#Ascendancypassives","Ancestral Empowerment","Ascendancy: Titan","","","","","","Every second Slam Skill you use yourself is Ancestrally Boosted","","","","","Slam","Titan","","Warrior","","","","","","Character: Warrior","","","","","","","","","","","","","","","","","","","","","","https://cdn.poe2db.tw/image/Art/2DArt/SkillIcons/passives/Titan/TitanSlamSkillsFistOfWar.webp",""
"1788937524-3","https://poe2db.tw/us/Ascendancy_class#Ascendancypassives","Mountain Splitter","Ascendancy: Titan","","","","","3","Every Third Slam skill that doesn't create Fissures which you use yourself causes 3 additional Aftershocks ahead and to each side of the initial area","","","","","Slam","Titan","","Warrior","","","","","","Character: Warrior","","","","","","","","","","","","","","","","","","","","","","https://cdn.poe2db.tw/image/Art/2DArt/SkillIcons/passives/Titan/TitanMountainSplitter.webp",""
"1788937524-4","https://poe2db.tw/us/Ascendancy_class#Ascendancypassives","Crushing Impacts","Ascendancy: Titan","","","","","","Your Hits are Crushing Blows","25","25% more Damage against Heavy Stunned Enemies","","","","Titan","","Warrior","","","","","","Character: Warrior","","","","","","","","","","","","","","","","","","","","","","https://cdn.poe2db.tw/image/Art/2DArt/SkillIcons/passives/Titan/TitanYourHitsCrushEnemies.webp",""
"1788937524-5","https://poe2db.tw/us/Ascendancy_class#Ascendancypassives","Hulking Form","Ascendancy: Titan","","","","","50","50% increased effect of Small Passive Skills","","","","","","Titan","","Warrior","","","","","","Character: Warrior","","","","","","","","","","","","","","","","","","","","","","https://cdn.poe2db.tw/image/Art/2DArt/SkillIcons/passives/Titan/TitanSmallPassiveDoubled.webp",""
"1788937524-6","https://poe2db.tw/us/Ascendancy_class#Ascendancypassives","Colossal Capacity","Ascendancy: Titan","","","","","","Carry a Chest which adds 20 Inventory Slots","","","","","","Titan","","Warrior","","","","","","Character: Warrior","","","","","","","","","","","","","","","","","","","","","","https://cdn.poe2db.tw/image/Art/2DArt/SkillIcons/passives/Titan/TitanAdditionalInventory.webp",""
"1788937524-7","https://poe2db.tw/us/Ascendancy_class#Ascendancypassives","Mysterious Lineage","Ascendancy: Titan","","","","","15","15% more Maximum Life","","","","","","Titan","","Warrior","","","","","","Character: Warrior","","","","","","","","","","","","","","","","","","","","","","https://cdn.poe2db.tw/image/Art/2DArt/SkillIcons/passives/Titan/TitanMoreMaxLife.webp",""
"1788937524-8","https://poe2db.tw/us/Ascendancy_class#Ascendancypassives","Stone Skin","Ascendancy: Titan","","","","","50","50% more Armour from Equipped Body Armour","","","","","","Titan","","Warrior","","Armour","","","","Character: Warrior","","","","","","","","","","","","","","","","","","","","","","https://cdn.poe2db.tw/image/Art/2DArt/SkillIcons/passives/Titan/TitanMoreBodyArmour.webp",""
"1788937524-9","https://poe2db.tw/us/Ascendancy_class#Ascendancypassives","Anvil's Weight","Ascendancy: Warbringer","","","","","10","Break Armour equal to 10% of Hit Damage dealt","","","","","","","Warbringer","Warrior","","","","","","Character: Warrior","","","","","","","","","","","","","","","","","","","","","","https://cdn.poe2db.tw/image/Art/2DArt/SkillIcons/passives/Warbringer/WarbringerBreakEnemyArmour.webp",""
"1788937524-10","https://poe2db.tw/us/Ascendancy_class#Ascendancypassives","Imploding Impacts","Ascendancy: Warbringer","","","","","","Fully Broken Armour you inflict increases all Damage Taken from Hits instead","","You can Break Enemy Armour to below 0","","","","","Warbringer","Warrior","","","","","","Character: Warrior","","","","","","","","","","","","","","","","","","","","","","https://cdn.poe2db.tw/image/Art/2DArt/SkillIcons/passives/Warbringer/WarbringerEnemyArmourBrokenBelowZero.webp",""
"1788937524-11","https://poe2db.tw/us/Ascendancy_class#Ascendancypassives","Jade Heritage","Ascendancy: Warbringer","Encase in Jade","","","","","Grants Skill: Encase in Jade","","Gain a stack of Jade every second","additional physical damage reduction % per jade [1]","additional physical damage reduction % per jade [1]","","","Warbringer","Warrior","","","","","","Character: Warrior","","","","","","","","","","","","","","","","","","","","","max jade stacks [10]","https://cdn.poe2db.tw/image/Art/2DArt/SkillIcons/passives/Warbringer/WarbringerEncasedInJade.webp","https://cdn.poe2db.tw/image/Art/2DArt/SkillIcons/BruteWarbringerEncasedJade.webp"
"1788937524-12","https://poe2db.tw/us/Ascendancy_class#Ascendancypassives","Warcaller's Bellow","Ascendancy: Warbringer","","","","","25","Warcries Explode Corpses dealing 25% of their Life as Physical Damage","","Ignore Warcry Cooldowns","","","","","Warbringer","Warrior","","","","","","Character: Warrior","","","","Physical","","","","","","","","","","","","","","","","","","https://cdn.poe2db.tw/image/Art/2DArt/SkillIcons/passives/Warbringer/WarbringerWarcryExplodesCorpses.webp",""
"1788937524-13","https://poe2db.tw/us/Ascendancy_class#Ascendancypassives","Answered Call","Ascendancy: Warbringer","Ancestral Spirits","","","","","Grants Skill: Ancestral Spirits","+1","+1 to maximum number of Summoned Totems","","Trigger Ancestral Spirits when you Summon a Totem","","","Warbringer","Warrior","","","","","","Character: Warrior","","","","","","","","","","","","","","","","","","","","","","https://cdn.poe2db.tw/image/Art/2DArt/SkillIcons/passives/Warbringer/WarbringerTotemsDefendedByAncestors.webp","https://cdn.poe2db.tw/image/Art/2DArt/SkillIcons/BruteWarbringerDefenders.webp"
"1788937524-14","https://poe2db.tw/us/Ascendancy_class#Ascendancypassives","Wooden Wall","Ascendancy: Warbringer","","","","","20","20% of Damage from Hits is taken from your nearest Totem's Life before you","","","","","","","Warbringer","Warrior","","","","","","Character: Warrior","","","","","","","","","","","","","","","","","","","","","","https://cdn.poe2db.tw/image/Art/2DArt/SkillIcons/passives/Warbringer/WarbringerDamageTakenByTotems.webp",""
"1788937524-15","https://poe2db.tw/us/Ascendancy_class#Ascendancypassives","Renly's Training","Ascendancy: Warbringer","","","","","35","Gain 35% Base Chance to Block from Equipped Shield instead of the Shield's value","","","","","","","Warbringer","Warrior","","","","","","Character: Warrior","","","","","","","","","","","","","","","","","","","","","","https://cdn.poe2db.tw/image/Art/2DArt/SkillIcons/passives/Warbringer/WarbringerBlockChance.webp",""
"1788937524-16","https://poe2db.tw/us/Ascendancy_class#Ascendancypassives","Turtle Charm","Ascendancy: Warbringer","","","","","20","You take 20% of damage from Blocked Hits","75","Maximum Block chance is 75%","","","","","Warbringer","Warrior","","","","","","Character: Warrior","","","","","","","","","","","","","","","","","","","","","","https://cdn.poe2db.tw/image/Art/2DArt/SkillIcons/passives/Warbringer/WarbringerCanBlockAllDamageShieldNotRaised.webp",""
"1788937524-17","https://poe2db.tw/us/Ascendancy_class#Ascendancypassives","Heat of the Forge","Ascendancy: Smith of Kitava","Fire Spell on Hit","","","","","Grants Skill: Fire Spell on Hit","","","","","","","","Warrior","Smith of Kitava","","","","","Character: Warrior","","","","","","","","","","","","","","","","","","","","","","https://cdn.poe2db.tw/image/Art/2DArt/SkillIcons/passives/SmithofKitava/SmithofKitavaTriggerFireSpellsMeleeWeapon.webp","https://cdn.poe2db.tw/image/Art/2DArt/SkillIcons/SmithOfKitavaTriggerFireballsSkillIcon.webp"
"1788937524-18","https://poe2db.tw/us/Ascendancy_class#Ascendancypassives","Living Weapon","Ascendancy: Smith of Kitava","Manifest Weapon","","","","","Grants Skill: Manifest Weapon","","","","","","","","Warrior","Smith of Kitava","","","","","Character: Warrior","","","","","","","","","","","","","","","","","","","","","","https://cdn.poe2db.tw/image/Art/2DArt/SkillIcons/passives/SmithofKitava/SmithOfKitavaCreateMinionMeleeWeapon.webp","https://cdn.poe2db.tw/image/Art/2DArt/SkillIcons/SmithOfKitavaCreateWeaponSkillIcon.webp"
"1788937524-19","https://poe2db.tw/us/Ascendancy_class#Ascendancypassives","Against the Anvil","Ascendancy: Smith of Kitava","Temper Weapon","","","","","Grants Skill: Temper Weapon","","","","","","","","Warrior","Smith of Kitava","","","","","Character: Warrior","","","","","","","","","","","","","","","","","","","","","","https://cdn.poe2db.tw/image/Art/2DArt/SkillIcons/passives/SmithofKitava/SmithOfKitavaImbueMainHandWeapon.webp","https://cdn.poe2db.tw/image/Art/2DArt/SkillIcons/SmithOfKitavaImbueWeaponSkillIcon.webp"
"1788937524-20","https://poe2db.tw/us/Ascendancy_class#Ascendancypassives","Coal Stoker","Ascendancy: Smith of Kitava","","","","","50","Modifiers to Fire Resistance also grant Cold and Lightning Resistance at 50% of their value","","","","","","","","Warrior","Smith of Kitava","","","","","Character: Warrior","","","","","","","","","","","","","","","","","","","","","","https://cdn.poe2db.tw/image/Art/2DArt/SkillIcons/passives/SmithofKitava/SmithOfKitavaFireResistAppliesToColdLightning.webp",""
"1788937524-21","https://poe2db.tw/us/Ascendancy_class#Ascendancypassives","Forged in Flame","Ascendancy: Smith of Kitava","","","","","","Modifiers to Maximum Fire Resistance also grant Maximum Cold and Lightning Resistance","","","","","","","","Warrior","Smith of Kitava","","","","","Character: Warrior","","","","","","","","","","","","","","","","","","","","","","https://cdn.poe2db.tw/image/Art/2DArt/SkillIcons/passives/SmithofKitava/SmithOfKitavaImprovedFireResistAppliesToColdLightning.webp",""
"1788937524-22","https://poe2db.tw/us/Ascendancy_class#Ascendancypassives","Smith's Masterwork","Ascendancy: Smith of Kitava","","","","","","Can only use a Normal Body Armour","200","+200 to Armour for each Connected Notable Passive Skill Allocated","","","","","","Warrior","Smith of Kitava","Armour","","","","Character: Warrior","","","","","","","","","","","","","","","","","","","","","","https://cdn.poe2db.tw/image/Art/2DArt/SkillIcons/passives/SmithofKitava/SmithOfKitavaCanOnlyWearNormalRarityBodyArmour.webp",""
"1788937524-23","https://poe2db.tw/us/Ascendancy_class#Ascendancypassives","Tantalum Alloy","Ascendancy: Smith of Kitava","","","","","+75","Body Armour grants +75% to Fire Resistance","base physical damage reduction rating no display [200]","base physical damage reduction rating no display [200]","","","","","","Warrior","Smith of Kitava","","","","","Character: Warrior","","","","","","","","","","","","","","","","","","","","","","https://cdn.poe2db.tw/image/Art/2DArt/SkillIcons/passives/SmithofKitava/SmithOfKitavaNormalArmourBonus1.webp",""
"1788937524-24","https://poe2db.tw/us/Ascendancy_class#Ascendancypassives","Kitavan Imprint","Ascendancy: Smith of Kitava","","","","","60","Body Armour grants 60% increased Glory generation","base physical damage reduction rating no display [200]","base physical damage reduction rating no display [200]","","","","","","Warrior","Smith of Kitava","","","","","Character: Warrior","","","","","","","","","","","","","","","","","","","","","","https://cdn.poe2db.tw/image/Art/2DArt/SkillIcons/passives/SmithofKitava/SmithOfKitavaNormalArmourBonus2.webp",""
"1788937524-25","https://poe2db.tw/us/Ascendancy_class#Ascendancypassives","Spiked Plates","Ascendancy: Smith of Kitava","","","","","100","Body Armour grants 100% increased Thorns damage","base physical damage reduction rating no display [200]","base physical damage reduction rating no display [200]","","","","","","Warrior","Smith of Kitava","","","","","Character: Warrior","","","","","","","","","","","","","","","","","","","","","","https://cdn.poe2db.tw/image/Art/2DArt/SkillIcons/passives/SmithofKitava/SmithOfKitavaNormalArmourBonus3.webp",""
"1788937524-26","https://poe2db.tw/us/Ascendancy_class#Ascendancypassives","Support Straps","Ascendancy: Smith of Kitava","","","","","20","Body Armour grants 20% increased Strength","base physical damage reduction rating no display [200]","base physical damage reduction rating no display [200]","","","","","","Warrior","Smith of Kitava","","","","","Character: Warrior","","","","","","","","","","","","","","","","","","","","","","https://cdn.poe2db.tw/image/Art/2DArt/SkillIcons/passives/SmithofKitava/SmithOfKitavaNormalArmourBonus4.webp",""
"1788937524-27","https://poe2db.tw/us/Ascendancy_class#Ascendancypassives","Kitavan Engraving","Ascendancy: Smith of Kitava","","","","","15","Body Armour grants 15% increased maximum Life","base physical damage reduction rating no display [200]","base physical damage reduction rating no display [200]","","","","","","Warrior","Smith of Kitava","","","","","Character: Warrior","","","","","","","","","","","","","","","","","","","","","","https://cdn.poe2db.tw/image/Art/2DArt/SkillIcons/passives/SmithofKitava/SmithOfKitavaNormalArmourBonus5.webp",""
"1788937524-28","https://poe2db.tw/us/Ascendancy_class#Ascendancypassives","Tribute to Utula","Ascendancy: Smith of Kitava","","","","","30","Body Armour grants 30% increased Spirit","base physical damage reduction rating no display [200]","base physical damage reduction rating no display [200]","","","","","","Warrior","Smith of Kitava","","","","","Character: Warrior","","","","","","","","","","","","","","","","","","","","","","https://cdn.poe2db.tw/image/Art/2DArt/SkillIcons/passives/SmithofKitava/SmithOfKitavaNormalArmourBonus6.webp",""
"1788937524-29","https://poe2db.tw/us/Ascendancy_class#Ascendancypassives","Leather Bindings","Ascendancy: Smith of Kitava","","","","","3","Body Armour grants regenerate 3% of maximum Life per second","base physical damage reduction rating no display [200]","base physical damage reduction rating no display [200]","","","","","","Warrior","Smith of Kitava","","","","","Character: Warrior","","","","","","","","","","","","","","","","","","","","","","https://cdn.poe2db.tw/image/Art/2DArt/SkillIcons/passives/SmithofKitava/SmithOfKitavaNormalArmourBonus7.webp",""
"1788937524-30","https://poe2db.tw/us/Ascendancy_class#Ascendancypassives","Flowing Metal","Ascendancy: Smith of Kitava","","","","","+50","Body Armour grants +50% of Armour also applies to Elemental Damage","base physical damage reduction rating no display [200]","base physical damage reduction rating no display [200]","","","","","","Warrior","Smith of Kitava","Armour","","","","Character: Warrior","","","Elemental Damage","","","","","","","","","","","","","","","","","","","https://cdn.poe2db.tw/image/Art/2DArt/SkillIcons/passives/SmithofKitava/SmithOfKitavaNormalArmourBonus8.webp",""
"1788937524-31","https://poe2db.tw/us/Ascendancy_class#Ascendancypassives","Molten Symbol","Ascendancy: Smith of Kitava","","","","","25","Body Armour grants 25% of Physical Damage from Hits taken as Fire Damage","base physical damage reduction rating no display [200]","base physical damage reduction rating no display [200]","","","","","","Warrior","Smith of Kitava","","","","","Character: Warrior","","","","Physical","","","","","","","","","","","","","","","","","","https://cdn.poe2db.tw/image/Art/2DArt/SkillIcons/passives/SmithofKitava/SmithOfKitavaNormalArmourBonus9.webp",""
"1788937524-32","https://poe2db.tw/us/Ascendancy_class#Ascendancypassives","Internal Layer","Ascendancy: Smith of Kitava","","","","","100","Body Armour grants Hits against you have 100% reduced Critical Damage Bonus","base physical damage reduction rating no display [200]","base physical damage reduction rating no display [200]","","","","","","Warrior","Smith of Kitava","","","","","Character: Warrior","","","","","","","","Critical Damage Bonus","","","","","","","","","","","","","","https://cdn.poe2db.tw/image/Art/2DArt/SkillIcons/passives/SmithofKitava/SmithOfKitavaNormalArmourBonus10.webp",""
"1788937524-33","https://poe2db.tw/us/Ascendancy_class#Ascendancypassives","Dedication to Kitava","Ascendancy: Smith of Kitava","","","","","","Body Armour grants +100% of Armour also applies to Chaos Damage","base physical damage reduction rating no display [200]","base physical damage reduction rating no display [200]","","","","","","Warrior","Smith of Kitava","Armour","","","","Character: Warrior","","","","","","","","","","","Chaos Damage","","","","","","","","","","","https://cdn.poe2db.tw/image/Art/2DArt/SkillIcons/passives/SmithofKitava/SmithOfKitavaNormalArmourBonus11.webp",""
"1788937524-34","https://poe2db.tw/us/Ascendancy_class#Ascendancypassives","Heatproofing","Ascendancy: Smith of Kitava","","","","","","Body Armour grants Unaffected by Damaging Ailments","base physical damage reduction rating no display [200]","base physical damage reduction rating no display [200]","","","","","","Warrior","Smith of Kitava","","","","","Character: Warrior","","","","","","","","","","","","","","","","","","","","","","https://cdn.poe2db.tw/image/Art/2DArt/SkillIcons/passives/SmithofKitava/SmithOfKitavaNormalArmourBonus12.webp",""
"1788937524-35","https://poe2db.tw/us/Ascendancy_class#Ascendancypassives","Endless Munitions","Ascendancy: Deadeye","","","","","","Skills fire an additional Projectile","","","","","","","","","","","Deadeye","Ranger","","Character: Ranger","","","","","","","","","","","","","","","","","","","","","","https://cdn.poe2db.tw/image/Art/2DArt/SkillIcons/passives/DeadEye/DeadeyeGrantsTwoAdditionalProjectiles.webp",""
"1788937524-36","https://poe2db.tw/us/Ascendancy_class#Ascendancypassives","Projectile Proximity Specialisation","Ascendancy: Deadeye","","","","","","","","","","","","","","","","","Deadeye","Ranger","","Character: Ranger","","","","","","","","","","","","","","","","","","","","","","https://cdn.poe2db.tw/image/Art/2DArt/SkillIcons/passives/DeadEye/DeadeyeProjectileDamageChoose.webp",""
"1788937524-37","https://poe2db.tw/us/Ascendancy_class#Ascendancypassives","Gathering Winds","Ascendancy: Deadeye","","","","","","Gain Tailwind on Skill use","","Lose all Tailwind when Hit","","","","","","","","","Deadeye","Ranger","","Character: Ranger","","","","","","","","","","","","","","","","","","","","","","https://cdn.poe2db.tw/image/Art/2DArt/SkillIcons/passives/DeadEye/DeadeyeTailwind.webp",""
"1788937524-38","https://poe2db.tw/us/Ascendancy_class#Ascendancypassives","Mirage Deadeye","Ascendancy: Deadeye","Mirage Deadeye","","","","","Grants Skill: Mirage Deadeye","","","","","","","","","","","Deadeye","Ranger","","Character: Ranger","","","","","","","","","","","","","","","","","","","","","","https://cdn.poe2db.tw/image/Art/2DArt/SkillIcons/passives/DeadEye/DeadeyeLingeringMirage.webp","https://cdn.poe2db.tw/image/Art/2DArt/SkillIcons/RangerDeadeyeMirageSkill.webp"
"1788937524-39","https://poe2db.tw/us/Ascendancy_class#Ascendancypassives","Avidity","Ascendancy: Deadeye","","","","","50","50% chance when you gain a Frenzy Charge to gain an additional Frenzy Charge","","","","","","","","","","","Deadeye","Ranger","","Character: Ranger","","","","","","","","","","","","","","","","","","","","","","https://cdn.poe2db.tw/image/Art/2DArt/SkillIcons/passives/DeadEye/DeadeyeFrenzyChargesGeneration.webp",""
"1788937524-40","https://poe2db.tw/us/Ascendancy_class#Ascendancypassives","Thrilling Chase","Ascendancy: Deadeye","","","","","50","Benefits from consuming Frenzy Charges for your Skills have 50% chance to be doubled","","","","","","","","","","","Deadeye","Ranger","","Character: Ranger","","","","","","","","","","","","","","","","","","","","","","https://cdn.poe2db.tw/image/Art/2DArt/SkillIcons/passives/DeadEye/DeadeyeFrenzyChargesHaveMoreEffect.webp",""
"1788937524-41","https://poe2db.tw/us/Ascendancy_class#Ascendancypassives","Called Shots","Ascendancy: Deadeye","Called Shots","","","","","Grants Skill: Called Shots","","","","","","","","","","","Deadeye","Ranger","","Character: Ranger","","","","","","","","","","","","","","","","","","","","","","https://cdn.poe2db.tw/image/Art/2DArt/SkillIcons/passives/DeadEye/DeadeyeMarkEnemiesSpread.webp","https://cdn.poe2db.tw/image/Art/2DArt/SkillIcons/DeadeyeMarkMetagemSkill.webp"
"1788937524-42","https://poe2db.tw/us/Ascendancy_class#Ascendancypassives","Bullseye","Ascendancy: Deadeye","","","","","10","Apply 10 Critical Weakness to Enemies when Consuming a Mark on them","","","","","","","","","","","Deadeye","Ranger","","Character: Ranger","","","","","","","","","","","","","","","","","","","","","","https://cdn.poe2db.tw/image/Art/2DArt/SkillIcons/passives/DeadEye/DeadeyeMoreAccuracy.webp",""
"1788937524-43","https://poe2db.tw/us/Ascendancy_class#Ascendancypassives","Running Assault","Ascendancy: Pathfinder","","","","","","Cannot be Heavy Stunned while Sprinting","30","30% less Movement Speed Penalty from using Skills while moving","","","","","","","","","","Ranger","Pathfinder","Character: Ranger","","","","","","","","","","","","","","","","","","","","","","https://cdn.poe2db.tw/image/Art/2DArt/SkillIcons/passives/PathFinder/PathfinderMoreMovemenSpeedUsingSkills.webp",""
"1788937524-44","https://poe2db.tw/us/Ascendancy_class#Ascendancypassives","Relentless Pursuit","Ascendancy: Pathfinder","","","","","","Your speed is unaffected by Slows","","","","","","","","","","","","Ranger","Pathfinder","Character: Ranger","","","","","","","","","","","","","","","","","","","","","","https://cdn.poe2db.tw/image/Art/2DArt/SkillIcons/passives/PathFinder/PathfinderCannotBeSlowed.webp",""
"1788937524-45","https://poe2db.tw/us/Ascendancy_class#Ascendancypassives","Overwhelming Toxicity","Ascendancy: Pathfinder","","","","","","Double the number of your Poisons that targets can be affected by at the same time","50","50% less Poison Duration","","","","","","","","","","Ranger","Pathfinder","Character: Ranger","","","","","","","","","","","","","","","","","","","","","","https://cdn.poe2db.tw/image/Art/2DArt/SkillIcons/passives/PathFinder/PathfinderEnemiesMultiplePoisons.webp",""
"1788937524-46","https://poe2db.tw/us/Ascendancy_class#Ascendancypassives","Sustainable Practices","Ascendancy: Pathfinder","","","","","50","50% of Evasion Rating also grants Elemental Damage reduction","","","","","","","","","","","","Ranger","Pathfinder","Character: Ranger","","Evasion Rating","Elemental Damage","","","","","","","","","","","","","","","","","","","https://cdn.poe2db.tw/image/Art/2DArt/SkillIcons/passives/PathFinder/PathfinderEvasionDmgReducVsElementalDmg.webp",""
"1788937524-47","https://poe2db.tw/us/Ascendancy_class#Ascendancypassives","Enduring Elixirs","Ascendancy: Pathfinder","","","","Unreserved","","Life Flask Effects are not removed when Unreserved Life is Filled
Life Flask Effects do not Queue","","","","","","","","","","","","Ranger","Pathfinder","Character: Ranger","","","","","","","","","","","","","","","","","","","","","","https://cdn.poe2db.tw/image/Art/2DArt/SkillIcons/passives/PathFinder/PathfinderLifeFlasks.webp",""
"1788937524-48","https://poe2db.tw/us/Ascendancy_class#Ascendancypassives","Brew Concoction","Ascendancy: Pathfinder","","","","","","","","","","","","","","","","","","Ranger","Pathfinder","Character: Ranger","","","","","","","","","","","","","","","","","","","","","","https://cdn.poe2db.tw/image/Art/2DArt/SkillIcons/passives/PathFinder/PathfinderBrewConcoction.webp",""
"1788937524-49","https://poe2db.tw/us/Ascendancy_class#Ascendancypassives","Path Seeker","Ascendancy: Pathfinder","","","","","","","","","","","","","","","","","","Ranger","Pathfinder","Character: Ranger","","","","","","","","","","","","","","","","","","","","","","https://cdn.poe2db.tw/image/Art/2DArt/SkillIcons/passives/PathFinder/PathfinderMultichoicePath.webp",""
"1788937524-50","https://poe2db.tw/us/Ascendancy_class#Ascendancypassives","Traveller's Wisdom","Ascendancy: Pathfinder","","","","","","Attribute Passive Skills can instead grant 5% increased Damage
Attribute Passive Skills can instead grant 5% increased Armour, Evasion and Energy Shield
Attribute Passive Skills can instead grant 5% increased Cost Efficiency","","","","","","","","","","Armour","","Ranger","Pathfinder","Character: Ranger","","Evasion","","","","","","","","","","Energy Shield","","","","","","","","","","https://cdn.poe2db.tw/image/Art/2DArt/SkillIcons/passives/PathFinder/PathfinderAdditionalPoints.webp",""
"1788937524-51","https://poe2db.tw/us/Ascendancy_class#Ascendancypassives","Critical Strike","Ascendancy: Amazon","","","","","25","Chance to Hit with Attacks can exceed 100%
Gain additional Critical Hit Chance equal to 25% of excess chance to Hit with Attacks","","","","","","","","","","","","","","Character: Huntress","Amazon","","","","Huntress","","","","Critical Hit","","","","","","","","","","","","","https://cdn.poe2db.tw/image/Art/2DArt/SkillIcons/passives/Amazon/AmazonExcessChancetoHitConvertedtoCritHitChance.webp",""
"1788937524-52","https://poe2db.tw/us/Ascendancy_class#Ascendancypassives","Penetrate","Ascendancy: Amazon","","","","","25","Attacks using your Weapons have Added Physical Damage equal
to 25% of the Accuracy Rating on the Weapon","","","","","","","","","","","","","","Character: Huntress","Amazon","","","Physical","Huntress","","","","","","","","","","","","","","","","","https://cdn.poe2db.tw/image/Art/2DArt/SkillIcons/passives/Amazon/AmazonGainPhysicalDamageWeaponsAccuracy.webp",""
"1788937524-53","https://poe2db.tw/us/Ascendancy_class#Ascendancypassives","Predatory Instinct","Ascendancy: Amazon","","","","","","Reveal Weaknesses against Rare and Unique enemies","50","50% more damage against enemies with an Open Weakness","","","","","","","","","","","","Character: Huntress","Amazon","","","","Huntress","","","","","","","","","","","","","","","","","https://cdn.poe2db.tw/image/Art/2DArt/SkillIcons/passives/Amazon/AmazonRareUniqueBloodlusted.webp",""
"1788937524-54","https://poe2db.tw/us/Ascendancy_class#Ascendancypassives","In for the Kill","Ascendancy: Amazon","","Presence","","","20","20% increased Movement Speed while an enemy with an Open Weakness is in your Presence","40","40% increased Skill Speed while an enemy with an Open Weakness is in your Presence","","","","","","","","","","","","Character: Huntress","Amazon","","","","Huntress","","","","","","","","","","","","Presence","","","","","https://cdn.poe2db.tw/image/Art/2DArt/SkillIcons/passives/Amazon/AmazonSpeedBloodlustedEnemy.webp",""
"1788937524-55","https://poe2db.tw/us/Ascendancy_class#Ascendancypassives","Surging Avatar","Ascendancy: Amazon","","Fire Surges","Cold Surges","","1","Gain 1 fewer Lightning Surge from Triggering Elemental Surge","2","When you Consume a Charge, Trigger Elemental Surge to gain 2 Fire Surges","2","When you Consume a Charge, Trigger Elemental Surge to gain 2 Cold Surges","","","","","","","","","","Character: Huntress","Amazon","","","","Huntress","","","","","","","","","","","","","","","","","https://cdn.poe2db.tw/image/Art/2DArt/SkillIcons/passives/Amazon/AmazonElementalDamageReductionperElementalInstillation.webp",""
"1788937524-56","https://poe2db.tw/us/Ascendancy_class#Ascendancypassives","Elemental Surge","Ascendancy: Amazon","Elemental Surge","Lightning Surges","","","","Grants Skill: Elemental Surge","3","When you Consume a Charge, Trigger Elemental Surge to gain 3 Lightning Surges","","","","","","","","","","","","Character: Huntress","Amazon","","","","Huntress","","","","","","","","","","","","","","","","","https://cdn.poe2db.tw/image/Art/2DArt/SkillIcons/passives/Amazon/AmazonConsumeFrenzyChargeGainElementalInstillation.webp","https://cdn.poe2db.tw/image/Art/2DArt/SkillIcons/AmazonElementalInfusionSkillIcon.webp"
"1788937524-57","https://poe2db.tw/us/Ascendancy_class#Ascendancypassives","Azmeri Brew","Ascendancy: Amazon","","","","","","Life Flasks also recover Mana
Mana Flasks also recover Life","","","","","","","","","","","","","","Character: Huntress","Amazon","","","","Huntress","","","","","","","","","","","","","","","","","https://cdn.poe2db.tw/image/Art/2DArt/SkillIcons/passives/Amazon/AmazonLifeFlasksRecoverManaViceVersa.webp",""
"1788937524-58","https://poe2db.tw/us/Ascendancy_class#Ascendancypassives","Stalking Panther","Ascendancy: Amazon","","","","","","Evasion Rating from Equipped Helmet, Gloves and Boots is doubled","","Evasion Rating from Equipped Body Armour is halved","","","","","","","","","","","","Character: Huntress","Amazon","Evasion","","","Huntress","","","","","","","","","","","","","","","","","https://cdn.poe2db.tw/image/Art/2DArt/SkillIcons/passives/Amazon/AmazonDoubleEvasionfromGlovesBootsHelmsHalvedBodyArmour.webp",""
"1788937524-59","https://poe2db.tw/us/Ascendancy_class#Ascendancypassives","Mystic Harvest","Ascendancy: Amazon","","","","","","Life Leech recovers based on your Elemental damage as well as Physical damage","","","","","","","","","","","","","","Character: Huntress","Amazon","","Elemental","Physical","Huntress","","","","","","","","","","","","","","","","","https://cdn.poe2db.tw/image/Art/2DArt/SkillIcons/passives/Amazon/AmazonIncreasedLifeRecoveryRatePerMissingLife.webp",""
"1788937524-60","https://poe2db.tw/us/Ascendancy_class#Ascendancypassives","Vivid Stampede","Ascendancy: Spirit Walker","Vivid Stampede","","","","","Grants Skill: Vivid Stampede","10","Gain a Vivid Wisp for every 10 metres you move, up to a maximum of 3
Expend all Vivid Wisps to trigger Vivid Stampede when you Attack","","","","","","","","","","","","Character: Huntress","","","","","Huntress","Spirit Walker","","","","","","","","","","","","","","","","https://cdn.poe2db.tw/image/Art/2DArt/SkillIcons/passives/Wildspeaker/WildspeakerVividStags.webp","https://cdn.poe2db.tw/image/Art/2DArt/SkillIcons/WildspeakerVividStagsSkill.webp"
"1788937524-61","https://poe2db.tw/us/Ascendancy_class#Ascendancypassives","The Mórrigan's Guidance","Ascendancy: Spirit Walker","","","","","1","Gain 1 Vivid Wisps when Vivid Stampede ends","20","Stags deal 20% more damage per leap","20","Stags have 20% more Shock Magnitude per leap","","","","","","","","","","Character: Huntress","","","","","Huntress","Spirit Walker","","","","","","","","Magnitude","","","","","","","","https://cdn.poe2db.tw/image/Art/2DArt/SkillIcons/passives/Wildspeaker/WildspeakerVividWisps.webp",""
"1788937524-62","https://poe2db.tw/us/Ascendancy_class#Ascendancypassives","Wild Protector","Ascendancy: Spirit Walker","Wild Protector","","","","","Grants Skill: Wild Protector","","","","","","","","","","","","","","Character: Huntress","","","","","Huntress","Spirit Walker","","","","","","","","","","","","","","","","https://cdn.poe2db.tw/image/Art/2DArt/SkillIcons/passives/Wildspeaker/WildspeakerWildBear.webp","https://cdn.poe2db.tw/image/Art/2DArt/SkillIcons/WildspeakerBearSkill.webp"
"1788937524-63","https://poe2db.tw/us/Ascendancy_class#Ascendancypassives","The Catha's Balance","Ascendancy: Spirit Walker","","","","","60","Companions gain added Attack damage equal to 60% of your main hand Weapon's damage","","","","","","","","","","","","","","Character: Huntress","","","","","Huntress","Spirit Walker","","","","","","","","","","","","","","","","https://cdn.poe2db.tw/image/Art/2DArt/SkillIcons/passives/Wildspeaker/WildspeakerCompanionDmgWeapon.webp",""
"1788937524-64","https://poe2db.tw/us/Ascendancy_class#Ascendancypassives","Primal Bounty","Ascendancy: Spirit Walker","Primal Bounty","","","","","Grants Skill: Primal Bounty","2","Dodging can expend up to 2 Owl Feathers, granting Primal Bounty 100% more
Empowerment effect per additional Feather expended","max owl feathers [3]","max owl feathers [3]","","","","","","","","","","Character: Huntress","","","","","Huntress","Spirit Walker","Empowerment","","","","","","","","","","","","","","","https://cdn.poe2db.tw/image/Art/2DArt/SkillIcons/passives/Wildspeaker/WildspeakerOwlFeathers.webp","https://cdn.poe2db.tw/image/Art/2DArt/SkillIcons/WildspeakerOwlFeathersSkill.webp"
"1788937524-65","https://poe2db.tw/us/Ascendancy_class#Ascendancypassives","The Mhacha's Gift","Ascendancy: Spirit Walker","","","","","3","Dodging can expend up to 3 Owl Feathers, granting Primal Bounty 100% more
Empowerment effect per additional Feather expended","50","Gain Owl Feathers 50% faster","consume all owl feathers on dodge [1]","consume all owl feathers on dodge [1]","","","","","","","","","","Character: Huntress","","","","","Huntress","Spirit Walker","Empowerment","","","","","","","","","","","","","","","https://cdn.poe2db.tw/image/Art/2DArt/SkillIcons/passives/Wildspeaker/WildspeakerOwlFeatherHigherCritDmg.webp",""
"1788937524-66","https://poe2db.tw/us/Ascendancy_class#Ascendancypassives","The Natural Order","Ascendancy: Spirit Walker","","","Azmeri Spirits","","","Tame Beast can capture Unique Beasts
Can have up to one Unique Tamed Beast summoned","30","Unique Tamed Beasts have 30% increased movement speed","20","Unique Tamed Beasts are Possessed by random Azmeri Spirits, changing every 20 seconds","","","","","","","","","","Character: Huntress","","","","","Huntress","Spirit Walker","","","","","","","","","","","","","","","","https://cdn.poe2db.tw/image/Art/2DArt/SkillIcons/passives/Wildspeaker/WildspeakerTameBeastTargetUnique.webp",""
"1788937524-67","https://poe2db.tw/us/Ascendancy_class#Ascendancypassives","Idolatry","Ascendancy: Spirit Walker","","Augment","Idol","Reservation","10","Companions deal 10% increased damage per Idol in your Equipment","-4","-4% to all Elemental Resistances per non-Idol Augment in your Equipment","2","2% increased Reservation Efficiency of Skills per Idol in your Equipment","","","","","","","","","","Character: Huntress","","","","","Huntress","Spirit Walker","","","","","","","","","","","","","","","","https://cdn.poe2db.tw/image/Art/2DArt/SkillIcons/passives/Wildspeaker/WildspeakerBonusPerSocketedTalisman.webp",""
"1788937524-68","https://poe2db.tw/us/Ascendancy_class#Ascendancypassives","Sacred Unity","Ascendancy: Spirit Walker","","","Soaring Ground","","","Bear Spirit gains Embrace of the Wild","","Vivid Stags leap towards enemies","","Central Projectile of Owl Feather-Empowered Skills leaves a trail of Soaring Ground","","","","","","","","","","Character: Huntress","","","","","Huntress","Spirit Walker","Empowered","","","","","","","","","","","","","","ascendancy bear companion takes % damage before you [8]","https://cdn.poe2db.tw/image/Art/2DArt/SkillIcons/passives/Wildspeaker/WildspeakerSacredWisp.webp",""
"1788937524-69","https://poe2db.tw/us/Ascendancy_class#Ascendancypassives","Mystic Attunement","Ascendancy: Ritualist","","","","","25","25% increased bonuses gained from Equipped Rings and Amulets","","","","","","","","","","","","","","Character: Huntress","","","","","Huntress","","","","","Ritualist","","","","","","","","","","","","https://cdn.poe2db.tw/image/Art/2DArt/SkillIcons/passives/Primalist/PrimalistIncreasedEffectOfJewellery.webp",""
"1788937524-70","https://poe2db.tw/us/Ascendancy_class#Ascendancypassives","Unfurled Finger","Ascendancy: Ritualist","","","","","","+1 Ring Slot","","","","","","","","","","","","","","Character: Huntress","","","","","Huntress","","","","","Ritualist","","","","","","","","","","","","https://cdn.poe2db.tw/image/Art/2DArt/SkillIcons/passives/Primalist/PrimalistPlusOneRingSlot.webp",""
"1788937524-71","https://poe2db.tw/us/Ascendancy_class#Ascendancypassives","Intricate Sigils","Ascendancy: Ritualist","","","","","+1","+1 Charm Slots","20","20% more Charm Charges gained","","","","","","","","","","","","Character: Huntress","","","","","Huntress","","","","","Ritualist","","","","","","","","","","","","https://cdn.poe2db.tw/image/Art/2DArt/SkillIcons/passives/Primalist/PrimalistPlusOneMaxCharm.webp",""
"1788937524-72","https://poe2db.tw/us/Ascendancy_class#Ascendancypassives","Mind Phylacteries","Ascendancy: Ritualist","","","","","25","Can instead consume 25% of maximum Mana to trigger Charms with insufficient charges","","","","","","","","","","","","","","Character: Huntress","","","","","Huntress","","","","","Ritualist","","","","","","","","","","","","https://cdn.poe2db.tw/image/Art/2DArt/SkillIcons/passives/Primalist/PrimalistDrainManaActivateCharms.webp",""
"1788937524-73","https://poe2db.tw/us/Ascendancy_class#Ascendancypassives","Wildwood Persistence","Ascendancy: Ritualist","","","","","10","10% increased Life Recovery rate per 5% missing Unreserved Life","","","","","","","","","","","","","","Character: Huntress","","","","","Huntress","","","","","Ritualist","","","","","","","","","","","","https://cdn.poe2db.tw/image/Art/2DArt/SkillIcons/passives/Primalist/PrimalistLifeLeechFromElementalOrChaos.webp",""
"1788937524-74","https://poe2db.tw/us/Ascendancy_class#Ascendancypassives","Corrupted Lifeforce","Ascendancy: Ritualist","Blood Boil","","","","","Grants Skill: Blood Boil","15","15% more Damage against Enemies affected by Blood Boils","","","","","","","","","","","","Character: Huntress","","","","","Huntress","","","","","Ritualist","","","","","","","","","","","","https://cdn.poe2db.tw/image/Art/2DArt/SkillIcons/passives/Primalist/PrimalistBloodBoils.webp","https://cdn.poe2db.tw/image/Art/2DArt/SkillIcons/PrimalistBloodBoilsSkillIcon.webp"
"1788937524-75","https://poe2db.tw/us/Ascendancy_class#Ascendancypassives","As the Whispers Demand","Ascendancy: Ritualist","Ritual Sacrifice","","","","","Grants Skill: Ritual Sacrifice","head hunt without a corpse [1]","head hunt without a corpse [1]","","","","","","","","","","","","Character: Huntress","","","","","Huntress","","","","","Ritualist","","","","","","","","","","","","https://cdn.poe2db.tw/image/Art/2DArt/SkillIcons/passives/Primalist/PrimalistStabCorpse.webp","https://cdn.poe2db.tw/image/Art/2DArt/SkillIcons/PrimalistStabCorpseSkillIcon.webp"
"1788937524-76","https://poe2db.tw/us/Ascendancy_class#Ascendancypassives","Devotion to the King","Ascendancy: Ritualist","Queen's Procession","","","","","Grants Skill: Queen's Procession","","","","","","","","","","","","","","Character: Huntress","","","","","Huntress","","","","","Ritualist","","","","","","","","","","","","https://cdn.poe2db.tw/image/Art/2DArt/SkillIcons/passives/Primalist/PrimalistStabCorpseHand.webp","https://cdn.poe2db.tw/image/Art/2DArt/SkillIcons/RitualistQueenInTheMistsSkill.webp"
"1788937524-77","https://poe2db.tw/us/Ascendancy_class#Ascendancypassives","Beidat's Gaze","Ascendancy: Infernalist","","","","Reserves","25","Reserves 25% of Life","6","+1 to Maximum Mana per 6 Maximum Life","","","","","","","","","","","","Character: Witch","","","","","","","","","","","","","Infernalist","","","Witch","","","","","","https://cdn.poe2db.tw/image/Art/2DArt/SkillIcons/passives/Infernalist/InfernalistConvertLifeToMana.webp",""
"1788937524-78","https://poe2db.tw/us/Ascendancy_class#Ascendancypassives","Beidat's Hand","Ascendancy: Infernalist","","","","Reserves","25","Reserves 25% of Life","8","+1 to Maximum Energy Shield per 8 Maximum Life","","","","","","","","","","","","Character: Witch","","","","","","","","","","","","Energy Shield","Infernalist","","","Witch","","","","","","https://cdn.poe2db.tw/image/Art/2DArt/SkillIcons/passives/Infernalist/InfernalistConvertLifeToEnergyShield.webp",""
"1788937524-79","https://poe2db.tw/us/Ascendancy_class#Ascendancypassives","Beidat's Will","Ascendancy: Infernalist","","","","Reserves","25","Reserves 25% of Life","25","+1 to Maximum Spirit per 25 Maximum Life","","","","","","","","","","","","Character: Witch","","","","","","","","","","","","","Infernalist","","","Witch","","","","","","https://cdn.poe2db.tw/image/Art/2DArt/SkillIcons/passives/Infernalist/InfernalistConvertLifeToSpirit.webp",""
"1788937524-80","https://poe2db.tw/us/Ascendancy_class#Ascendancypassives","Altered Flesh","Ascendancy: Infernalist","","","","","20","20% of Physical Damage taken as Chaos Damage","20","20% of Lightning Damage taken as Fire Damage","20","20% of Cold Damage taken as Fire Damage","","","","","","","","","","Character: Witch","","","","Physical Damage","","","","","","","Chaos Damage","","Infernalist","","","Witch","","","","","","https://cdn.poe2db.tw/image/Art/2DArt/SkillIcons/passives/Infernalist/MoltenFury.webp",""
"1788937524-81","https://poe2db.tw/us/Ascendancy_class#Ascendancypassives","Demonic Possession","Ascendancy: Infernalist","Demon Form","","","","","Grants Skill: Demon Form","max demon form stacks [10]","max demon form stacks [10]","","","","","","","","","","","","Character: Witch","","","","","","","","","","","","","Infernalist","","","Witch","","","","","","https://cdn.poe2db.tw/image/Art/2DArt/SkillIcons/passives/Infernalist/InfernalistTransformIntoDemon1.webp","https://cdn.poe2db.tw/image/Art/2DArt/SkillIcons/WitchTransformDemon.webp"
"1788937524-82","https://poe2db.tw/us/Ascendancy_class#Ascendancypassives","Mastered Darkness","Ascendancy: Infernalist","","","","","","Demonflame has no maximum","","","","","","","","","","","","","","Character: Witch","","","","","","","","","","","","","Infernalist","","","Witch","","","","","","https://cdn.poe2db.tw/image/Art/2DArt/SkillIcons/passives/Infernalist/InfernalistTransformIntoDemon2.webp",""
"1788937524-83","https://poe2db.tw/us/Ascendancy_class#Ascendancypassives","Pyromantic Pact","Ascendancy: Infernalist","","","","","","Maximum Mana is replaced by twice as much Maximum Infernal Flame
Gain Infernal Flame instead of spending Mana for Skill costs","","Take maximum Life and Energy Shield as Fire Damage when Infernal Flame reaches maximum","","Lose all Infernal Flame on reaching maximum Infernal Flame","","","","","","","","","","Character: Witch","","","","","","","","","","","","","Infernalist","","","Witch","","","","","25","https://cdn.poe2db.tw/image/Art/2DArt/SkillIcons/passives/Infernalist/Fireblood.webp",""
"1788937524-84","https://poe2db.tw/us/Ascendancy_class#Ascendancypassives","Bringer of Flame","Ascendancy: Infernalist","","","","","","All Damage from you and Allies in your Presence
contributes to Flammability and Ignite Magnitudes","","","","","","","","","","","","","","Character: Witch","","","","","","","","","","","","","Infernalist","Magnitudes","","Witch","Presence","","Allies","","","https://cdn.poe2db.tw/image/Art/2DArt/SkillIcons/passives/Infernalist/FuryManifest.webp",""
"1788937524-85","https://poe2db.tw/us/Ascendancy_class#Ascendancypassives","Grinning Immolation","Ascendancy: Infernalist","","","","","15","Become Ignited when you deal a Critical Hit, taking 15% of your maximum Life and Energy Shield as Fire Damage per second","50","50% more Critical Damage Bonus","","","","","","","","","","","","Character: Witch","","","","","","","","Critical Damage Bonus","Critical Hit","","","Energy Shield","Infernalist","","","Witch","","","","","","https://cdn.poe2db.tw/image/Art/2DArt/SkillIcons/passives/Infernalist/ScorchTheEarth.webp",""
"1788937524-86","https://poe2db.tw/us/Ascendancy_class#Ascendancypassives","Loyal Hellhound","Ascendancy: Infernalist","Summon Infernal Hound","","","","","Grants Skill: Summon Infernal Hound","number of infernal familiars allowed [1]","number of infernal familiars allowed [1]","","","","","","","","","","","","Character: Witch","","","","","","","","","","","","","Infernalist","","","Witch","","","","","","https://cdn.poe2db.tw/image/Art/2DArt/SkillIcons/passives/Infernalist/InfernalFamiliar.webp","https://cdn.poe2db.tw/image/Art/2DArt/SkillIcons/WitchSummonInfernalFamiliar.webp"
"1788937524-87","https://poe2db.tw/us/Ascendancy_class#Ascendancypassives","Seething Body","Ascendancy: Infernalist","","","","","","Gain Elemental Archon when you cast a Spell while on High Infernal Flame","","Elemental Archon does not expire while on High Infernal Flame","","Lose Elemental Archon on reaching maximum Infernal Flame","","","","","","","","","","Character: Witch","","","","","","","","","","","","","Infernalist","","Spell","Witch","","","","","","https://cdn.poe2db.tw/image/Art/2DArt/SkillIcons/passives/Infernalist/InfernalistInfernalHeat.webp",""
"1788937524-88","https://poe2db.tw/us/Ascendancy_class#Ascendancypassives","Gore Spike","Ascendancy: Blood Mage","","","","","1","1% increased Critical Damage Bonus per 50 current Life","","","","","","","","","","","","","","Character: Witch","","","","","","","","Critical Damage Bonus","","","","","","","","Witch","","Blood Mage","","","","https://cdn.poe2db.tw/image/Art/2DArt/SkillIcons/passives/Bloodmage/BloodMageCritDamagePerLife.webp",""
"1788937524-89","https://poe2db.tw/us/Ascendancy_class#Ascendancypassives","Sunder the Flesh","Ascendancy: Blood Mage","","","","","15","Base Critical Hit Chance for Spells is 15%","","","","","","","","","","","","","","Character: Witch","","","","","","","","","Critical Hit Chance","","","","","","Spells","Witch","","Blood Mage","","","","https://cdn.poe2db.tw/image/Art/2DArt/SkillIcons/passives/Bloodmage/BloodMageHigherSpellBaseCritStrike.webp",""
"1788937524-90","https://poe2db.tw/us/Ascendancy_class#Ascendancypassives","Sanguimancy","Ascendancy: Blood Mage","Life Remnants","","","","","Grants Skill: Life Remnants","","Skills gain a Base Life Cost equal to Base Mana Cost","life remnants gain per globe [1]","life remnants gain per globe [1]","","","","","","","","","","Character: Witch","","","","","","","","","","","","","","","","Witch","","Blood Mage","","","","https://cdn.poe2db.tw/image/Art/2DArt/SkillIcons/passives/Bloodmage/BloodMageLeaveBloodOrbs.webp","https://cdn.poe2db.tw/image/Art/2DArt/SkillIcons/BloodChannel.webp"
"1788937524-91","https://poe2db.tw/us/Ascendancy_class#Ascendancypassives","Blood Barbs","Ascendancy: Blood Mage","","Aggravated","","","","Elemental Damage also Contributes to Bleeding Magnitude","","Bleeding you inflict on Cursed targets is Aggravated","","","","","","","","","","","","Character: Witch","","","Elemental Damage","","","","","","","","","","","Magnitude","","Witch","","Blood Mage","","","","https://cdn.poe2db.tw/image/Art/2DArt/SkillIcons/passives/Bloodmage/BloodPhysicalDamageExtraGore.webp",""
"1788937524-92","https://poe2db.tw/us/Ascendancy_class#Ascendancypassives","Whispers of the Flesh","Ascendancy: Blood Mage","","","","Reserved","100","Targets Cursed by you have 100% reduced Life Regeneration Rate","15","Targets Cursed by you have at least 15% of Life Reserved","","","","","","","","","","","","Character: Witch","","","","","","","","","","","","","","","","Witch","","Blood Mage","","","","https://cdn.poe2db.tw/image/Art/2DArt/SkillIcons/passives/Bloodmage/BloodMageCurseInfiniteDuration.webp",""
"1788937524-93","https://poe2db.tw/us/Ascendancy_class#Ascendancypassives","Vitality Siphon","Ascendancy: Blood Mage","","","","","20","20% of Spell Damage Leeched as Life","","","","","","","","","","","","","","Character: Witch","","","","","","","","","","","","","","","Spell","Witch","","Blood Mage","","","","https://cdn.poe2db.tw/image/Art/2DArt/SkillIcons/passives/Bloodmage/BloodMageDamageLeechedLife.webp",""
"1788937524-94","https://poe2db.tw/us/Ascendancy_class#Ascendancypassives","Grasping Wounds","Ascendancy: Blood Mage","","","","","25","25% of Life Loss from Hits is prevented, then that much Life is lost over 4 seconds instead","","","","","","","","","","","","","","Character: Witch","","","","","","","","","","","","","","","","Witch","","Blood Mage","","","","https://cdn.poe2db.tw/image/Art/2DArt/SkillIcons/passives/Bloodmage/BloodMageLifeLoss.webp",""
"1788937524-95","https://poe2db.tw/us/Ascendancy_class#Ascendancypassives","Crimson Power","Ascendancy: Blood Mage","","","","","100","Gain additional maximum Life equal to 100% of the Item Energy Shield on Equipped Body Armour","","","","","","","","","","","","","","Character: Witch","","","","","","","","","","","","","","","","Witch","","Blood Mage","","","","https://cdn.poe2db.tw/image/Art/2DArt/SkillIcons/passives/Bloodmage/BloodMageGainLifeEnergyShield.webp",""
"1788937524-96","https://poe2db.tw/us/Ascendancy_class#Ascendancypassives","Sanguine Tides","Ascendancy: Blood Mage","","","Gain","","","Flasks do not recover Life","1","Gain 1 Life Flask Charges per 2% Life spent","40","On Hitting an Enemy while a Life Flask is at full Charges, 40% of its Charges are consumed
Gain 1% of damage as Physical damage for 5 seconds per Charge consumed this way","","","","","","","","","","Character: Witch","","","","Physical","","","","","","","","","","","","Witch","","Blood Mage","","","","https://cdn.poe2db.tw/image/Art/2DArt/SkillIcons/passives/Bloodmage/BloodMageSaguineTides.webp",""
"1788937524-97","https://poe2db.tw/us/Ascendancy_class#Ascendancypassives","Crystalline Phylactery","Ascendancy: Lich","","","","","","Can Socket a non-Unique Basic Jewel into the Phylactery","100","100% increased Effect of bonuses gained from Socketed Jewel","50","50% more Mana Cost of Skills if you have no Energy Shield","","","","","","","","","","Character: Witch","","","","","","","","","","","","Energy Shield","","","","Witch","","","","Lich","","https://cdn.poe2db.tw/image/Art/2DArt/SkillIcons/passives/MasteryBlank.webp",""
"1788937524-98","https://poe2db.tw/us/Ascendancy_class#Ascendancypassives","Rupture the Soul","Ascendancy: Lich","","","","","33","Cursed Enemies killed by you, or by Allies in your Presence, have a 33% chance to explode, dealing a quarter of their maximum Life as Chaos damage","","","","","","","","","","","","","","Character: Witch","","","","","","","","","","","Chaos","","","","","Witch","Presence","","Allies","Lich","","https://cdn.poe2db.tw/image/Art/2DArt/SkillIcons/passives/Lich/LichCursedEnemiesExplodeChaos.webp",""
"1788937524-99","https://poe2db.tw/us/Ascendancy_class#Ascendancypassives","Necromantic Conduit","Ascendancy: Lich","","","","","","While you are not on Low Mana, you and Allies in your Presence have Unholy Might","5","Lose 5% of maximum Mana per Second","","","","","","","","","","","","Character: Witch","","","","","","","","","","","","","","","","Witch","Presence","","Allies","Lich","","https://cdn.poe2db.tw/image/Art/2DArt/SkillIcons/passives/Lich/LichUnholyMight.webp",""
"1788937524-100","https://poe2db.tw/us/Ascendancy_class#Ascendancypassives","Blackened Heart","Ascendancy: Lich","","","","","4","4% increased Magnitude of Unholy Might Buffs you grant per 100 maximum Mana","","","","","","","","","","","","","","Character: Witch","","","","","","","","","","","","","","Magnitude","","Witch","","","","Lich","","https://cdn.poe2db.tw/image/Art/2DArt/SkillIcons/passives/Lich/LichImprovedUnholyMight.webp",""
"1788937524-101","https://poe2db.tw/us/Ascendancy_class#Ascendancypassives","Soulless Form","Ascendancy: Lich","","","","","10","10% of Damage taken bypasses Energy Shield","","No inherent Mana Regeneration","6","Regenerate Mana equal to 6% of maximum Life per second","","","","","","","","","","Character: Witch","","","","","","","","","","","","Energy Shield","","","","Witch","","","","Lich","","https://cdn.poe2db.tw/image/Art/2DArt/SkillIcons/passives/Lich/LichManaRegenBasedOnMaxLife.webp",""
"1788937524-102","https://poe2db.tw/us/Ascendancy_class#Ascendancypassives","Eternal Life","Ascendancy: Lich","","","","","","Your Life cannot change while you have Energy Shield","","","","","","","","","","","","","","Character: Witch","","","","","","","","","","","","Energy Shield","","","","Witch","","","","Lich","","https://cdn.poe2db.tw/image/Art/2DArt/SkillIcons/passives/Lich/LichLifeCannotChangeWhileES.webp",""
"1788937524-103","https://poe2db.tw/us/Ascendancy_class#Ascendancypassives","Price of Power","Ascendancy: Lich","","","","","40","Spells consume a Power Charge if able to deal 40% more Damage","","","","","","","","","","","","","","Character: Witch","","","","","","","","","","","","","","","Spells","Witch","","","","Lich","","https://cdn.poe2db.tw/image/Art/2DArt/SkillIcons/passives/Lich/LichSpellsConsumePowerCharges.webp",""
"1788937524-104","https://poe2db.tw/us/Ascendancy_class#Ascendancypassives","Eldritch Empowerment","Ascendancy: Lich","","Spell","","","","Sacrificing Energy Shield does not interrupt Recharge","5","Sacrifice 5% of maximum Energy Shield when you Cast a Spell
Spells for which this Sacrifice was fully made deal 30% more Damage","","","","","","","","","","","","Character: Witch","","","","","","","","","","","","Energy Shield","","","Spell","Witch","","","","Lich","","https://cdn.poe2db.tw/image/Art/2DArt/SkillIcons/passives/Lich/LichSpellCostESandMoreDMG.webp",""
"1788937524-105","https://poe2db.tw/us/Ascendancy_class#Ascendancypassives","Incessant Cacophony","Ascendancy: Lich","","","","","","Curses you inflict have infinite Duration","","You can apply an additional Curse","","","","","","","","","","","","Character: Witch","","","","","","","","","","","","","","","","Witch","","","","Lich","","https://cdn.poe2db.tw/image/Art/2DArt/SkillIcons/passives/Lich/LichApplyAdditionalCurses.webp",""
"1788937524-106","https://poe2db.tw/us/Ascendancy_class#Ascendancypassives","Constant Gale","Ascendancy: Stormweaver","","","","","","You have Arcane Surge","","","","","","","","","","","","","","Character: Sorceress","","","","","","","","","","","","","","","","","","","","","","https://cdn.poe2db.tw/image/Art/2DArt/SkillIcons/passives/Stormweaver/GrantsArcaneSurge.webp",""
"1788937524-107","https://poe2db.tw/us/Ascendancy_class#Ascendancypassives","Force of Will","Ascendancy: Stormweaver","","","","","20","20% of Damage is taken from Mana before Life","20","20% increased Effect of Arcane Surge on you per ten percent missing Mana","","","","","","","","","","","","Character: Sorceress","","","","","","","","","","","","","","","","","","","","","","https://cdn.poe2db.tw/image/Art/2DArt/SkillIcons/passives/Stormweaver/ImprovedArcaneSurge.webp",""
"1788937524-108","https://poe2db.tw/us/Ascendancy_class#Ascendancypassives","Tempest Caller","Ascendancy: Stormweaver","Elemental Storm","","","","","Grants Skill: Elemental Storm","","Trigger Elemental Storm on Critical Hit with Spells","","","","","","","","","","","","Character: Sorceress","","","","","","","","","Critical Hit","","","","","","Spells","","","","","","","https://cdn.poe2db.tw/image/Art/2DArt/SkillIcons/passives/Stormweaver/GrantsElementalStorm.webp","https://cdn.poe2db.tw/image/Art/2DArt/SkillIcons/SorceressElementalStorm.webp"
"1788937524-109","https://poe2db.tw/us/Ascendancy_class#Ascendancypassives","Multiplying Squalls","Ascendancy: Stormweaver","","","","","+2","+2 to Limit for Elemental Skills","","","","","","","","","","","","","","Character: Sorceress","","","Elemental","","","","","","","","","","","","","","","","","","","https://cdn.poe2db.tw/image/Art/2DArt/SkillIcons/passives/Stormweaver/ImprovedElementalStorm.webp",""
"1788937524-110","https://poe2db.tw/us/Ascendancy_class#Ascendancypassives","Strike Twice","Ascendancy: Stormweaver","","","","","","Targets can be affected by two of your Shocks at the same time","25","25% less Magnitude of Shock you inflict","","","","","","","","","","","","Character: Sorceress","","","","","","","","","","","","","","Magnitude","","","","","","","","https://cdn.poe2db.tw/image/Art/2DArt/SkillIcons/passives/Stormweaver/ShockAddditionalTime.webp",""
"1788937524-111","https://poe2db.tw/us/Ascendancy_class#Ascendancypassives","Shaper of Storms","Ascendancy: Stormweaver","","","","","","All Damage from [HitDamage|Hits] Contributes to Shock Chance","","","","","","","","","","","","","","Character: Sorceress","","","","","","","","","","","","","","","","","","","","","","https://cdn.poe2db.tw/image/Art/2DArt/SkillIcons/passives/Stormweaver/AllDamageCanShock.webp",""
"1788937524-112","https://poe2db.tw/us/Ascendancy_class#Ascendancypassives","Heavy Snows","Ascendancy: Stormweaver","","","","","","Targets can be affected by two of your Chills at the same time","35","Your Chills can Slow targets by up to a maximum of 35%","25","25% less Magnitude of Chill you inflict","","","","","","","","","","Character: Sorceress","","","","","","","","","","","","","","Magnitude","","","","","","","","https://cdn.poe2db.tw/image/Art/2DArt/SkillIcons/passives/Stormweaver/ChillAddditionalTime.webp",""
"1788937524-113","https://poe2db.tw/us/Ascendancy_class#Ascendancypassives","Shaper of Winter","Ascendancy: Stormweaver","","","","","","All Damage from Hits Contributes to Chill Magnitude","","","","","","","","","","","","","","Character: Sorceress","","","","","","","","","","","","","","","","","","","","","","https://cdn.poe2db.tw/image/Art/2DArt/SkillIcons/passives/Stormweaver/AllDamageCanChill.webp",""
"1788937524-114","https://poe2db.tw/us/Ascendancy_class#Ascendancypassives","Storm's Recollection","Ascendancy: Stormweaver","","","","","50","Remnants can be collected from 50% further away","3","Remnants you create reappear once, 3 seconds after being collected","","","","","","","","","","","","Character: Sorceress","","","","","","","","","","","","","","","","","","","","","","https://cdn.poe2db.tw/image/Art/2DArt/SkillIcons/passives/Stormweaver/StormweaverRemnant2.webp",""
"1788937524-115","https://poe2db.tw/us/Ascendancy_class#Ascendancypassives","Refracted Infusion","Ascendancy: Stormweaver","","","","","","When collecting an Elemental Infusion, gain another different Elemental Infusion","","","","","","","","","","","","","","Character: Sorceress","","","","","","","","","","","","","","","","","","","","","","https://cdn.poe2db.tw/image/Art/2DArt/SkillIcons/passives/Stormweaver/StormweaverRemnant1.webp",""
"1788937524-116","https://poe2db.tw/us/Ascendancy_class#Ascendancypassives","Footprints in the Sand","Ascendancy: Chronomancer","Temporal Rift","","","","","Grants Skill: Temporal Rift","","","","","","","","","","","","","","Character: Sorceress","","","","","","","","","","","","","","","","","","","","","","https://cdn.poe2db.tw/image/Art/2DArt/SkillIcons/passives/Temporalist/TemporalistGrantsTemporalRiftSkill.webp","https://cdn.poe2db.tw/image/Art/2DArt/SkillIcons/SorceressTemporalistTemporalRift.webp"
"1788937524-117","https://poe2db.tw/us/Ascendancy_class#Ascendancypassives","Ultimate Command","Ascendancy: Chronomancer","Time Freeze","","","","","Grants Skill: Time Freeze","","","","","","","","","","","","","","Character: Sorceress","","","","","","","","","","","","","","","","","","","","","","https://cdn.poe2db.tw/image/Art/2DArt/SkillIcons/passives/Temporalist/TemporalistGrantsTimeStopSkill.webp","https://cdn.poe2db.tw/image/Art/2DArt/SkillIcons/SorceressTemporalistTimeStop.webp"
"1788937524-118","https://poe2db.tw/us/Ascendancy_class#Ascendancypassives","Inevitability","Ascendancy: Chronomancer","Inevitable Agony","","","","","Grants Skill: Inevitable Agony","","","","","","","","","","","","","","Character: Sorceress","","","","","","","","","","","","","","","","","","","","","","https://cdn.poe2db.tw/image/Art/2DArt/SkillIcons/passives/Temporalist/TemporalistSynchronisationofPain.webp","https://cdn.poe2db.tw/image/Art/2DArt/SkillIcons/TemporalistSynchronisationofPainSkill.webp"
"1788937524-119","https://poe2db.tw/us/Ascendancy_class#Ascendancypassives","Phased Form","Ascendancy: Chronomancer","","","","","30","Take 30% less Damage","30","4 seconds after being Damaged by an Enemy Hit, take Damage equal to 30% of that Hit's Damage","","","","","","","","","","","","Character: Sorceress","","","","","","","","","","","","","","","","","","","","","","https://cdn.poe2db.tw/image/Art/2DArt/SkillIcons/passives/Temporalist/TemporalistFasterRecoup.webp",""
"1788937524-120","https://poe2db.tw/us/Ascendancy_class#Ascendancypassives","Now and Again","Ascendancy: Chronomancer","","Repeat","","","20","Cascadable Spells have 20% chance to Echo","20","Repeatable Spells have 20% chance to Repeat","","","","","","","","","","","","Character: Sorceress","","","","","","","","","","","","","","","Spells","","","","","","","https://cdn.poe2db.tw/image/Art/2DArt/SkillIcons/passives/Temporalist/TemporalistChanceSkillNoCooldownSkill.webp",""
"1788937524-121","https://poe2db.tw/us/Ascendancy_class#Ascendancypassives","Unbound Encore","Ascendancy: Chronomancer","Time Snap","","","","","Grants Skill: Time Snap","","","","","","","","","","","","","","Character: Sorceress","","","","","","","","","","","","","","","","","","","","","","https://cdn.poe2db.tw/image/Art/2DArt/SkillIcons/passives/Temporalist/TemporalistGrantsReloadCooldownsSkill.webp","https://cdn.poe2db.tw/image/Art/2DArt/SkillIcons/SorceressTemporalistReloadCooldown.webp"
"1788937524-122","https://poe2db.tw/us/Ascendancy_class#Ascendancypassives","Apex of the Moment","Ascendancy: Chronomancer","","","","","20","Enemies in your Presence are Slowed by 20%","","","","","","","","","","","","","","Character: Sorceress","","","","","","","","","","","","","","","","","Presence","","","","","https://cdn.poe2db.tw/image/Art/2DArt/SkillIcons/passives/Temporalist/TemporalistNearbyEnemiesProjectilesSlowed.webp",""
"1788937524-123","https://poe2db.tw/us/Ascendancy_class#Ascendancypassives","Quicksand Hourglass","Ascendancy: Chronomancer","","","","","","Grants Sands of Time","","","","","","","","","","","","","","Character: Sorceress","","","","","","","","","","","","","","","","","","","","","","https://cdn.poe2db.tw/image/Art/2DArt/SkillIcons/passives/Temporalist/TemporalistGainMoreCastSpeed8Seconds.webp",""
"1788937524-124","https://poe2db.tw/us/Ascendancy_class#Ascendancypassives","Sacred Rituals","Ascendancy: Disciple of Varashta","","","","","60","60% of your current Energy Shield is added to your Armour for
determining your Physical Damage Reduction from Armour","","","","","","","","","","Armour","","","","Character: Sorceress","","","","","","","","","","","","Energy Shield","","","","","","","","","","https://cdn.poe2db.tw/image/Art/2DArt/SkillIcons/passives/DiscipleoftheDjinn/EnergyShieldPhyDmgReduction.webp",""
"1788937524-125","https://poe2db.tw/us/Ascendancy_class#Ascendancypassives","The Fourth Teaching","Ascendancy: Disciple of Varashta","","","","","1","-1 second to base Energy Shield Recharge delay","40","40% more Energy Shield Recharge Rate while on Low Energy Shield","","","","","","","","","","","","Character: Sorceress","","","","","","","","","","","","","","","","","","","","","","https://cdn.poe2db.tw/image/Art/2DArt/SkillIcons/passives/DiscipleoftheDjinn/MoreEnergyShieldRechargeRate.webp",""
"1788937524-126","https://poe2db.tw/us/Ascendancy_class#Ascendancypassives","Varashta's Intuition","Ascendancy: Disciple of Varashta","","","","","100","100% of Elemental Damage is taken from Mana before Life","","","","","","","","","","","","","","Character: Sorceress","","","Elemental Damage","","","","","","","","","","","","","","","","","","","https://cdn.poe2db.tw/image/Art/2DArt/SkillIcons/passives/DiscipleoftheDjinn/ElementalDamageTakenFromMana.webp",""
"1788937524-127","https://poe2db.tw/us/Ascendancy_class#Ascendancypassives","Instruments of Power","Ascendancy: Disciple of Varashta","","","","","","You can equip a Focus while wielding a Staff","50","50% reduced bonuses gained from Equipped Focus","","","","","","","","","","","","Character: Sorceress","","","","","","","","","","","","","","","","","","","","","","https://cdn.poe2db.tw/image/Art/2DArt/SkillIcons/passives/DiscipleoftheDjinn/FocusStaff.webp",""
"1788937524-128","https://poe2db.tw/us/Ascendancy_class#Ascendancypassives","Baryanic Leylines","Ascendancy: Disciple of Varashta","","","","","40","Non-Unique Time-Lost Jewels have 40% increased radius","","","","","","","","","","","","","","Character: Sorceress","","","","","","","","","","","","","","","","","","","","","","https://cdn.poe2db.tw/image/Art/2DArt/SkillIcons/passives/DiscipleoftheDjinn/TimelostJewelsLargerRadius.webp",""
"1788937524-129","https://poe2db.tw/us/Ascendancy_class#Ascendancypassives","Barya of Navira","Ascendancy: Disciple of Varashta","Navira, the Last Mirage","","","","","Grants Skill: Navira, the Last Mirage","","","","","","","","","","","","","","Character: Sorceress","","","","","","","","","","","","","","","","","","","","","","https://cdn.poe2db.tw/image/Art/2DArt/SkillIcons/passives/DiscipleoftheDjinn/SummonWaterDjinn.webp","https://cdn.poe2db.tw/image/Art/2DArt/SkillIcons/SorceressSummonWaterDjinn.webp"
"1788937524-130","https://poe2db.tw/us/Ascendancy_class#Ascendancypassives","Barya of Kelari","Ascendancy: Disciple of Varashta","Kelari, the Tainted Sands","","","","","Grants Skill: Kelari, the Tainted Sands","","","","","","","","","","","","","","Character: Sorceress","","","","","","","","","","","","","","","","","","","","","","https://cdn.poe2db.tw/image/Art/2DArt/SkillIcons/passives/DiscipleoftheDjinn/SummonSandDjinn.webp","https://cdn.poe2db.tw/image/Art/2DArt/SkillIcons/SorceressSummonSandDjinn.webp"
"1788937524-131","https://poe2db.tw/us/Ascendancy_class#Ascendancypassives","Barya of Ruzhan","Ascendancy: Disciple of Varashta","Ruzhan, the Blazing Sword","","","","","Grants Skill: Ruzhan, the Blazing Sword","ascendancy enable fire djinn passive [1]","ascendancy enable fire djinn passive [1]","","","","","","","","","","","","Character: Sorceress","","","","","","","","","","","","","","","","","","","","","","https://cdn.poe2db.tw/image/Art/2DArt/SkillIcons/passives/DiscipleoftheDjinn/SummonFireDjinn.webp","https://cdn.poe2db.tw/image/Art/2DArt/SkillIcons/SorceressSummonFireDjinn.webp"
"1788937524-132","https://poe2db.tw/us/Ascendancy_class#Ascendancypassives","Navira's Fracturing","Ascendancy: Disciple of Varashta","Navira's Fracturing","","","","","Grants Skill: Navira's Fracturing","","","","","","","","","","","","","","Character: Sorceress","","","","","","","","","","","","","","","","","","","","","","https://cdn.poe2db.tw/image/Art/2DArt/SkillIcons/passives/DiscipleoftheDjinn/WaterDjinnChiilldedGroundBurst.webp","https://cdn.poe2db.tw/image/Art/2DArt/SkillIcons/Rolldodge.webp"
"1788937524-133","https://poe2db.tw/us/Ascendancy_class#Ascendancypassives","Navira's Well","Ascendancy: Disciple of Varashta","Navira's Well","","","","","Grants Skill: Navira's Well","","","","","","","","","","","","","","Character: Sorceress","","","","","","","","","","","","","","","","","","","","","","https://cdn.poe2db.tw/image/Art/2DArt/SkillIcons/passives/DiscipleoftheDjinn/WaterDjinnESRechargeCommand.webp","https://cdn.poe2db.tw/image/Art/2DArt/SkillIcons/Rolldodge.webp"
"1788937524-134","https://poe2db.tw/us/Ascendancy_class#Ascendancypassives","Navira's Oasis","Ascendancy: Disciple of Varashta","Navira's Oasis","","","","","Grants Skill: Navira's Oasis","","","","","","","","","","","","","","Character: Sorceress","","","","","","","","","","","","","","","","","","","","","","https://cdn.poe2db.tw/image/Art/2DArt/SkillIcons/passives/DiscipleoftheDjinn/WaterDjinnCommandOasis.webp","https://cdn.poe2db.tw/image/Art/2DArt/SkillIcons/Rolldodge.webp"
"1788937524-135","https://poe2db.tw/us/Ascendancy_class#Ascendancypassives","Kelari's Deception","Ascendancy: Disciple of Varashta","Kelari's Deception","","","","","Grants Skill: Kelari's Deception","","","","","","","","","","","","","","Character: Sorceress","","","","","","","","","","","","","","","","","","","","","","https://cdn.poe2db.tw/image/Art/2DArt/SkillIcons/passives/DiscipleoftheDjinn/SandDjinnExplosiveTeleport.webp","https://cdn.poe2db.tw/image/Art/2DArt/SkillIcons/Rolldodge.webp"
"1788937524-136","https://poe2db.tw/us/Ascendancy_class#Ascendancypassives","Kelari's Judgment","Ascendancy: Disciple of Varashta","Kelari's Judgment","","","","","Grants Skill: Kelari's Judgment","","","","","","","","","","","","","","Character: Sorceress","","","","","","","","","","","","","","","","","","","","","","https://cdn.poe2db.tw/image/Art/2DArt/SkillIcons/passives/DiscipleoftheDjinn/SandDjinnDaggerslamSkill.webp","https://cdn.poe2db.tw/image/Art/2DArt/SkillIcons/Rolldodge.webp"
"1788937524-137","https://poe2db.tw/us/Ascendancy_class#Ascendancypassives","Kelari's Malediction","Ascendancy: Disciple of Varashta","Kelari's Malediction","","","","","Grants Skill: Kelari's Malediction","","","","","","","","","","","","","","Character: Sorceress","","","","","","","","","","","","","","","","","","","","","","https://cdn.poe2db.tw/image/Art/2DArt/SkillIcons/passives/DiscipleoftheDjinn/SandDjinnCorpseBeetles.webp","https://cdn.poe2db.tw/image/Art/2DArt/SkillIcons/SorceressSandDjinnCorpseBeetles.webp"
"1788937524-138","https://poe2db.tw/us/Ascendancy_class#Ascendancypassives","Ruzhan's Trap","Ascendancy: Disciple of Varashta","Ruzhan's Trap","","","","","Grants Skill: Ruzhan's Trap","","","","","","","","","","","","","","Character: Sorceress","","","","","","","","","","","","","","","","","","","","","","https://cdn.poe2db.tw/image/Art/2DArt/SkillIcons/passives/DiscipleoftheDjinn/FireDjinnFlameRunes.webp","https://cdn.poe2db.tw/image/Art/2DArt/SkillIcons/Rolldodge.webp"
"1788937524-139","https://poe2db.tw/us/Ascendancy_class#Ascendancypassives","Ruzhan's Reckoning","Ascendancy: Disciple of Varashta","Ruzhan's Reckoning","","","","","Grants Skill: Ruzhan's Reckoning","","","","","","","","","","","","","","Character: Sorceress","","","","","","","","","","","","","","","","","","","","","","https://cdn.poe2db.tw/image/Art/2DArt/SkillIcons/passives/DiscipleoftheDjinn/FireDjinnMeteoricSlam.webp","https://cdn.poe2db.tw/image/Art/2DArt/SkillIcons/Rolldodge.webp"
"1788937524-140","https://poe2db.tw/us/Ascendancy_class#Ascendancypassives","Ruzhan's Fury","Ascendancy: Disciple of Varashta","Ruzhan's Fury","","","","","Grants Skill: Ruzhan's Fury","","","","","","","","","","","","","","Character: Sorceress","","","","","","","","","","","","","","","","","","","","","","https://cdn.poe2db.tw/image/Art/2DArt/SkillIcons/passives/DiscipleoftheDjinn/FireDjinnEmberSlash.webp","https://cdn.poe2db.tw/image/Art/2DArt/SkillIcons/Rolldodge.webp"
"1788937524-141","https://poe2db.tw/us/Ascendancy_class#Ascendancypassives","A Solid Plan","Ascendancy: Tactician","","","","Reservation","50","Persistent Buffs have 50% less Reservation","","","","","","","","","","","","","","Character: Mercenary","","","","","","","","","","","","","","","","","","","","","","https://cdn.poe2db.tw/image/Art/2DArt/SkillIcons/passives/Tactician/TacticianLessSpiritCostBuff.webp",""
"1788937524-142","https://poe2db.tw/us/Ascendancy_class#Ascendancypassives","Watch How I Do It","Ascendancy: Tactician","","","","","25","Allies in your Presence gain added Attack Damage equal
to 25% of your main hand Weapon's damage","","","","","","","","","","","","","","Character: Mercenary","","","","","","","","","","","","","","","","","Presence","","Allies","","","https://cdn.poe2db.tw/image/Art/2DArt/SkillIcons/passives/Tactician/TacticianAlliesGainAttack.webp",""
"1788937524-143","https://poe2db.tw/us/Ascendancy_class#Ascendancypassives","Whoever Pays Best","Ascendancy: Tactician","","","","","5","Banners gain 5 Glory per second","","There is no Limit on the number of Banners you can place","","","","","","","","","","","","Character: Mercenary","","","","","","","","","","","","","","","","","","","","","","https://cdn.poe2db.tw/image/Art/2DArt/SkillIcons/passives/Tactician/TacticianMultipleBanners.webp",""
"1788937524-144","https://poe2db.tw/us/Ascendancy_class#Ascendancypassives","Suppressing Fire","Ascendancy: Tactician","","","","","40","40% more Immobilisation buildup","","","","","","","","","","","","","","Character: Mercenary","","","","","","","","","","","","","","","","","","","","","","https://cdn.poe2db.tw/image/Art/2DArt/SkillIcons/passives/Tactician/TacticianProjectileBuildsPin.webp",""
"1788937524-145","https://poe2db.tw/us/Ascendancy_class#Ascendancypassives","Right Where We Want Them","Ascendancy: Tactician","","","","","","Projectile Damage builds Pin","","Pinned enemies cannot perform actions","","","","","","","","","","","","Character: Mercenary","","","","","","","","","","","","","","","","","","","","","","https://cdn.poe2db.tw/image/Art/2DArt/SkillIcons/passives/Tactician/TacticianPinnedEnemiesCannotAct.webp",""
"1788937524-146","https://poe2db.tw/us/Ascendancy_class#Ascendancypassives","Polish That Gear","Ascendancy: Tactician","","Ailment Threshold","","","20","Gain Deflection Rating equal to 20% of Armour","100","Gain 100% of Evasion Rating as extra Ailment Threshold","","","","","","","","Armour","","","","Character: Mercenary","","","","","","","","","","","","","","","","","","","","","","https://cdn.poe2db.tw/image/Art/2DArt/SkillIcons/passives/Tactician/TacticianGainStunThresholdArmour.webp",""
"1788937524-147","https://poe2db.tw/us/Ascendancy_class#Ascendancypassives","Stay Light, Use Cover","Ascendancy: Tactician","","","","","","Defend with 200% of Armour","","Enemies have an Accuracy Penalty against you based on Distance","","Maximum Chance to Evade is 50%","","","","","","Armour","","","","Character: Mercenary","","","","Physical Damage","","","","","","","","","","","","","","","","","","https://cdn.poe2db.tw/image/Art/2DArt/SkillIcons/passives/Tactician/TacticianEvasionArmourHigher.webp",""
"1788937524-148","https://poe2db.tw/us/Ascendancy_class#Ascendancypassives","Cannons, Ready!","Ascendancy: Tactician","","","Projectile","","+1","+1 to maximum number of Summoned Totems","30","Skills used by Totems have 30% more Skill Speed","","Totems only use Skills when you fire an Attack Projectile","","","","","","","","","","Character: Mercenary","","","","","","","","","","","","","","","","","","","","","is focused totem [1]","https://cdn.poe2db.tw/image/Art/2DArt/SkillIcons/passives/Tactician/TacticianTotems.webp",""
"1788937524-149","https://poe2db.tw/us/Ascendancy_class#Ascendancypassives","Unleash Hell!","Ascendancy: Tactician","Supporting Fire","","","","","Grants Skill: Supporting Fire","","","","","","","","","","","","","","Character: Mercenary","","","","","","","","","","","","","","","","","","","","","","https://cdn.poe2db.tw/image/Art/2DArt/SkillIcons/passives/Tactician/TacticianDeathFromAboveCommand.webp","https://cdn.poe2db.tw/image/Art/2DArt/SkillIcons/TacticianDeathFromAboveSkillIcon.webp"
"1788937524-150","https://poe2db.tw/us/Ascendancy_class#Ascendancypassives","Strategic Embankments","Ascendancy: Tactician","","","","","","Totems you place grant Embankment Auras","","","","","","","","","","","","","","Character: Mercenary","","","","","","","","","","","","","","","","","","","","","","https://cdn.poe2db.tw/image/Art/2DArt/SkillIcons/passives/Tactician/TacticianTotemAura.webp",""
"1788937524-151","https://poe2db.tw/us/Ascendancy_class#Ascendancypassives","Pitiless Killer","Ascendancy: Witchhunter","","","","","","Culling Strike","","","","","","","","","","","","","","Character: Mercenary","","","","","","","","","","","","","","","","","","","","","","https://cdn.poe2db.tw/image/Art/2DArt/SkillIcons/passives/Witchhunter/WitchunterCullingStrike.webp",""
"1788937524-152","https://poe2db.tw/us/Ascendancy_class#Ascendancypassives","Judge, Jury, and Executioner","Ascendancy: Witchhunter","","","","","","Decimating Strike","","","","","","","","","","","","","","Character: Mercenary","","","","","","","","","","","","","","","","","","","","","","https://cdn.poe2db.tw/image/Art/2DArt/SkillIcons/passives/Witchhunter/WitchunterRemovePercentageFullLifeEnemies.webp",""
"1788937524-153","https://poe2db.tw/us/Ascendancy_class#Ascendancypassives","Witchbane","Ascendancy: Witchhunter","","","","","30","Enemies have Maximum Concentration equal to 30% of their Maximum Life","100","Break enemy Concentration on Hit equal to 100% of Damage Dealt","10","Enemies regain 10% of Concentration every second if they haven't lost Concentration in the past 5 seconds","","","","","","","","","","Character: Mercenary","","","","","","","","","","","","","","","","","","","","","focus decay delay ms [5000]","https://cdn.poe2db.tw/image/Art/2DArt/SkillIcons/passives/Witchhunter/WitchunterDrainMonsterFocus.webp",""
"1788937524-154","https://poe2db.tw/us/Ascendancy_class#Ascendancypassives","No Mercy","Ascendancy: Witchhunter","","","","","40","Deal up to 40% more Damage to Enemies based on their missing Concentration","","","","","","","","","","","","","","Character: Mercenary","","","","","","","","","","","","","","","","","","","","","","https://cdn.poe2db.tw/image/Art/2DArt/SkillIcons/passives/Witchhunter/WitchunterDamageMonsterMissingFocus.webp",""
"1788937524-155","https://poe2db.tw/us/Ascendancy_class#Ascendancypassives","Obsessive Rituals","Ascendancy: Witchhunter","Sorcery Ward","","","","","Grants Skill: Sorcery Ward","50","50% less Armour and Evasion Rating","","","","","","","","Armour","","","","Character: Mercenary","","","","","","","","","","","","","","","","","","","","","","https://cdn.poe2db.tw/image/Art/2DArt/SkillIcons/passives/Witchhunter/WitchunterArmourEvasionConvertedSpellAegis.webp","https://cdn.poe2db.tw/image/Art/2DArt/SkillIcons/WitchunterSpellAegis.webp"
"1788937524-156","https://poe2db.tw/us/Ascendancy_class#Ascendancypassives","Ceremonial Ablution","Ascendancy: Witchhunter","","","","","","Sorcery Ward's Barrier can also take Physical and Chaos Damage from Hits","","","","","","","","","","","","","","Character: Mercenary","","","","Physical","","","","","","","Chaos","","","","","","","","","","","https://cdn.poe2db.tw/image/Art/2DArt/SkillIcons/passives/Witchhunter/WitchunterStrongerSpellAegis.webp",""
"1788937524-157","https://poe2db.tw/us/Ascendancy_class#Ascendancypassives","Zealous Inquisition","Ascendancy: Witchhunter","","","","","10","10% chance for Enemies you Kill to Explode, dealing 100%
of their maximum Life as Physical Damage
Chance is doubled against Undead and Demons","","","","","","","","","","","","","","Character: Mercenary","","","","Physical","","","","","","","","","","","","","","","","","","https://cdn.poe2db.tw/image/Art/2DArt/SkillIcons/passives/Witchhunter/WitchunterMonsterHolyExplosion.webp",""
"1788937524-158","https://poe2db.tw/us/Ascendancy_class#Ascendancypassives","Weapon Master","Ascendancy: Witchhunter","","","","","","100 Passive Skill Points become Weapon Set Skill Points","","","","","","","","","","","","","","Character: Mercenary","","","","","","","","","","","","","","","","","","","","","","https://cdn.poe2db.tw/image/Art/2DArt/SkillIcons/passives/Witchhunter/WitchunterSpecPoints.webp",""
"1788937524-159","https://poe2db.tw/us/Ascendancy_class#Ascendancypassives","Essence of Virtue","Ascendancy: Gemling Legionnaire","Virtuous Barrier","","","","","Grants Skill: Virtuous Barrier","base maximum number of gemling barrier stacks [3]","base maximum number of gemling barrier stacks [3]","","","","","","","","","","","","Character: Mercenary","","","","","","","","","","","","","","","","","","","","","","https://cdn.poe2db.tw/image/Art/2DArt/SkillIcons/passives/Gemling/GemlingBarrier.webp","https://cdn.poe2db.tw/image/Art/2DArt/SkillIcons/GemBarrier.webp"
"1788937524-160","https://poe2db.tw/us/Ascendancy_class#Ascendancypassives","Implanted Gems","Ascendancy: Gemling Legionnaire","","","","","","","","","","","","","","","","","","","","Character: Mercenary","","","","","","","","","","","","","","","","","","","","","","https://cdn.poe2db.tw/image/Art/2DArt/SkillIcons/passives/Gemling/GemlingLevelAllSkillGems.webp",""
"1788937524-161","https://poe2db.tw/us/Ascendancy_class#Ascendancypassives","Gem Studded","Ascendancy: Gemling Legionnaire","","","","","30","For each colour of Socketed Support Gem that is most numerous, gain:
•Red: Hits against you have no Critical Damage Bonus
•Blue: Skills have 30% less cost
•Green: 40% less Movement Speed Penalty from using Skills while Moving","","","","","","","","","","","","","","Character: Mercenary","","","","","","","","Critical Damage Bonus","","","","","","","","","","","","","","https://cdn.poe2db.tw/image/Art/2DArt/SkillIcons/passives/Gemling/GemlingSameSupportMultipleTimes.webp",""
"1788937524-162","https://poe2db.tw/us/Ascendancy_class#Ascendancypassives","Advanced Thaumaturgy","Ascendancy: Gemling Legionnaire","","","","","","Gem Quality grants Socketed Skills an additional effect","","","","","","","","","","","","","","Character: Mercenary","","","","","","","","","","","","","","","","","","","","","","https://cdn.poe2db.tw/image/Art/2DArt/SkillIcons/passives/Gemling/GemlingSkillsAdditionalSupport.webp",""
"1788937524-163","https://poe2db.tw/us/Ascendancy_class#Ascendancypassives","Enhanced Effectiveness","Ascendancy: Gemling Legionnaire","","","","","20","20% less Attributes","","Inherent bonuses gained from Attributes are doubled","","","","","","","","","","","","Character: Mercenary","","","","","","","","","","","","","","","","","","","","","","https://cdn.poe2db.tw/image/Art/2DArt/SkillIcons/passives/Gemling/GemlingInherentBonusesFromAttributesDouble.webp",""
"1788937524-164","https://poe2db.tw/us/Ascendancy_class#Ascendancypassives","Adaptive Capability","Ascendancy: Gemling Legionnaire","","","","","","Attribute Requirements of Gems can be satisified by your highest Attribute","","","","","","","","","","","","","","Character: Mercenary","","","","","","","","","","","","","","","","","","","","","","https://cdn.poe2db.tw/image/Art/2DArt/SkillIcons/passives/Gemling/GemlingHighestAttributeSatisfiesGemRequirements.webp",""
"1788937524-165","https://poe2db.tw/us/Ascendancy_class#Ascendancypassives","Integrated Efficiency","Ascendancy: Gemling Legionnaire","","Support Gem","Support Gem","","20","Skills deal 20% increased Damage per Connected Red Support Gem","20","Skills have 20% increased Critical Hit Chance per Connected Blue Support Gem","6","Skills have 6% increased Skill Speed per Connected Green Support Gem","","","","","","","","","","Character: Mercenary","","","","","","","","","Critical Hit Chance","","","","","","","","","","","","","https://cdn.poe2db.tw/image/Art/2DArt/SkillIcons/passives/Gemling/GemlingBuffSkillsReserveLessSpirit.webp",""
"1788937524-166","https://poe2db.tw/us/Ascendancy_class#Ascendancypassives","Thaumaturgical Infusion","Ascendancy: Gemling Legionnaire","","","","","3","+1% to Maximum Cold Resistance per 3 Blue Support Gems Socketed","3","+1% to Maximum Fire Resistance per 3 Red Support Gems Socketed","3","+1% to Maximum Lightning Resistance per 3 Green Support Gems Socketed","","","","","","","","","","Character: Mercenary","","","","","","","","","","","","","","","","","","","","","","https://cdn.poe2db.tw/image/Art/2DArt/SkillIcons/passives/Gemling/GemlingMaxElementalResistanceSupportColour.webp",""
"1788937524-167","https://poe2db.tw/us/Ascendancy_class#Ascendancypassives","Entwined Realities","Ascendancy: Oracle","","","","","","Non-Keystone Passive Skills in Medium Radius of allocated Keystone Passive Skills can be allocated without being connected to your tree","","","","","","","","","","","","","","Character: Druid","","","","","","","","","","","","","","","","","","","","","","https://cdn.poe2db.tw/image/Art/2DArt/SkillIcons/passives/Oracle/OraclePassiveTreeAllocation.webp",""
"1788937524-168","https://poe2db.tw/us/Ascendancy_class#Ascendancypassives","The Unseen Path","Ascendancy: Oracle","","","","","","Walk the Paths Not Taken","","","","","","","","","","","","","","Character: Druid","","","","","","","","","","","","","","","","","","","","","","https://cdn.poe2db.tw/image/Art/2DArt/SkillIcons/passives/Oracle/OracleDiffChoices.webp",""
"1788937524-169","https://poe2db.tw/us/Ascendancy_class#Ascendancypassives","Harmony Within","Ascendancy: Oracle","","","","","","Hit damage is taken from Mana before Life if your current Mana is higher than your current Life","15","15% less maximum Life","15","15% less maximum Mana","","","","","","","","","","Character: Druid","","","","","","","","","","","","","","","","","","","","","","https://cdn.poe2db.tw/image/Art/2DArt/SkillIcons/passives/Oracle/OracleLifeManaHits.webp",""
"1788937524-170","https://poe2db.tw/us/Ascendancy_class#Ascendancypassives","Converging Paths","Ascendancy: Oracle","Moment of Vulnerability","","","","","Grants Skill: Moment of Vulnerability","","","","","","","","","","","","","","Character: Druid","","","","","","","","","","","","","","","","","","","","","","https://cdn.poe2db.tw/image/Art/2DArt/SkillIcons/passives/Oracle/OracleRipFromTime.webp","https://cdn.poe2db.tw/image/Art/2DArt/SkillIcons/passives/DruidOracleRipFromTimeSkill.webp"
"1788937524-171","https://poe2db.tw/us/Ascendancy_class#Ascendancypassives","Fateful Vision","Ascendancy: Oracle","Align Fate","","","","","Grants Skill: Align Fate","","","","","","","","","","","","","","Character: Druid","","","","","","","","","","","","","","","","","","","","","","https://cdn.poe2db.tw/image/Art/2DArt/SkillIcons/passives/Oracle/OracleSpellFlux.webp","https://cdn.poe2db.tw/image/Art/2DArt/SkillIcons/DruidOracleSpellfluxSkill.webp"
"1788937524-172","https://poe2db.tw/us/Ascendancy_class#Ascendancypassives","Unnamed Heartwood","Ascendancy: Oracle","","","","","+1","+1 to maximum number of Summoned Totems","6","Totems die 6 seconds after their Life is reduced to 0","","","","","","","","","","","","Character: Druid","","","","","","","","","","","","","","","","","","","","","","https://cdn.poe2db.tw/image/Art/2DArt/SkillIcons/passives/Oracle/OracleTotemLimit.webp",""
"1788937524-173","https://poe2db.tw/us/Ascendancy_class#Ascendancypassives","The Lesser Harm","Ascendancy: Oracle","","","","","","Enemy Critical Hit Chance against you is Unlucky","","Damage of Enemies Hitting you is Unlucky","","","","","","","","","","","","Character: Druid","","","","","","","","","Critical Hit Chance","","","","","","","","","","","","","https://cdn.poe2db.tw/image/Art/2DArt/SkillIcons/passives/Oracle/OracleEnemiesActionsUnlucky.webp",""
"1788937524-174","https://poe2db.tw/us/Ascendancy_class#Ascendancypassives","Forced Outcome","Ascendancy: Oracle","","","","","","Inevitable Critical Hits","","","","","","","","","","","","","","Character: Druid","","","","","","","","","","","","","","","","","","","","","","https://cdn.poe2db.tw/image/Art/2DArt/SkillIcons/passives/Oracle/OracleRerollingCrit.webp",""
"1788937524-175","https://poe2db.tw/us/Ascendancy_class#Ascendancypassives","Turning of the Seasons","Ascendancy: Shaman","","","","","","Enemies in your Presence have Exposure","10","Gain 10% of Damage as Extra Damage of a random Element","","","","","","","","","","","","Character: Druid","","","Element","","","","","","","","","","","","","","Presence","","","","","https://cdn.poe2db.tw/image/Art/2DArt/SkillIcons/passives/Shaman/ShamanPickEleDmg.webp",""
"1788937524-176","https://poe2db.tw/us/Ascendancy_class#Ascendancypassives","Bringer of the Apocalypse","Ascendancy: Shaman","Apocalypse","","","","","Grants Skill: Apocalypse","","","","","","","","","","","","","","Character: Druid","","","","","","","","","","","","","","","","","","","","","","https://cdn.poe2db.tw/image/Art/2DArt/SkillIcons/passives/Shaman/ShamanUnleashTheElements.webp","https://cdn.poe2db.tw/image/Art/2DArt/SkillIcons/DruidShamanUnleashtheElementsSkill.webp"
"1788937524-177","https://poe2db.tw/us/Ascendancy_class#Ascendancypassives","Druidic Champion","Ascendancy: Shaman","","","","","1","Every 2 Rage also grants 1% more Spell damage","","","","","","","","","","","","","","Character: Druid","","","","","","","","","","","","","","","Spell","","","","","","","https://cdn.poe2db.tw/image/Art/2DArt/SkillIcons/passives/Shaman/ShamanRageAffectsSpells.webp",""
"1788937524-178","https://poe2db.tw/us/Ascendancy_class#Ascendancypassives","Reactive Growth","Ascendancy: Shaman","","Hit","","","10","10% less Elemental Damage taken","1","Adapt 1 times to the highest Elemental Damage Type of each Hit you take","10","10% less Damage taken of each Elemental Damage Type per matching Adaptation","","","","","","","","","","Character: Druid","","","Elemental Damage","","","","","","","","","","","","","","","","","","base max adaptations [3]","https://cdn.poe2db.tw/image/Art/2DArt/SkillIcons/passives/Shaman/ShamanAdaptToElements.webp",""
"1788937524-179","https://poe2db.tw/us/Ascendancy_class#Ascendancypassives","Avatar of Evolution","Ascendancy: Shaman","","","","","5","5% of Physical Damage taken as Fire Damage","5","5% of Physical Damage taken as Lightning Damage","5","5% of Physical Damage taken as Cold Damage","","","","","","","","","","Character: Druid","","","","Physical","","","","","","","","","","","","","","","","","5","https://cdn.poe2db.tw/image/Art/2DArt/SkillIcons/passives/Shaman/ShamanEvenMoreAdaptation.webp",""
"1788937524-180","https://poe2db.tw/us/Ascendancy_class#Ascendancypassives","Furious Wellspring","Ascendancy: Shaman","","","","","","No Inherent loss of Rage","6","Regenerate 6% of your maximum Rage per second","","Increases and Reductions to Mana Regeneration Rate also apply to Rage Regeneration Rate","","","","","","","","","","Character: Druid","","","","","","","","","","","","","","","","","","","","","+5","https://cdn.poe2db.tw/image/Art/2DArt/SkillIcons/passives/Shaman/ShamanRageonHit.webp",""
"1788937524-181","https://poe2db.tw/us/Ascendancy_class#Ascendancypassives","Sacred Flow","Ascendancy: Shaman","","","","","+40","+40 to Spirit for each of your empty Charm slots","","","","","","","","","","","","","","Character: Druid","","","","","","","","","","","","","","","","","","","","","","https://cdn.poe2db.tw/image/Art/2DArt/SkillIcons/passives/Shaman/ShamanGainSpiritEmptyCharmSlot.webp",""
"1788937524-182","https://poe2db.tw/us/Ascendancy_class#Ascendancypassives","Wisdom of the Maji","Ascendancy: Shaman","","","","","","Gain the benefits of Bonded modifiers on Runes and Idols","","","","","","","","","","","","","","Character: Druid","","","","","","","","","","","","","","","","","","","","","","https://cdn.poe2db.tw/image/Art/2DArt/SkillIcons/passives/Shaman/ShamanRunesTalismans.webp",""
"1788937524-183","https://poe2db.tw/us/Ascendancy_class#Ascendancypassives","Martial Adept","Ascendancy: Martial Artist","","","","","1","When you gain Combo, gain 1 additional Combo","-0.2","-0.2 seconds to current Energy Shield Recharge delay per Combo expended when using Skills","","","","","","","","","","","","Character: Monk","","","","","","","","","","","","","","","","","","","","","","https://cdn.poe2db.tw/image/Art/2DArt/SkillIcons/passives/MartialArtist/MartialArtistAdditionalComboHit.webp",""
"1788937524-184","https://poe2db.tw/us/Ascendancy_class#Ascendancypassives","Martial Master","Ascendancy: Martial Artist","","Hits","","","","Skills can build and retain Combo regardless of Weapon Set","","Gain Combo from all Attack Hits","","","","","","","","","","","","Character: Monk","","","","","","","","","","","","","","","","","","","","","","https://cdn.poe2db.tw/image/Art/2DArt/SkillIcons/passives/MartialArtist/MartialArtistAllAttacksGenerateCombo.webp",""
"1788937524-185","https://poe2db.tw/us/Ascendancy_class#Ascendancypassives","Hollow Focus Technique","Ascendancy: Martial Artist","Hollow Focus","","","","","Grants Skill: Hollow Focus","","","","","","","","","","","","","","Character: Monk","","","","","","","","","","","","","","","","","","","","","","https://cdn.poe2db.tw/image/Art/2DArt/SkillIcons/passives/MartialArtist/MartialArtistSpectralBell.webp","https://cdn.poe2db.tw/image/Art/2DArt/SkillIcons/MartialArtistSpectralBellSkill.webp"
"1788937524-186","https://poe2db.tw/us/Ascendancy_class#Ascendancypassives","Hollow Resonance Technique","Ascendancy: Martial Artist","Hollow Resonance","","","","","Grants Skill: Hollow Resonance","","carried_spectral_bell","","","","","","","","","","","","Character: Monk","","","","","","","","","","","","","","","","","","","","","","https://cdn.poe2db.tw/image/Art/2DArt/SkillIcons/passives/MartialArtist/MartialArtistCarrySoectralBell.webp","https://cdn.poe2db.tw/image/Art/2DArt/SkillIcons/MartialArtistCarrySpectralBellSkill.webp"
"1788937524-187","https://poe2db.tw/us/Ascendancy_class#Ascendancypassives","Runic Meridians","Ascendancy: Martial Artist","","","","","","Can tattoo Runes onto your body, gaining
additional Rune-only sockets:
• 1 Helmet socket
• 2 Body Armour sockets
• 1 Gloves socket
• 1 Boots socket","","","","","","","","","","","","","","Character: Monk","","","","","","","","","","","","","","","","","","","","","","https://cdn.poe2db.tw/image/Art/2DArt/SkillIcons/passives/MartialArtist/MartialArtistExtraRunes.webp",""
"1788937524-188","https://poe2db.tw/us/Ascendancy_class#Ascendancypassives","Way of the Mountain","Ascendancy: Martial Artist","","","","","100","100% Surpassing chance per enemy Power to gain Mountain's Teachings on Immobilising an enemy, up to a maximum of 30
Lose a Mountain's Teaching when you are Hit, or when you use or Sustain an Attack that benefits from Mountain's Teachings","stone skin duration ms [20000]","stone skin duration ms [20000]","stone skin grants attack damage +% final you use yourself [15]","stone skin grants attack damage +% final you use yourself [15]","","","","","","","","","","Character: Monk","","","","","","","","","","","","","","","","","","","","","stone skin grants damage reduction life threshold % [30]","https://cdn.poe2db.tw/image/Art/2DArt/SkillIcons/passives/MartialArtist/MartialArtistCoveredinStone.webp",""
"1788937524-189","https://poe2db.tw/us/Ascendancy_class#Ascendancypassives","Hollow Form Technique","Ascendancy: Martial Artist","Hollow Form","","","","","Grants Skill: Hollow Form","","","","","","","","","","","","","","Character: Monk","","","","","","","","","","","","","","","","","","","","","","https://cdn.poe2db.tw/image/Art/2DArt/SkillIcons/passives/MartialArtist/MartialArtistMantraofIllusions.webp","https://cdn.poe2db.tw/image/Art/2DArt/SkillIcons/MartialArtistMantraofIllusionsSkill.webp"
"1788937524-190","https://poe2db.tw/us/Ascendancy_class#Ascendancypassives","Way of the Stonefist","Ascendancy: Martial Artist","","","","","","Gloves you equip have their Base Type transformed to Fists of Stone while equipped, and
their Explicit Modifiers are transformed into more powerful related Modifiers","","Ignore Attribute Requirements to equip Gloves","","","","","","","","","","","","Character: Monk","","","","","","","","","","","","","","","","","","","","","","https://cdn.poe2db.tw/image/Art/2DArt/SkillIcons/passives/MartialArtist/MartialArtistHandWraps.webp",""
"1788937524-191","https://poe2db.tw/us/Ascendancy_class#Ascendancypassives","Lead me through Grace...","Ascendancy: Invoker","","","","","8","+1 to Spirit for every 8 Item Energy Shield on Equipped Body Armour","20","+1 to Spirit for every 20 Evasion Rating on Equipped Body Armour","","Cannot gain Spirit from Equipment","","","","","","","","","","Character: Monk","","","","","","","","","","","","","","","","","","","","","","https://cdn.poe2db.tw/image/Art/2DArt/SkillIcons/passives/Invoker/InvokerEvasionEnergyShieldGrantsSpirit.webp",""
"1788937524-192","https://poe2db.tw/us/Ascendancy_class#Ascendancypassives","...and Protect me from Harm","Ascendancy: Invoker","","","","","","Physical Damage Reduction from Armour is based on your combined Armour and Evasion Rating","35","35% less Evasion Rating","","","","","","","","Armour","","","","Character: Monk","","Evasion","","","","","","","","","","","","","","","","","","","","https://cdn.poe2db.tw/image/Art/2DArt/SkillIcons/passives/Invoker/InvokerEvasionGrantsPhysicalDamageReduction.webp",""
"1788937524-193","https://poe2db.tw/us/Ascendancy_class#Ascendancypassives","I am the Thunder...","Ascendancy: Invoker","","","","","10","Gain 10% of Damage as Extra Lightning Damage","25","25% chance on Shocking Enemies to created Shocked Ground","","","","","","","","","","","","Character: Monk","","","","","","","","","","","","","","","","","","","","","","https://cdn.poe2db.tw/image/Art/2DArt/SkillIcons/passives/Invoker/InvokerShockMagnitude.webp",""
"1788937524-194","https://poe2db.tw/us/Ascendancy_class#Ascendancypassives","I am the Blizzard...","Ascendancy: Invoker","","","","","10","Gain 10% of Damage as Extra Cold Damage","","On Freezing Enemies create Chilled Ground","","","","","","","","","","","","Character: Monk","","","","","","","","","","","","","","","","","","","","","","https://cdn.poe2db.tw/image/Art/2DArt/SkillIcons/passives/Invoker/InvokerChillChanceBasedOnDamage.webp",""
"1788937524-195","https://poe2db.tw/us/Ascendancy_class#Ascendancypassives","...and I Shall Rage","Ascendancy: Invoker","Unbound Avatar","","","","","Grants Skill: Unbound Avatar","gain unbound ailment stacks [1]","gain unbound ailment stacks [1]","","","","","","","","","","","","Character: Monk","","","","","","","","","","","","","","","","","","","","","","https://cdn.poe2db.tw/image/Art/2DArt/SkillIcons/passives/Invoker/InvokerUnboundAvatar.webp","https://cdn.poe2db.tw/image/Art/2DArt/SkillIcons/MonkInvokerUnboundAvatar.webp"
"1788937524-196","https://poe2db.tw/us/Ascendancy_class#Ascendancypassives","Sunder my Enemies...","Ascendancy: Invoker","","","","","","Critical Hits ignore non-negative Enemy Monster Elemental Resistances","","","","","","","","","","","","","","Character: Monk","","","","","","","","","Critical Hits","","","","","","","","","","","","","https://cdn.poe2db.tw/image/Art/2DArt/SkillIcons/passives/Invoker/InvokerCriticalStrikesIgnoreResistances.webp",""
"1788937524-197","https://poe2db.tw/us/Ascendancy_class#Ascendancypassives","...and Scatter Them to the Winds","Ascendancy: Invoker","Elemental Expression","","","","","Grants Skill: Elemental Expression","","Trigger Elemental Expression on Melee Critical Hit","","","","","","","","","","","","Character: Monk","","","","","","","","","Critical Hit","","","","","","","","","","","","","https://cdn.poe2db.tw/image/Art/2DArt/SkillIcons/passives/Invoker/InvokerWildStrike.webp","https://cdn.poe2db.tw/image/Art/2DArt/SkillIcons/MonkInvokerWildStrike.webp"
"1788937524-198","https://poe2db.tw/us/Ascendancy_class#Ascendancypassives","Faith is a Choice","Ascendancy: Invoker","Meditate","","","","","Grants Skill: Meditate","","","","","","","","","","","","","","Character: Monk","","","","","","","","","","","","","","","","","","","","","","https://cdn.poe2db.tw/image/Art/2DArt/SkillIcons/passives/Invoker/InvokerGrantsMeditate.webp","https://cdn.poe2db.tw/image/Art/2DArt/SkillIcons/MonkInvokerMeditate.webp"
"1788937524-199","https://poe2db.tw/us/Ascendancy_class#Ascendancypassives","The Soul Springs Eternal","Ascendancy: Invoker","","Efficiency","","Reservation","35","Meta Skills gain 35% more Energy","50","Meta Skills have 50% increased Reservation Efficiency","","","","","","","","","","","","Character: Monk","","","","","","","","","","","","","","","","","","","","","","https://cdn.poe2db.tw/image/Art/2DArt/SkillIcons/passives/Invoker/InvokerEnergyDoubled.webp",""
"1788937524-200","https://poe2db.tw/us/Ascendancy_class#Ascendancypassives","Inner Turmoil","Ascendancy: Acolyte of Chayula","","","","","1","Gain 1 Volatility on inflicting an Elemental Ailment","","Take no Damage from Volatility","","","","","","","","","","","","Character: Monk","","","","","","","","","","","","","","","","","","","","","","https://cdn.poe2db.tw/image/Art/2DArt/SkillIcons/passives/AcolyteofChayula/AcolyteOfChayulaManaLeechInstant.webp",""
"1788937524-201","https://poe2db.tw/us/Ascendancy_class#Ascendancypassives","Unravelling","Ascendancy: Acolyte of Chayula","","","","","","Grants Unravelling","","","","","","","","","","","","","","Character: Monk","","","","","","","","","","","","","","","","","","","","","","https://cdn.poe2db.tw/image/Art/2DArt/SkillIcons/passives/AcolyteofChayula/AcolyteOfChayulaUnravelling.webp",""
"1788937524-202","https://poe2db.tw/us/Ascendancy_class#Ascendancypassives","Sap of Nightmares","Ascendancy: Acolyte of Chayula","","","","","","Leech recovers based on Chaos Damage as well as Physical Damage","","","","","","","","","","","","","","Character: Monk","","","","Physical","","","","","","","Chaos","","","","","","","","","","","https://cdn.poe2db.tw/image/Art/2DArt/SkillIcons/passives/AcolyteofChayula/AcolyteOfChayulaExtraChaosDamage.webp",""
"1788937524-203","https://poe2db.tw/us/Ascendancy_class#Ascendancypassives","Chayula's Gift","Ascendancy: Acolyte of Chayula","","","","","+10","+10% to Maximum Chaos Resistance","","Chaos Resistance is doubled","","","","","","","","","","","","Character: Monk","","","","","","","","","","","Chaos","","","","","","","","","","","https://cdn.poe2db.tw/image/Art/2DArt/SkillIcons/passives/AcolyteofChayula/AcolyteOfChayulaExtraChaosResistance.webp",""
"1788937524-204","https://poe2db.tw/us/Ascendancy_class#Ascendancypassives","Waking Dream","Ascendancy: Acolyte of Chayula","Into the Breach","","","","","Grants Skill: Into the Breach","","","","","","","","","","","","","","Character: Monk","","","","","","","","","","","","","","","","","","","","","","https://cdn.poe2db.tw/image/Art/2DArt/SkillIcons/passives/AcolyteofChayula/AcolyteOfChayulaBreachWalk.webp","https://cdn.poe2db.tw/image/Art/2DArt/SkillIcons/MonkBreachWalk.webp"
"1788937524-205","https://poe2db.tw/us/Ascendancy_class#Ascendancypassives","Embrace the Darkness","Ascendancy: Acolyte of Chayula","","","","Reservation","100","You have no Spirit
Base Maximum Darkness is 100
Damage taken is Reserved from Darkness before being taken from Life or Energy Shield","5","Darkness Reservation lasts for 5 seconds","+10","+10 to Maximum Darkness per Level","","","","","","","","","","Character: Monk","","","","","","","","","","","","Energy Shield","","","","","","","","","","https://cdn.poe2db.tw/image/Art/2DArt/SkillIcons/passives/AcolyteofChayula/AcolyteOfChayulaReplaceSpiritWithDarkness.webp",""
"1788937524-206","https://poe2db.tw/us/Ascendancy_class#Ascendancypassives","Grasp of the Void","Ascendancy: Acolyte of Chayula","Void Illusion","","","","","Grants Skill: Void Illusion","","","","","","","","","","","","","","Character: Monk","","","","","","","","","","","","","","","","","","","","","","https://cdn.poe2db.tw/image/Art/2DArt/SkillIcons/passives/AcolyteofChayula/AcolyteOfChayulaExtraChaosDamagePerDarkness.webp","https://cdn.poe2db.tw/image/Art/2DArt/SkillIcons/MonkVoidIllusion.webp"
"1788937524-207","https://poe2db.tw/us/Ascendancy_class#Ascendancypassives","Deepening Shadows","Ascendancy: Acolyte of Chayula","","","","","1","1% increased maximum Darkness per 1% Chaos Resistance","","","","","","","","","","","","","","Character: Monk","","","","","","","","","","","Chaos Resistance","","","","","","","","","","","https://cdn.poe2db.tw/image/Art/2DArt/SkillIcons/passives/AcolyteofChayula/AcolyteOfChayulaDarknessProtectsLonger.webp",""
"1788937524-208","https://poe2db.tw/us/Ascendancy_class#Ascendancypassives","Archon of Chayula","Ascendancy: Acolyte of Chayula","Archon of Chayula","","","","","Grants Skill: Archon of Chayula","","","","","","","","","","","","","","Character: Monk","","","","","","","","","","","","","","","","","","","","","","https://cdn.poe2db.tw/image/Art/2DArt/SkillIcons/passives/AcolyteofChayula/AcolyteOfChayulaSpecialNode.webp","https://cdn.poe2db.tw/image/Art/2DArt/SkillIcons/AcolyteOfChayulaSpecialNodeSkill.webp"
"1788937524-209","https://poe2db.tw/us/Ascendancy_class#Ascendancypassives","Lucid Dreaming","Ascendancy: Acolyte of Chayula","","","","","","","","","","","","","","","","","","","","Character: Monk","","","","","","","","","","","","","","","","","","","","","","https://cdn.poe2db.tw/image/Art/2DArt/SkillIcons/passives/AcolyteofChayula/AcolyteOfChayulaFlameSelector.webp",""
