"UniqueItems href","w2 src","uniqueName","uniqueTypeLine","requirements","colourDefault","explicitMod","mod-value","ndash","explicitMod 2","mod-value 2","ndash 2","KeywordPopups","KeywordPopups href","explicitMod 3","KeywordPopups 2","KeywordPopups href 2","explicitMod 4","mod-value 3","KeywordPopups 3","KeywordPopups href 3","explicitMod 5","mod-value 4","KeywordPopups 4","KeywordPopups href 4","colourDefault 2","ndash 3","KeywordPopups 5","KeywordPopups href 5","mod-value 5","ndash 4","KeywordPopups 6","KeywordPopups href 6","KeywordPopups 7","KeywordPopups href 7","KeywordPopups 8","KeywordPopups href 8","implicitMod","colourDefault 3"
"https://poe2db.tw/us/Bramblejack","https://cdn.poe2db.tw/image/Art/2DItems/Armours/BodyArmours/Uniques/Bramblejack.webp","Bramblejack","Rusted Cuirass","Requires:","Level 1","to maximum Life","+(60100)","—","to","+(60100)","—","Stun Threshold","https://poe2db.tw/us/Player_Stun_Threshold","Cannot Evade Enemy","Attacks","https://poe2db.tw/us/Attacks","% of  Physical Damage taken reflected to Attacker","250","Melee","https://poe2db.tw/us/Melee","Regenerate % of maximum Life per second while","5","Surrounded","https://poe2db.tw/us/Surrounded","","","","","","","","","","","","","",""
"https://poe2db.tw/us/Blackbraid","https://cdn.poe2db.tw/image/Art/2DItems/Armours/BodyArmours/Uniques/Blackbraid.webp","Blackbraid","Fur Plate","Requires:  ,","Level 4","to","+(4060)","—","to","+(515)","—","Armour","https://poe2db.tw/us/Armour","to","Strength","https://poe2db.tw/us/Strength","% to all","+(515)","Intelligence","https://poe2db.tw/us/Intelligence","% of  also applies to","+10","Elemental","https://poe2db.tw/us/Elemental_Damage_Types","10 Str","—","Resistances","https://poe2db.tw/us/Resistances","+(100150)","—","Armour","https://poe2db.tw/us/Armour","Elemental Damage","https://poe2db.tw/us/Elemental_Damage_Types","Stun Threshold","https://poe2db.tw/us/Player_Stun_Threshold","",""
"https://poe2db.tw/us/Edyrns_Tusks","https://cdn.poe2db.tw/image/Art/2DItems/Armours/BodyArmours/Uniques/EdyrnsTusks.webp","Edyrn's Tusks","Iron Cuirass","Requires:  ,","Level 11","% increased","(120160)","—","% chance to inflict  on","50","—","Armour","https://poe2db.tw/us/Armour","% reduced  Potency of  on You","Bleeding","https://poe2db.tw/us/Bleeding","to    damage","50","Hit","https://poe2db.tw/us/Hit_Damage","","(1520)","Slowing","https://poe2db.tw/us/Slow","21 Str","—","Debuffs","https://poe2db.tw/us/Debuffs","(2530)","","Physical","https://poe2db.tw/us/Physical_Damage","Thorns","https://poe2db.tw/us/Thorns","","","",""
"https://poe2db.tw/us/Titanrot_Cataphract","https://cdn.poe2db.tw/image/Art/2DItems/Armours/BodyArmours/Uniques/TitanrotCataphract.webp","Titanrot Cataphract","Maraketh Cuirass","Requires:  ,","Level 20","% increased","(400500)","—","% increased","(1530)","—","Armour","https://poe2db.tw/us/Armour","% reduced","Strength","https://poe2db.tw/us/Strength","% reduced","10","Dexterity","https://poe2db.tw/us/Dexterity","You have no Life Regeneration","10","Intelligence","https://poe2db.tw/us/Intelligence","34 Str","","","","","","","","","","","","",""
"https://poe2db.tw/us/Wandering_Reliquary","https://cdn.poe2db.tw/image/Art/2DItems/Armours/BodyArmours/Uniques/WanderingReliquary.webp","Wandering Reliquary","Steel Plate","Requires:  ,","Level 27","% increased","(50100)","—","to maximum Mana","+(4060)","—","Armour","https://poe2db.tw/us/Armour","to","Strength","https://poe2db.tw/us/Strength","to","+(1020)","Stun Threshold","https://poe2db.tw/us/Player_Stun_Threshold","% of Physical Damage prevented  as Life","+(6080)","Recouped","https://poe2db.tw/us/Recoup","45 Str","—","","","50","—","","","","","","","",""
"https://poe2db.tw/us/Kingsguard","https://cdn.poe2db.tw/image/Art/2DItems/Armours/BodyArmours/Uniques/Kingsguard.webp","Kingsguard","Full Plate","Requires:  ,","Level 33","to maximum Life","+(6080)","—","to maximum Mana","+(4060)","—","Elemental","https://poe2db.tw/us/Elemental_Damage_Types","% to all","Resistances","https://poe2db.tw/us/Resistances","% reduced  Duration","+(510)","Endurance Charge","https://poe2db.tw/us/Charges","Recover % of maximum Life for each  consumed","25","Endurance Charge","https://poe2db.tw/us/Charges","54 Str","—","","","5","","","","","","","","",""
"https://poe2db.tw/us/Greeds_Embrace","https://cdn.poe2db.tw/image/Art/2DItems/Armours/BodyArmours/Uniques/GreedsEmbrace.webp","Greed's Embrace","Vaal Cuirass","Requires:  ,","Level 37","% increased  Requirement","50","—","% reduced Movement Speed","20","—","Strength","https://poe2db.tw/us/Strength","% increased","Armour","https://poe2db.tw/us/Armour","% increased  found","(100150)","Rarity of Items","https://poe2db.tw/us/Item_Rarity","% to","(3050)","Fire Resistance","https://poe2db.tw/us/Resistances","","—","","","+(2030)","","","","","","","","",""
"https://poe2db.tw/us/The_Brass_Dome","https://cdn.poe2db.tw/image/Art/2DItems/Armours/BodyArmours/Uniques/BrassDome.webp","The Brass Dome","Champion Cuirass","Requires:  ,","Level 58","% increased","(500600)","—","% to all","(-5-1)","—","Armour","https://poe2db.tw/us/Armour","to","Maximum Elemental Resistances","https://poe2db.tw/us/Maximum_Resistances","Take no Extra Damage from","+(200300)","Stun Threshold","https://poe2db.tw/us/Player_Stun_Threshold","","","Critical Hits","https://poe2db.tw/us/Critical_Hits","92 Str","—","","","","","","","","","","","",""
"https://poe2db.tw/us/Kaoms_Heart","https://cdn.poe2db.tw/image/Art/2DItems/Armours/BodyArmours/Uniques/KaomsHeart.webp","Kaom's Heart","Conqueror Plate","Requires:  ,","Level 68","to maximum Life","+1500","","You have no","","","Spirit","https://poe2db.tw/us/Spirit","","","","","","","","","","","","121 Str","","","","","","","","","","","","% increased",""
"https://poe2db.tw/us/Bristleboar","https://cdn.poe2db.tw/image/Art/2DItems/Armours/BodyArmours/Uniques/Bristleboar.webp","Bristleboar","Leather Vest","Requires:","Level 1","% reduced  Rating","50","—","to maximum Life","+(4060)","—","Evasion","https://poe2db.tw/us/Evasion","Life Regeneration per second","Rage","https://poe2db.tw/us/Rage","Gain   when  by an Enemy","(35)","Critically Hit","https://poe2db.tw/us/Critical_Hits","Gain   when  by an Enemy","10","Rage","https://poe2db.tw/us/Rage","","","Hit","https://poe2db.tw/us/Hit_Damage","5","","","","","","","","",""
"https://poe2db.tw/us/Foxshade","https://cdn.poe2db.tw/image/Art/2DItems/Armours/BodyArmours/Uniques/Foxform.webp","Foxshade","Quilted Vest","Requires:  ,","Level 4","to  Rating","+(5070)","—","to","+(2030)","—","Evasion","https://poe2db.tw/us/Evasion","% increased Movement Speed when on Full Life","Dexterity","https://poe2db.tw/us/Dexterity","% increased  when on Full Life","10","Evasion Rating","https://poe2db.tw/us/Evasion","","100","","","10 Dex","","","","","","","","","","","","",""
"https://poe2db.tw/us/Ashrend","https://cdn.poe2db.tw/image/Art/2DItems/Armours/BodyArmours/Uniques/Ashrend.webp","Ashrend","Pathfinder Coat","Requires:  ,","Level 11","to maximum Life","+(4060)","—","to","+(1020)","—","Strength","https://poe2db.tw/us/Strength","% to","Fire Resistance","https://poe2db.tw/us/Resistances","Cannot be","+(3040)","Ignited","https://poe2db.tw/us/Ignite","Damage taken from  Hits","-10","Physical","https://poe2db.tw/us/Physical_Damage","21 Dex","—","Attack","https://poe2db.tw/us/Attacks","","","","","","","","","",""
"https://poe2db.tw/us/Sands_of_Silk","https://cdn.poe2db.tw/image/Art/2DItems/Armours/BodyArmours/Uniques/SandsOfSilk.webp","Sands of Silk","Shrouded Vest","Requires:  ,","Level 16","% increased  Rating","(50100)","—","to maximum Mana","+(5080)","—","Evasion","https://poe2db.tw/us/Evasion","to","Dexterity","https://poe2db.tw/us/Dexterity","to","+(1020)","Intelligence","https://poe2db.tw/us/Intelligence","% to","+(1020)","Fire Resistance","https://poe2db.tw/us/Resistances","28 Dex","—","Cooldown Recovery Rate","https://poe2db.tw/us/Cooldown_Recovery_Rate","+(1015)","—","","","","","","","Grants Skill: Level 5",""
"https://poe2db.tw/us/Briskwrap","https://cdn.poe2db.tw/image/Art/2DItems/Armours/BodyArmours/Uniques/Briskwrap.webp","Briskwrap","Rhoahide Coat","Requires:  ,","Level 22","% increased  Rating","(60100)","—","% increased  Life Recovery rate","(4060)","—","Evasion","https://poe2db.tw/us/Evasion","% increased  Mana Recovery rate","Flask","https://poe2db.tw/us/Flasks","to","(4060)","Flask","https://poe2db.tw/us/Flasks","% to","+(2030)","Dexterity","https://poe2db.tw/us/Dexterity","37 Dex","—","Cold Resistance","https://poe2db.tw/us/Resistances","+(2030)","—","Deflection Rating","https://poe2db.tw/us/Deflect","Evasion Rating","https://poe2db.tw/us/Evasion","","","",""
"https://poe2db.tw/us/Dustbloom","https://cdn.poe2db.tw/image/Art/2DItems/Armours/BodyArmours/Uniques/Dustbloom.webp","Dustbloom","Studded Vest","Requires:  ,","Level 26","% increased  Rating","(100150)","—","% to","+(2030)","—","Evasion","https://poe2db.tw/us/Evasion","Maximum  Fragile Regrowth","Cold Resistance","https://poe2db.tw/us/Resistances","% of maximum Life Regenerated per second per Fragile Regrowth","10","Hit","https://poe2db.tw/us/Hit_Damage","% increased Mana Regeneration Rate per Fragile Regrowth","0.5","","","43 Dex","","","","10","","","","","","","","",""
"https://poe2db.tw/us/The_Rat_Cage","https://cdn.poe2db.tw/image/Art/2DItems/Armours/BodyArmours/Uniques/TheRatCage.webp","The Rat Cage","Scout's Vest","Requires:  ,","Level 33","% increased  Rating","(100150)","—","to maximum Life","+300","","Evasion","https://poe2db.tw/us/Evasion","% reduced  Requirements","Attribute","https://poe2db.tw/us/Attributes","% of  Damage from  taken as  Damage","25","Fire","https://poe2db.tw/us/Fire_Damage","","100","Hits","https://poe2db.tw/us/Hit_Damage","","","Physical","https://poe2db.tw/us/Physical_Damage","","","","","","","","","",""
"https://poe2db.tw/us/Quatls_Molt","https://cdn.poe2db.tw/image/Art/2DItems/Armours/BodyArmours/Uniques/QuatlsMolt.webp","Quatl's Molt","Serpentscale Coat","Requires:  ,","Level 36","% increased  Rating","(6080)","—","to maximum Life","+(6080)","—","Evasion","https://poe2db.tw/us/Evasion","% to","Chaos Resistance","https://poe2db.tw/us/Resistances","Gain  equal to % of","+(1723)","Deflection Rating","https://poe2db.tw/us/Deflect","Life Regeneration per second","(4060)","Evasion Rating","https://poe2db.tw/us/Evasion","59 Dex","—","Poisoned","https://poe2db.tw/us/Poison","(1020)","—","","","","","","","",""
"https://poe2db.tw/us/Queen_of_the_Forest","https://cdn.poe2db.tw/image/Art/2DItems/Armours/BodyArmours/Uniques/QueenOfTheForest.webp","Queen of the Forest","Smuggler Coat","Requires:  ,","Level 51","% increased  Rating","(250300)","—","% to","(-15-10)","—","Evasion","https://poe2db.tw/us/Evasion","% to","Fire Resistance","https://poe2db.tw/us/Resistances","% to","+(2530)","Cold Resistance","https://poe2db.tw/us/Resistances","Increases Movement Speed by 25%, plus 1% per   Rating, up to %Other Modifiers to Movement Speed except for Sprinting do not apply","+(1015)","Lightning Resistance","https://poe2db.tw/us/Resistances","82 Dex","—","Evasion","https://poe2db.tw/us/Evasion","600","—","a maximum of 75","https://poe2db.tw/us/Maximum","","","","","",""
"https://poe2db.tw/us/Yriels_Fostering","https://cdn.poe2db.tw/image/Art/2DItems/Armours/BodyArmours/Uniques/YrielsFostering.webp","Yriel's Fostering","Strider Vest","Requires:  ,","Level 52","% increased  Rating","(100150)","—","to maximum Life","+(80120)","—","Evasion","https://poe2db.tw/us/Evasion","to","Spirit","https://poe2db.tw/us/Spirit","% reduced  Duration on you","+(1030)","Poison","https://poe2db.tw/us/Poison","% reduced Duration of  on You","(4060)","Bleeding","https://poe2db.tw/us/Bleeding","83 Dex","—","Companions","https://poe2db.tw/us/Companions","(4060)","—","","","","","","","",""
"https://poe2db.tw/us/The_Auspex","https://cdn.poe2db.tw/image/Art/2DItems/Armours/BodyArmours/Uniques/The%20Auspex.webp","The Auspex","Exquisite Vest","Requires:  ,","Level 65","% increased  Rating","(210240)","—","to maximum Life","+(70120)","—","Evasion","https://poe2db.tw/us/Evasion","% increased  Requirements","Attribute","https://poe2db.tw/us/Attributes","Chance to  is  while on","100","Deflect","https://poe2db.tw/us/Deflect","Enemies in your  gain 1  each second","","Lucky","https://poe2db.tw/us/Lucky","","","Low Life","https://poe2db.tw/us/Low_Life","","","Presence","https://poe2db.tw/us/Presence","Gruelling Madness","https://poe2db.tw/us/Gruelling_Madness","","","Grants Skill: Level 15",""
"https://poe2db.tw/us/Hyrris_Ire","https://cdn.poe2db.tw/image/Art/2DItems/Armours/BodyArmours/Uniques/HyrrisIre.webp","Hyrri's Ire","Armoured Vest","Requires:  ,","Level 73","% increased  Rating","(100150)","—","% of Damage as Extra  Damage","(1020)","—","Evasion","https://poe2db.tw/us/Evasion","to","Gain","https://poe2db.tw/us/Damage_Gained_as_extra_X","% increased  Duration on Enemies","+(3040)","Cold","https://poe2db.tw/us/Cold_Damage","is doubled if you have not been","25","Dexterity","https://poe2db.tw/us/Dexterity","121 Dex","—","Freeze","https://poe2db.tw/us/Freeze","","","Evasion Rating","https://poe2db.tw/us/Evasion","Hit","https://poe2db.tw/us/Hit_Damage","Recently","https://poe2db.tw/us/Recently","% increased",""
"https://poe2db.tw/us/Ghostwrithe","https://cdn.poe2db.tw/image/Art/2DItems/Armours/BodyArmours/Uniques/Ghostwrithe.webp","Ghostwrithe","Tattered Robe","Requires:","Level 1","to maximum","+100","—","% to","+(2937)","","Energy Shield","https://poe2db.tw/us/Energy_Shield","% of Maximum Life  to","Chaos Resistance","https://poe2db.tw/us/Resistances","","35","Converted","https://poe2db.tw/us/Stat_Conversion","","","Energy Shield","https://poe2db.tw/us/Energy_Shield","","","","","","","","","","","","","",""
"https://poe2db.tw/us/Bitterbloom","https://cdn.poe2db.tw/image/Art/2DItems/Armours/BodyArmours/Uniques/DarkwoodPerianth.webp","Bitterbloom","Feathered Robe","Requires:  ,","Level 5","% increased","(50100)","—","to maximum Mana","+(50100)","—","Energy Shield","https://poe2db.tw/us/Energy_Shield","% increased","Energy Shield Recharge Rate","https://poe2db.tw/us/Energy_Shield_Recharge_Rate","starts when you use a Mana","50","Energy Shield Recharge","https://poe2db.tw/us/Energy_Shield_Recharge","","","Flask","https://poe2db.tw/us/Flasks","11 Int","","","","","","","","","","","","",""
"https://poe2db.tw/us/The_Black_Doubt","https://cdn.poe2db.tw/image/Art/2DItems/Armours/BodyArmours/Uniques/TheBlackDoubt.webp","The Black Doubt","Hexer's Robe","Requires:  ,","Level 11","% increased","(60100)","—","to","+(1030)","—","Energy Shield","https://poe2db.tw/us/Energy_Shield","% to","Intelligence","https://poe2db.tw/us/Intelligence","Damage over Time bypasses your While not on Full Life,  % of maximum Mana per Second to Recover that much Life","+(1020)","Cold Resistance","https://poe2db.tw/us/Resistances","","10","Energy Shield","https://poe2db.tw/us/Energy_Shield","21 Int","—","Sacrifice","https://poe2db.tw/us/Sacrifice","","","","","","","","","",""
"https://poe2db.tw/us/Necromantle","https://cdn.poe2db.tw/image/Art/2DItems/Armours/BodyArmours/Uniques/Necromantle.webp","Necromantle","Bone Raiment","Requires:  ,","Level 16","to maximum Life","+(4060)","—","to maximum Mana","+(3050)","—","Minions","https://poe2db.tw/us/Minions","gain % of their maximum Life as Extra maximum","Energy Shield","https://poe2db.tw/us/Energy_Shield","have % to","(2030)","Minions","https://poe2db.tw/us/Minions","% faster","+(1723)","Chaos","https://poe2db.tw/us/Chaos_Damage","28 Int","—","Resistance","https://poe2db.tw/us/Resistances","50","—","Minions","https://poe2db.tw/us/Minions","Revive","https://poe2db.tw/us/Reviving_Minions","","","",""
"https://poe2db.tw/us/Cloak_of_Flame","https://cdn.poe2db.tw/image/Art/2DItems/Armours/BodyArmours/Uniques/CloakOfFlame.webp","Cloak of Flame","Silk Robe","Requires:  ,","Level 22","to maximum","+(3050)","—","% to","+(3050)","—","Energy Shield","https://poe2db.tw/us/Energy_Shield","% reduced  Duration on you","Fire Resistance","https://poe2db.tw/us/Resistances","% of  Damage taken as  Damage","(3050)","Ignite","https://poe2db.tw/us/Ignite","to    damage","50","Physical","https://poe2db.tw/us/Physical_Damage","37 Int","—","Fire","https://poe2db.tw/us/Fire_Damage","25","","Fire","https://poe2db.tw/us/Fire_Damage","Thorns","https://poe2db.tw/us/Thorns","","","",""
"https://poe2db.tw/us/Temporalis","https://cdn.poe2db.tw/image/Art/2DItems/Armours/BodyArmours/Uniques/PilgrimsImage.webp","Temporalis","Silk Robe","Requires:  ,","Level 64","to maximum","+(100150)","—","% to all","+(1020)","—","Energy Shield","https://poe2db.tw/us/Energy_Shield","% of Damage taken  as Life","Elemental","https://poe2db.tw/us/Elemental_Damage_Types","% of Damage taken  as Mana","(530)","Resistances","https://poe2db.tw/us/Resistances","Skills have  seconds to Cooldown","(530)","Recouped","https://poe2db.tw/us/Recoup","37 Int","—","Recouped","https://poe2db.tw/us/Recoup","(-2-1)","—","","","","","","","",""
"https://poe2db.tw/us/Prayers_for_Rain","https://cdn.poe2db.tw/image/Art/2DItems/Armours/BodyArmours/Uniques/PrayersForRain.webp","Prayers for Rain","Keth Raiment","Requires:  ,","Level 28","% increased","(60100)","—","to","+(1015)","—","Energy Shield","https://poe2db.tw/us/Energy_Shield","% to","Intelligence","https://poe2db.tw/us/Intelligence","%","+(1020)","Lightning Resistance","https://poe2db.tw/us/Resistances","is not interrupted by Damage if Recharge began","30","slower start of Energy Shield Recharge","https://poe2db.tw/us/Faster_Start_of_Energy_Shield_Recharge","47 Int","—","Energy Shield Recharge","https://poe2db.tw/us/Energy_Shield_Recharge","","","Recently","https://poe2db.tw/us/Recently","","","","","",""
"https://poe2db.tw/us/Tetzlapokals_Desire","https://cdn.poe2db.tw/image/Art/2DItems/Armours/BodyArmours/Uniques/TetzlapokalsDesire.webp","Tetzlapokal's Desire","Votive Raiment","Requires:  ,","Level 33","% increased","(100150)","—","to","+(2030)","—","Energy Shield","https://poe2db.tw/us/Energy_Shield","to","Strength","https://poe2db.tw/us/Strength","% to","+(2030)","Intelligence","https://poe2db.tw/us/Intelligence","Life","+(1723)","Chaos Resistance","https://poe2db.tw/us/Resistances","54 Int","—","Recharges","https://poe2db.tw/us/Life_Recharge","","—","","","","","","","",""
"https://poe2db.tw/us/The_Covenant","https://cdn.poe2db.tw/image/Art/2DItems/Armours/BodyArmours/Uniques/TheCovenant.webp","The Covenant","Altar Robe","Requires:  ,","Level 40","% increased","(100150)","—","to maximum Life","+(100150)","—","Energy Shield","https://poe2db.tw/us/Energy_Shield","% of  Damage","Spell","https://poe2db.tw/us/Spells","Skills  % of Mana Cost as  Life Cost","10","Leeched as Life","https://poe2db.tw/us/Life_Leech","","100","Gain","https://poe2db.tw/us/Gaining_Stats_from_other_Stats","65 Int","","Extra","https://poe2db.tw/us/Gaining_Stats_from_other_Stats","","","","","","","","","Grants Skill: Level 10",""
"https://poe2db.tw/us/Gloamgown","https://cdn.poe2db.tw/image/Art/2DItems/Armours/BodyArmours/Uniques/Gloamgown.webp","Gloamgown","Elementalist Robe","Requires:  ,","Level 45","% increased","(100140)","—","to","+(3040)","—","Energy Shield","https://poe2db.tw/us/Energy_Shield","% to","Spirit","https://poe2db.tw/us/Spirit","% increased","+(2535)","Cold Resistance","https://poe2db.tw/us/Resistances","Your base   is  seconds","1000","Energy Shield Recharge Rate","https://poe2db.tw/us/Energy_Shield_Recharge_Rate","72 Int","—","Energy Shield","https://poe2db.tw/us/Energy_Shield","10","","Recharge Delay","https://poe2db.tw/us/Energy_Shield_Recharge","","","","","",""
"https://poe2db.tw/us/Vis_Mortis","https://cdn.poe2db.tw/image/Art/2DItems/Armours/BodyArmours/Uniques/VisMortis.webp","Vis Mortis","Plated Raiment","Requires:  ,","Level 58","% increased","(70100)","—","to maximum Mana","+(70100)","—","Energy Shield","https://poe2db.tw/us/Energy_Shield","have % reduced maximum Life","Minions","https://poe2db.tw/us/Minions","have","50","Minions","https://poe2db.tw/us/Minions","","","Unholy Might","https://poe2db.tw/us/Unholy_Might","92 Int","","","","","","","","","","","","",""
"https://poe2db.tw/us/Cloak_of_Defiance","https://cdn.poe2db.tw/image/Art/2DItems/Armours/BodyArmours/Uniques/CloakOfDefiance.webp","Cloak of Defiance","Havoc Raiment","Requires:  ,","Level 65","% increased","(50100)","—","to maximum Mana","+(100150)","—","Energy Shield","https://poe2db.tw/us/Energy_Shield","% increased Mana Regeneration Rate","","","% of Damage is taken from Mana before Life","(50100)","","","","50","","","121 Int","—","","","","","","","","","","","",""
"https://poe2db.tw/us/Silks_of_Veneration","https://cdn.poe2db.tw/image/Art/2DItems/Armours/BodyArmours/Uniques/SilksOfVeneration.webp","Silks of Veneration","Enlightened Robe","Requires:  ,","Level 68","% increased","(150200)","—","to","+(3050)","—","Energy Shield","https://poe2db.tw/us/Energy_Shield","to","Spirit","https://poe2db.tw/us/Spirit","% increased","+(2030)","Intelligence","https://poe2db.tw/us/Intelligence","Current  also grants  reduction","(3050)","Energy Shield Recharge Rate","https://poe2db.tw/us/Energy_Shield_Recharge_Rate","121 Int","—","Energy Shield","https://poe2db.tw/us/Energy_Shield","","—","Elemental Damage","https://poe2db.tw/us/Elemental_Damage_Types","","","","","% increased Mana Regeneration Rate",""
"https://poe2db.tw/us/Coat_of_Red","https://cdn.poe2db.tw/image/Art/2DItems/Armours/BodyArmours/Uniques/CoatOfRed.webp","Coat of Red","Chain Mail","Requires:","Level 1","% increased  and","(80100)","—","to maximum Life","+(80100)","—","Armour","https://poe2db.tw/us/Armour","to","Evasion","https://poe2db.tw/us/Evasion","% chance to be inflicted with  when Hit","+(75150)","Stun Threshold","https://poe2db.tw/us/Player_Stun_Threshold","","25","Bleeding","https://poe2db.tw/us/Bleeding","","—","","","","","","","","","","","",""
"https://poe2db.tw/us/The_Barrow_Dweller","https://cdn.poe2db.tw/image/Art/2DItems/Armours/BodyArmours/Uniques/TheBarrowDweller.webp","The Barrow Dweller","Rogue Armour","Requires:  , ,","Level 11","% increased  and","(60100)","—","% to","(-20-10)","—","Armour","https://poe2db.tw/us/Armour","% to","Evasion","https://poe2db.tw/us/Evasion","Damage of Enemies Hitting you is Unlucky while you are on","+50","Fire Resistance","https://poe2db.tw/us/Resistances","% chance to Avoid Death from","50","Cold Resistance","https://poe2db.tw/us/Resistances","13 Str","","Low Life","https://poe2db.tw/us/Low_Life","","","Hits","https://poe2db.tw/us/Hit_Damage","","","","","","13 Dex"
"https://poe2db.tw/us/Irongrasp","https://cdn.poe2db.tw/image/Art/2DItems/Armours/BodyArmours/Uniques/Irongrasp.webp","Irongrasp","Vagabond Armour","Requires:  , ,","Level 16","% increased  and","(100150)","—","to","+(2030)","—","Armour","https://poe2db.tw/us/Armour","to","Evasion","https://poe2db.tw/us/Evasion","","+(100150)","Strength","https://poe2db.tw/us/Strength","","","Stun Threshold","https://poe2db.tw/us/Player_Stun_Threshold","17 Str","—","Iron Grip","https://poe2db.tw/us/Iron_Grip","","","Iron Will","https://poe2db.tw/us/Iron_Will","","","","","","17 Dex"
"https://poe2db.tw/us/Pariahs_Embrace","https://cdn.poe2db.tw/image/Art/2DItems/Armours/BodyArmours/Uniques/PariahsEmbrace.webp","Pariah's Embrace","Cloaked Mail","Requires:  , ,","Level 26","% increased  and","(5080)","—","to","+50","—","Armour","https://poe2db.tw/us/Armour","to all","Evasion","https://poe2db.tw/us/Evasion","Life Regeneration per second","+(1015)","Spirit","https://poe2db.tw/us/Spirit","% increased Mana Cost","(1015)","Attributes","https://poe2db.tw/us/Attributes","25 Str","—","Efficiency","https://poe2db.tw/us/Efficiency","(2040)","—","","","","","","","","25 Dex"
"https://poe2db.tw/us/Belly_of_the_Beast","https://cdn.poe2db.tw/image/Art/2DItems/Armours/BodyArmours/Uniques/BellyOfTheBeast.webp","Belly of the Beast","Explorer Armour","Requires:  , ,","Level 33","% increased  and","(100150)","—","to maximum Life","+(100150)","—","Armour","https://poe2db.tw/us/Armour","to","Evasion","https://poe2db.tw/us/Evasion","Life Recovery from  is instant","+(100150)","Stun Threshold","https://poe2db.tw/us/Player_Stun_Threshold","to    damage","(2530)","Flasks","https://poe2db.tw/us/Flasks","31 Str","—","Physical","https://poe2db.tw/us/Physical_Damage","(3540)","—","Thorns","https://poe2db.tw/us/Thorns","","","","","","31 Dex"
"https://poe2db.tw/us/Pragmatism","https://cdn.poe2db.tw/image/Art/2DItems/Armours/BodyArmours/Uniques/Pragmatism.webp","Pragmatism","Explorer Armour","Requires:  , ,","Level 52","% increased  and","(200300)","—","% to all","+(1020)","—","Armour","https://poe2db.tw/us/Armour","% to","Evasion","https://poe2db.tw/us/Evasion","use no Charges","-17","Elemental","https://poe2db.tw/us/Elemental_Damage_Types","","","Resistances","https://poe2db.tw/us/Resistances","31 Str","","Chaos Resistance","https://poe2db.tw/us/Resistances","","","Charms","https://poe2db.tw/us/Charms","","","","","","31 Dex"
"https://poe2db.tw/us/Doryanis_Prototype","https://cdn.poe2db.tw/image/Art/2DItems/Armours/BodyArmours/Uniques/DoryanisPrototype.webp","Doryani's Prototype","Scale Mail","Requires:  , ,","Level 37","% increased  and","(50100)","—","to maximum Life","+(6080)","—","Armour","https://poe2db.tw/us/Armour","+100% of  also applies to","Evasion","https://poe2db.tw/us/Evasion","Enemies in your  have  equal to yours","","Armour","https://poe2db.tw/us/Armour","does not affect  damage taken","","Lightning Damage","https://poe2db.tw/us/Lightning_Damage","34 Str","","Presence","https://poe2db.tw/us/Presence","","","Lightning Resistance","https://poe2db.tw/us/Lightning_Damage","Lightning Resistance","https://poe2db.tw/us/Resistances","Lightning","https://poe2db.tw/us/Lightning_Damage","","34 Dex"
"https://poe2db.tw/us/Widows_Reign","https://cdn.poe2db.tw/image/Art/2DItems/Armours/BodyArmours/Uniques/WidowsReign.webp","Widow's Reign","Knight Armour","Requires:  , ,","Level 45","% increased  and","(100150)","—","to maximum Life","+(100150)","—","Armour","https://poe2db.tw/us/Armour","% to","Evasion","https://poe2db.tw/us/Evasion","to","+(1723)","Chaos Resistance","https://poe2db.tw/us/Resistances","Life that would be lost by taking Damage is instead until you take no Damage to Life for  seconds","+(200300)","Ailment Threshold","https://poe2db.tw/us/Elemental_Ailment_Threshold","41 Str","—","Reserved","https://poe2db.tw/us/Reservation","3","—","","","","","","","","41 Dex"
"https://poe2db.tw/us/Perfidy","https://cdn.poe2db.tw/image/Art/2DItems/Armours/BodyArmours/Uniques/Perfidy.webp","Perfidy","Knight Armour","Requires:  , ,","Level 45","% increased  and","(300450)","—","% chance to Avoid  Damage from","(1030)","—","Armour","https://poe2db.tw/us/Armour","% chance to Avoid  Damage from","Evasion","https://poe2db.tw/us/Evasion","% chance to Avoid  Damage from","(1030)","Physical","https://poe2db.tw/us/Physical_Damage","% chance to Avoid  Damage from","(1030)","Hits","https://poe2db.tw/us/Hit_Damage","41 Str","—","Fire","https://poe2db.tw/us/Fire_Damage","(1030)","—","Hits","https://poe2db.tw/us/Hit_Damage","Cold","https://poe2db.tw/us/Cold_Damage","Hits","https://poe2db.tw/us/Hit_Damage","","41 Dex"
"https://poe2db.tw/us/The_Sunken_Vessel","https://cdn.poe2db.tw/image/Art/2DItems/Armours/BodyArmours/Uniques/TheSunkenVessel.webp","The Sunken Vessel","Knight Armour","Requires:  , ,","Level 45","% increased  and","(120180)","—","to maximum Life","+(80120)","—","Armour","https://poe2db.tw/us/Armour","% reduced Life Recovery rate","Evasion","https://poe2db.tw/us/Evasion","% chance to avoid Projectiles","30","Physical","https://poe2db.tw/us/Physical_Damage","Damage of Enemies  you is","33","Hitting","https://poe2db.tw/us/Hit_Damage","41 Str","","Unlucky","https://poe2db.tw/us/Unlucky","","","Convert","https://poe2db.tw/us/Stat_Conversion","Armour","https://poe2db.tw/us/Armour","Evasion Rating","https://poe2db.tw/us/Evasion","","41 Dex"
"https://poe2db.tw/us/Lightning_Coil","https://cdn.poe2db.tw/image/Art/2DItems/Armours/BodyArmours/Uniques/LightningCoil.webp","Lightning Coil","Ancestral Mail","Requires:  , ,","Level 50","% increased  and","(80120)","—","to maximum Life","+(80100)","—","Armour","https://poe2db.tw/us/Armour","to","Evasion","https://poe2db.tw/us/Evasion","% to","+(2030)","Dexterity","https://poe2db.tw/us/Dexterity","% of  damage from  taken as  damage","(-40-30)","Lightning Resistance","https://poe2db.tw/us/Resistances","44 Str","—","Physical","https://poe2db.tw/us/Physical_Damage","(3050)","—","Hits","https://poe2db.tw/us/Hit_Damage","Lightning","https://poe2db.tw/us/Lightning_Damage","","","Grants Skill: Level 12","44 Dex"
"https://poe2db.tw/us/The_Coming_Calamity","https://cdn.poe2db.tw/image/Art/2DItems/Armours/BodyArmours/Uniques/TheComingCalamity.webp","The Coming Calamity","Heroic Armour","Requires:  , ,","Level 65","% to all","+(3040)","—","Skills deal % increased Damage","(50100)","—","Elemental","https://poe2db.tw/us/Elemental_Damage_Types","Enemies in your  have no","Resistances","https://poe2db.tw/us/Resistances","","","Herald","https://poe2db.tw/us/Herald_Skills","","","Presence","https://poe2db.tw/us/Presence","67 Str","","Elemental","https://poe2db.tw/us/Elemental_Damage_Types","","","Resistances","https://poe2db.tw/us/Resistances","","","","","Grants Skill: Level 15","67 Dex"
"https://poe2db.tw/us/Enfolding_Dawn","https://cdn.poe2db.tw/image/Art/2DItems/Armours/BodyArmours/Uniques/EnfoldingDawn.webp","Enfolding Dawn","Pilgrim Vestments","Requires:","Level 1","% increased  and","(50100)","—","to","+100","—","Armour","https://poe2db.tw/us/Armour","% to all","Energy Shield","https://poe2db.tw/us/Energy_Shield","Gain no inherent bonus from","+(515)","Spirit","https://poe2db.tw/us/Spirit","","","Elemental","https://poe2db.tw/us/Elemental_Damage_Types","","","Resistances","https://poe2db.tw/us/Resistances","","","Intelligence","https://poe2db.tw/us/Intelligence","","","","","",""
"https://poe2db.tw/us/Icetomb","https://cdn.poe2db.tw/image/Art/2DItems/Armours/BodyArmours/Uniques/Icetomb.webp","Icetomb","Mail Vestments","Requires:  , ,","Level 16","to","+(2030)","—","to","+(2030)","—","Strength","https://poe2db.tw/us/Strength","% to","Intelligence","https://poe2db.tw/us/Intelligence","Gain   equal to % of your maximum Mana","+(3040)","Cold Resistance","https://poe2db.tw/us/Resistances","","(1018)","Cold","https://poe2db.tw/us/Cold_Damage","17 Str","—","Thorns Damage","https://poe2db.tw/us/Thorns","","—","","","","","","","","17 Int"
"https://poe2db.tw/us/Reverie","https://cdn.poe2db.tw/image/Art/2DItems/Armours/BodyArmours/Uniques/HuskOfDreams.webp","Reverie","Shaman Mantle","Requires:  , ,","Level 28","% increased  and","(100150)","—","% to","-10","—","Armour","https://poe2db.tw/us/Armour","% to","Energy Shield","https://poe2db.tw/us/Energy_Shield","Cannot use Life Non-Unique Life  apply their Effects constantlyRecovery from Life  cannot be InstantRecovery from your Life  cannot be applied to anything other than you","+(1723)","Fire Resistance","https://poe2db.tw/us/Resistances","% less Life  Recovery","(4060)","Chaos Resistance","https://poe2db.tw/us/Resistances","26 Str","—","Flasks","https://poe2db.tw/us/Flasks","","","Flasks","https://poe2db.tw/us/Flasks","Flasks","https://poe2db.tw/us/Flasks","Flasks","https://poe2db.tw/us/Flasks","Grants Skill: Level 8","26 Int"
"https://poe2db.tw/us/Soul_Mantle","https://cdn.poe2db.tw/image/Art/2DItems/Armours/BodyArmours/Uniques/SoulMantle.webp","Soul Mantle","Sacrificial Mantle","Requires:  , ,","Level 36","% increased  and","(80120)","—","to","+75","","Armour","https://poe2db.tw/us/Armour","to","Energy Shield","https://poe2db.tw/us/Energy_Shield","to","+10","Spirit","https://poe2db.tw/us/Spirit","to maximum number of Summoned","+15","Strength","https://poe2db.tw/us/Strength","33 Str","","Intelligence","https://poe2db.tw/us/Intelligence","+1","","Totems","https://poe2db.tw/us/Totems","Curse","https://poe2db.tw/us/Curses","Totems","https://poe2db.tw/us/Totems","","33 Int"
"https://poe2db.tw/us/The_Mutable_Star","https://cdn.poe2db.tw/image/Art/2DItems/Armours/BodyArmours/Uniques/MutableStar.webp","The Mutable Star","Cleric Vestments","Requires:  , ,","Level 45","% increased  and","(100150)","—","% increased","(50100)","—","Armour","https://poe2db.tw/us/Armour","Life Regeneration per second","Energy Shield","https://poe2db.tw/us/Energy_Shield","% reduced  Duration on you","(2535)","Energy Shield Recharge Rate","https://poe2db.tw/us/Energy_Shield_Recharge_Rate","Defend against  as though you had % more  per 1% current","(3050)","Ignite","https://poe2db.tw/us/Ignite","41 Str","—","Hits","https://poe2db.tw/us/Hit_Damage","1","—","Armour","https://poe2db.tw/us/Armour","Energy Shield","https://poe2db.tw/us/Energy_Shield","Bleeding","https://poe2db.tw/us/Bleeding","","41 Int"
"https://poe2db.tw/us/Waveshaper","https://cdn.poe2db.tw/image/Art/2DItems/Armours/BodyArmours/Uniques/Waveshaper.webp","Waveshaper","Tideseer Mantle","Requires:  , ,","Level 51","to maximum","+(100200)","—","to","+(2040)","—","Energy Shield","https://poe2db.tw/us/Energy_Shield","% to","Spirit","https://poe2db.tw/us/Spirit","% to","+(2535)","Fire Resistance","https://poe2db.tw/us/Resistances","Increases and Reductions to Mana Regeneration Rate alsoapply to","+(2535)","Cold Resistance","https://poe2db.tw/us/Resistances","45 Str","—","Energy Shield Recharge Rate","https://poe2db.tw/us/Energy_Shield_Recharge_Rate","(3050)","—","Gain","https://poe2db.tw/us/Gaining_Stats_from_other_Stats","Armour","https://poe2db.tw/us/Armour","","","","45 Int"
"https://poe2db.tw/us/Couture_of_Crimson","https://cdn.poe2db.tw/image/Art/2DItems/Armours/BodyArmours/Uniques/CoutureOfCrimson.webp","Couture of Crimson","Gilded Vestments","Requires:  , ,","Level 52","% increased  and","(50100)","—","% increased maximum Life","(1015)","—","Armour","https://poe2db.tw/us/Armour","can  Maximum Life","Energy Shield","https://poe2db.tw/us/Energy_Shield","% reduced Duration of  on You","(4060)","Life Leech","https://poe2db.tw/us/Life_Leech","","","Overflow","https://poe2db.tw/us/Overflow","46 Str","—","Bleeding","https://poe2db.tw/us/Bleeding","","","","","","","","","","46 Int"
"https://poe2db.tw/us/Geofris_Sanctuary","https://cdn.poe2db.tw/image/Art/2DItems/Armours/BodyArmours/Uniques/GeofrisSanctuary.webp","Geofri's Sanctuary","Revered Vestments","Requires:  , ,","Level 65","% increased","(150200)","—","% to all","+(1020)","—","Armour","https://poe2db.tw/us/Armour","Your maximum  is equal to % of your","Elemental","https://poe2db.tw/us/Elemental_Damage_Types","Maximum  cannot be","(200300)","Resistances","https://poe2db.tw/us/Resistances","Regenerate  Life per second for every 10","2","Energy Shield","https://poe2db.tw/us/Energy_Shield","67 Str","—","Strength","https://poe2db.tw/us/Strength","","","Energy Shield","https://poe2db.tw/us/Energy_Shield","Converted","https://poe2db.tw/us/Stat_Conversion","Intelligence","https://poe2db.tw/us/Intelligence","% to all","67 Int"
"https://poe2db.tw/us/The_Unleashed","https://cdn.poe2db.tw/image/Art/2DItems/Armours/BodyArmours/Uniques/Endurfaedyr.webp","The Unleashed","Revered Vestments","Requires:  , ,","Level 65","% increased  and","(150250)","—","to  and","+(1020)","—","Armour","https://poe2db.tw/us/Armour","% of Damage taken from  bypasses  if  is below half","Energy Shield","https://poe2db.tw/us/Energy_Shield","Gain 1  on Hit with Spells, no more than once every 0.5 secondsLose all  when you  to gain that much","(1525)","Strength","https://poe2db.tw/us/Strength","","","Intelligence","https://poe2db.tw/us/Intelligence","67 Str","—","Hits","https://poe2db.tw/us/Hit_Damage","","","Energy Shield","https://poe2db.tw/us/Energy_Shield","Energy Shield","https://poe2db.tw/us/Energy_Shield","Runic Binding","https://poe2db.tw/us/Runic_Bindings","% to all","67 Int"
"https://poe2db.tw/us/Sacrosanctum","https://cdn.poe2db.tw/image/Art/2DItems/Armours/BodyArmours/Uniques/Sacrosanctum.webp","Sacrosanctum","Corvus Mantle","Requires:  , ,","Level 68","% increased  and","(80120)","—","to","+(2030)","—","Armour","https://poe2db.tw/us/Armour","to","Energy Shield","https://poe2db.tw/us/Energy_Shield","% to","+(2030)","Strength","https://poe2db.tw/us/Strength","% of Damage taken  as Life","+(1723)","Intelligence","https://poe2db.tw/us/Intelligence","67 Str","—","Chaos Resistance","https://poe2db.tw/us/Resistances","(1020)","—","Recouped","https://poe2db.tw/us/Recoup","Recouped","https://poe2db.tw/us/Recoup","Recouped","https://poe2db.tw/us/Recoup","to","67 Int"
"https://poe2db.tw/us/Loreweave","https://cdn.poe2db.tw/image/Art/2DItems/Armours/BodyArmours/Uniques/Loreweave.webp","Loreweave","Ornate Ringmail","Requires:  , ,","Level 43","Adds  to   Damage to","(14)","—","to  Rating","(812)","—","Physical","https://poe2db.tw/us/Physical_Damage","to maximum Mana","Attacks","https://poe2db.tw/us/Attacks","% increased  found","+(200300)","Accuracy","https://poe2db.tw/us/Accuracy","% to  of all Skills","+(2030)","Rarity of Items","https://poe2db.tw/us/Item_Rarity","45 Str","—","Quality","https://poe2db.tw/us/Quality","(615)","—","","","","","","","","45 Int"
"https://poe2db.tw/us/Decree_of_Loyalty","https://cdn.poe2db.tw/image/Art/2DItems/Armours/BodyArmours/Uniques/UnfalteringFaith.webp","Decree of Loyalty","Ancient Mail","Requires:  , ,","Level 70","% increased  and","(200300)","—","to  and","+(1525)","—","Armour","https://poe2db.tw/us/Armour","% to","Energy Shield","https://poe2db.tw/us/Energy_Shield","% of maximum Life to twice as much  per 1%   above 0%","+(15)","Strength","https://poe2db.tw/us/Strength","Defend with % of  while you have","1","Intelligence","https://poe2db.tw/us/Intelligence","67 Str","—","Maximum Chaos Resistance","https://poe2db.tw/us/Maximum_Resistances","(150200)","—","Convert","https://poe2db.tw/us/Stat_Conversion","Armour","https://poe2db.tw/us/Armour","Chaos","https://poe2db.tw/us/Chaos_Damage","","67 Int"
"https://poe2db.tw/us/Apron_of_Emiran","https://cdn.poe2db.tw/image/Art/2DItems/Armours/BodyArmours/Uniques/ApronOfEmiran.webp","Apron of Emiran","Hermit Garb","Requires:","Level 1","% increased  and","(3050)","—","to","+(1020)","—","Evasion","https://poe2db.tw/us/Evasion","you inflict is","Energy Shield","https://poe2db.tw/us/Energy_Shield","% reduced Duration of  on You","(4060)","Dexterity","https://poe2db.tw/us/Dexterity","","","Bleeding","https://poe2db.tw/us/Bleeding","","—","Aggravated","https://poe2db.tw/us/Aggravated_Bleeding","","","Bleeding","https://poe2db.tw/us/Bleeding","","","","","",""
"https://poe2db.tw/us/Gloomform","https://cdn.poe2db.tw/image/Art/2DItems/Armours/BodyArmours/Uniques/GatheringGloom.webp","Gloomform","Waxed Jacket","Requires:  , ,","Level 11","% increased  Rating","(100150)","—","to","+(1020)","—","Evasion","https://poe2db.tw/us/Evasion","% to","Dexterity","https://poe2db.tw/us/Dexterity","% reduced","+(1020)","Fire Resistance","https://poe2db.tw/us/Resistances","You have a  around you while stationary","20","Light Radius","https://poe2db.tw/us/Light_Radius","13 Dex","—","Smoke Cloud","https://poe2db.tw/us/Smoke_Clouds","","","","","","","","","","13 Int"
"https://poe2db.tw/us/Sierran_Inheritance","https://cdn.poe2db.tw/image/Art/2DItems/Armours/BodyArmours/Uniques/MutewindSail.webp","Sierran Inheritance","Marabout Garb","Requires:  , ,","Level 16","% increased  and","(5080)","—","% to","-15","—","Evasion","https://poe2db.tw/us/Evasion","% to","Energy Shield","https://poe2db.tw/us/Energy_Shield","% increased","+(3040)","Cold Resistance","https://poe2db.tw/us/Resistances","taken from   to Magnitude of  inflicted on you","(1530)","Lightning Resistance","https://poe2db.tw/us/Resistances","17 Dex","—","Energy Shield Recharge Rate","https://poe2db.tw/us/Energy_Shield_Recharge_Rate","","","All Damage","https://poe2db.tw/us/Damage_Types","Hits","https://poe2db.tw/us/Hit_Damage","Contributes","https://poe2db.tw/us/Damage_Contributing_to_Ailments","","17 Int"
"https://poe2db.tw/us/The_Dancing_Mirage","https://cdn.poe2db.tw/image/Art/2DItems/Armours/BodyArmours/Uniques/TheDancingMirage.webp","The Dancing Mirage","Wayfarer Jacket","Requires:  , ,","Level 28","% increased  and","(150200)","—","% to","+(1020)","—","Evasion","https://poe2db.tw/us/Evasion","% less Damage taken if you have not been","Energy Shield","https://poe2db.tw/us/Energy_Shield","% increased  if you have been","20","Lightning Resistance","https://poe2db.tw/us/Resistances","","100","Hit","https://poe2db.tw/us/Hit_Damage","26 Dex","","Recently","https://poe2db.tw/us/Recently","","","Evasion Rating","https://poe2db.tw/us/Evasion","Hit","https://poe2db.tw/us/Hit_Damage","Recently","https://poe2db.tw/us/Recently","","26 Int"
"https://poe2db.tw/us/Redflare_Conduit","https://cdn.poe2db.tw/image/Art/2DItems/Armours/BodyArmours/Uniques/RedflareConduit.webp","Redflare Conduit","Anchorite Garb","Requires:  , ,","Level 33","to maximum Mana","+(5070)","—","% to","+(2030)","—","Lightning Resistance","https://poe2db.tw/us/Resistances","% chance to gain a  on","Power Charge","https://poe2db.tw/us/Charges","Lose all  on reaching maximum","20","Hit","https://poe2db.tw/us/Hit_Damage","you when you reach maximum","","Power Charges","https://poe2db.tw/us/Charges","31 Dex","","Power Charges","https://poe2db.tw/us/Charges","","","Shocks","https://poe2db.tw/us/Shock","Power Charges","https://poe2db.tw/us/Charges","","","","31 Int"
"https://poe2db.tw/us/Zerphis_Serape","https://cdn.poe2db.tw/image/Art/2DItems/Armours/BodyArmours/Uniques/ZerphisSerape.webp","Zerphi's Serape","Scalper's Jacket","Requires:  , ,","Level 39","% increased  and","(6080)","—","to maximum Mana","+(4060)","—","Evasion","https://poe2db.tw/us/Evasion","% increased  Requirements","Energy Shield","https://poe2db.tw/us/Energy_Shield","% reduced Life Regeneration rate","50","Attribute","https://poe2db.tw/us/Attributes","% reduced Mana Regeneration Rate","(-3030)","Soul Eater","https://poe2db.tw/us/Soul_Eater","","—","","","(-3030)","—","","","","","","","",""
"https://poe2db.tw/us/Cospris_Will","https://cdn.poe2db.tw/image/Art/2DItems/Armours/BodyArmours/Uniques/CosprisWill.webp","Cospri's Will","Assassin Garb","Requires:  , ,","Level 73","% increased  and","(150200)","—","% to","+(2329)","—","Evasion","https://poe2db.tw/us/Evasion","you inflict have infinite Duration","Energy Shield","https://poe2db.tw/us/Energy_Shield","you inflict can affect  Enemies","","Chaos Resistance","https://poe2db.tw/us/Resistances","you inflict has infinite Duration","","Curses","https://poe2db.tw/us/Curses","67 Dex","","Curses","https://poe2db.tw/us/Curses","","","Hexproof","https://poe2db.tw/us/Hexproof","Withered","https://poe2db.tw/us/Withered","","","Grants Skill: Level 17","67 Int"
"https://poe2db.tw/us/Wings_of_Caelyn","https://cdn.poe2db.tw/image/Art/2DItems/Armours/Helmets/Uniques/WingsOfCaelyn.webp","Wings of Caelyn","Rusted Greathelm","Requires:","Level 1","to","+20","—","% increased  found","(515)","—","Armour","https://poe2db.tw/us/Armour","to","Rarity of Items","https://poe2db.tw/us/Item_Rarity","Gain   on","+(2030)","Dexterity","https://poe2db.tw/us/Dexterity","Every  also grants % increased","1","Rage","https://poe2db.tw/us/Rage","","","Melee","https://poe2db.tw/us/Melee","1","","Hit","https://poe2db.tw/us/Hit_Damage","Rage","https://poe2db.tw/us/Rage","Stun Threshold","https://poe2db.tw/us/Player_Stun_Threshold","",""
"https://poe2db.tw/us/Horns_of_Bynden","https://cdn.poe2db.tw/image/Art/2DItems/Armours/Helmets/Uniques/HornsOfBrynden.webp","Horns of Bynden","Rusted Greathelm","Requires:","Level 1","to","+20","—","% increased  found","(515)","—","Armour","https://poe2db.tw/us/Armour","to","Rarity of Items","https://poe2db.tw/us/Item_Rarity","Every  also grants % increased","+(2030)","Strength","https://poe2db.tw/us/Strength","Gain   on","1","Rage","https://poe2db.tw/us/Rage","","","Armour","https://poe2db.tw/us/Armour","1","","Rage","https://poe2db.tw/us/Rage","Melee","https://poe2db.tw/us/Melee","Hit","https://poe2db.tw/us/Hit_Damage","",""
"https://poe2db.tw/us/Ezomyte_Peak","https://cdn.poe2db.tw/image/Art/2DItems/Armours/Helmets/Uniques/EzomytePeak.webp","Ezomyte Peak","Soldier Greathelm","Requires:  ,","Level 12","% increased","(50100)","—","to maximum Life","+(5080)","—","Armour","https://poe2db.tw/us/Armour","Life Regeneration per second","Unwavering Stance","https://poe2db.tw/us/Unwavering_Stance","% increased Area of Effect","(36)","","","","(1020)","","","19 Str","—","","","","—","","","","","","","",""
"https://poe2db.tw/us/Black_Sun_Crest","https://cdn.poe2db.tw/image/Art/2DItems/Armours/Helmets/Uniques/BlackSunCrest.webp","Black Sun Crest","Wrapped Greathelm","Requires:  ,","Level 16","% increased","(5080)","—","% increased","(515)","—","Armour","https://poe2db.tw/us/Armour","% increased","Strength","https://poe2db.tw/us/Strength","% increased","(515)","Dexterity","https://poe2db.tw/us/Dexterity","% reduced","(515)","Intelligence","https://poe2db.tw/us/Intelligence","25 Str","—","Light Radius","https://poe2db.tw/us/Light_Radius","20","—","","","","","","","",""
"https://poe2db.tw/us/Thrillsteel","https://cdn.poe2db.tw/image/Art/2DItems/Armours/Helmets/Uniques/Thrillsteel.webp","Thrillsteel","Spired Greathelm","Requires:  ,","Level 27","","","","","","","Onslaught","https://poe2db.tw/us/Onslaught","","","","","","","","","","","","40 Str","","","","","","","","","","","","",""
"https://poe2db.tw/us/Deidbell","https://cdn.poe2db.tw/image/Art/2DItems/Armours/Helmets/Uniques/Deidbell.webp","Deidbell","Elite Greathelm","Requires:  ,","Level 33","% increased","(60100)","—","to","+(1020)","—","Armour","https://poe2db.tw/us/Armour","% increased  Speed","Strength","https://poe2db.tw/us/Strength","Explode  dealing % of their Life as  Damage","(2030)","Warcry","https://poe2db.tw/us/Warcries","Skills have % increased Area of Effect","10","Warcries","https://poe2db.tw/us/Warcries","48 Str","—","Corpses","https://poe2db.tw/us/Corpses","(2030)","—","Physical","https://poe2db.tw/us/Physical_Damage","Warcry","https://poe2db.tw/us/Warcries","","","",""
"https://poe2db.tw/us/Corona_of_the_Red_Sun","https://cdn.poe2db.tw/image/Art/2DItems/Armours/Helmets/Uniques/CoronaOfTheRedSun.webp","Corona of the Red Sun","Warrior Greathelm","Requires:  ,","Level 36","to  Rating","+(100150)","—","to maximum Life","+(6080)","—","Accuracy","https://poe2db.tw/us/Accuracy","% to","Fire Resistance","https://poe2db.tw/us/Resistances","% increased","+(2025)","Light Radius","https://poe2db.tw/us/Light_Radius","from your  causes Allies in your  to also Leech the  of Life","25","Leeching Life","https://poe2db.tw/us/Life_Leech","52 Str","—","Hits","https://poe2db.tw/us/Hit_Damage","","","Presence","https://poe2db.tw/us/Presence","same amount","https://poe2db.tw/us/Allies_Leech_the_same_amount","","","",""
"https://poe2db.tw/us/Blood_Price","https://cdn.poe2db.tw/image/Art/2DItems/Armours/Helmets/Uniques/BloodPrice.webp","Blood Price","Fierce Greathelm","Requires:  ,","Level 51","% increased","(80120)","—","Life Regeneration per second","(1015)","—","Armour","https://poe2db.tw/us/Armour","to","Stun Threshold","https://poe2db.tw/us/Player_Stun_Threshold","% increased  Area of Effect","+(100150)","Presence","https://poe2db.tw/us/Presence","Enemies in your  have at least % of Life","(3060)","Presence","https://poe2db.tw/us/Presence","73 Str","—","Reserved","https://poe2db.tw/us/Reservation","10","—","","","","","","","",""
"https://poe2db.tw/us/Innsmouth","https://cdn.poe2db.tw/image/Art/2DItems/Armours/Helmets/Uniques/Innsmouth.webp","Innsmouth","Shabby Hood","Requires:","Level 1","to  Rating","+(2030)","—","% reduced maximum Mana","25","—","Evasion","https://poe2db.tw/us/Evasion","% to","Cold Resistance","https://poe2db.tw/us/Resistances","% to","+(1020)","Chaos Resistance","https://poe2db.tw/us/Resistances","% increased Mana Regeneration Rate","+(1319)","","","","—","","","100","","","","","","","","",""
"https://poe2db.tw/us/Goldrim","https://cdn.poe2db.tw/image/Art/2DItems/Armours/Helmets/Uniques/Goldrim.webp","Goldrim","Felt Cap","Requires:  ,","Level 10","to  Rating","+(3050)","—","% increased  found","10","—","Evasion","https://poe2db.tw/us/Evasion","% to all","Rarity of Items","https://poe2db.tw/us/Item_Rarity","","+(2535)","Elemental","https://poe2db.tw/us/Elemental_Damage_Types","","","Resistances","https://poe2db.tw/us/Resistances","17 Dex","","","","","","","","","","","","",""
"https://poe2db.tw/us/Radiant_Grief","https://cdn.poe2db.tw/image/Art/2DItems/Armours/Helmets/Uniques/RadiantGrief.webp","Radiant Grief","Lace Hood","Requires:  ,","Level 16","% increased  Rating","(80100)","—","% to","+(1525)","—","Evasion","https://poe2db.tw/us/Evasion","% increased","Fire Resistance","https://poe2db.tw/us/Resistances","Enemies in your  are  as though dealt  Base  Damage","30","Light Radius","https://poe2db.tw/us/Light_Radius","","200","Presence","https://poe2db.tw/us/Presence","25 Dex","","Ignited","https://poe2db.tw/us/Ignite","","","Fire","https://poe2db.tw/us/Fire_Damage","","","","","",""
"https://poe2db.tw/us/Elevore","https://cdn.poe2db.tw/image/Art/2DItems/Armours/Helmets/Uniques/Elevore.webp","Elevore","Hunter Hood","Requires:  ,","Level 33","% increased  Rating","(5080)","—","to","+(2030)","—","Evasion","https://poe2db.tw/us/Evasion","gain  charge per Second","Dexterity","https://poe2db.tw/us/Dexterity","Slots","1","Charms","https://poe2db.tw/us/Charms","","+(12)","Charm","https://poe2db.tw/us/Charms","48 Dex","—","","","","","","","","","","","",""
"https://poe2db.tw/us/Constricting_Command","https://cdn.poe2db.tw/image/Art/2DItems/Armours/Helmets/Uniques/ConstrictingCommand.webp","Constricting Command","Viper Cap","Requires:  ,","Level 38","to maximum Life","+(80120)","—","to all","+(1015)","—","Attributes","https://poe2db.tw/us/Attributes","Life Regeneration per second","Surrounded","https://poe2db.tw/us/Surrounded","Require  fewer enemies to be","(812)","","","","(24)","","","54 Dex","—","","","","—","","","","","","","",""
"https://poe2db.tw/us/The_Black_Insignia","https://cdn.poe2db.tw/image/Art/2DItems/Armours/Helmets/Uniques/TheBlackCrest.webp","The Black Insignia","Corsair Cap","Requires:  ,","Level 45","% increased  Rating","(70100)","—","% increased  found","(1020)","—","Evasion","https://poe2db.tw/us/Evasion","% to","Rarity of Items","https://poe2db.tw/us/Item_Rarity","Gain  on , no more than once per second","+(1525)","Lightning Resistance","https://poe2db.tw/us/Resistances","Lose all  when","","Tailwind","https://poe2db.tw/us/Tailwind","64 Dex","—","Critical Hit","https://poe2db.tw/us/Critical_Hits","","","Tailwind","https://poe2db.tw/us/Tailwind","Hit","https://poe2db.tw/us/Hit_Damage","","","",""
"https://poe2db.tw/us/Starkonjas_Head","https://cdn.poe2db.tw/image/Art/2DItems/Armours/Helmets/Uniques/StarkonjasHead.webp","Starkonja's Head","Leatherbound Hood","Requires:  ,","Level 50","% increased  Rating","(100200)","—","% increased  Chance","(1525)","—","Evasion","https://poe2db.tw/us/Evasion","to","Critical Hit","https://poe2db.tw/us/Critical_Hits","% increased Global  Rating when on","+(3040)","Dexterity","https://poe2db.tw/us/Dexterity","% of Damage from  is taken from your Damageable 's Life before you","150","Evasion","https://poe2db.tw/us/Evasion","71 Dex","—","Low Life","https://poe2db.tw/us/Low_Life","15","","Hits","https://poe2db.tw/us/Hit_Damage","Companion","https://poe2db.tw/us/Companions","","","",""
"https://poe2db.tw/us/Heatshiver","https://cdn.poe2db.tw/image/Art/2DItems/Armours/Helmets/Uniques/Heatshiver.webp","Heatshiver","Velvet Cap","Requires:  ,","Level 52","% increased  Rating","(5070)","—","to maximum Mana","+(60100)","—","Evasion","https://poe2db.tw/us/Evasion","% to","Fire Resistance","https://poe2db.tw/us/Resistances","% to","+(2030)","Cold Resistance","https://poe2db.tw/us/Resistances","% of  damage as Extra  damage per 1%   on enemy","+(2030)","Gain","https://poe2db.tw/us/Damage_Gained_as_extra_X","74 Dex","—","Cold","https://poe2db.tw/us/Cold_Damage","1","—","Fire","https://poe2db.tw/us/Fire_Damage","Chill","https://poe2db.tw/us/Chill","Magnitude","https://poe2db.tw/us/Buff_Debuff_Magnitude","",""
"https://poe2db.tw/us/Myris_Uxor","https://cdn.poe2db.tw/image/Art/2DItems/Armours/Helmets/Uniques/MyrisUxor.webp","Myris Uxor","Covert Hood","Requires:  ,","Level 56","% increased  Rating","(4060)","—","to  Rating","+(100150)","—","Evasion","https://poe2db.tw/us/Evasion","to maximum Mana","Accuracy","https://poe2db.tw/us/Accuracy","% increased  Threshold","+(4060)","Culling Strike","https://poe2db.tw/us/Culling_Strike","","100","","","79 Dex","—","","","","","","","","","","","",""
"https://poe2db.tw/us/Alphas_Howl","https://cdn.poe2db.tw/image/Art/2DItems/Armours/Helmets/Uniques/AlphasHowl.webp","Alpha's Howl","Armoured Cap","Requires:  ,","Level 65","% increased  Rating","(80100)","—","to","+100","—","Evasion","https://poe2db.tw/us/Evasion","% to","Spirit","https://poe2db.tw/us/Spirit","Radius is doubled","+(5075)","Cold Resistance","https://poe2db.tw/us/Resistances","","","Presence","https://poe2db.tw/us/Presence","91 Dex","","","","","","","","","","","","",""
"https://poe2db.tw/us/Crown_of_Thorns","https://cdn.poe2db.tw/image/Art/2DItems/Armours/Helmets/Uniques/CrownOfThorns.webp","Crown of Thorns","Twig Circlet","Requires:","Level 1","to maximum","+(100150)","—","Lose  Life when you use a Skill","5","—","Energy Shield","https://poe2db.tw/us/Energy_Shield","to    damage","Physical","https://poe2db.tw/us/Physical_Damage","","(35)","Thorns","https://poe2db.tw/us/Thorns","","(610)","Pain Attunement","https://poe2db.tw/us/Pain_Attunement","","—","","","","","","","","","","","",""
"https://poe2db.tw/us/The_Devouring_Diadem","https://cdn.poe2db.tw/image/Art/2DItems/Armours/Helmets/Uniques/DevouringDiadem.webp","The Devouring Diadem","Wicker Tiara","Requires:  ,","Level 10","% increased","(60100)","—","to maximum Life","+(4060)","—","Energy Shield","https://poe2db.tw/us/Energy_Shield","to","Intelligence","https://poe2db.tw/us/Intelligence","% to","+(1020)","Chaos Resistance","https://poe2db.tw/us/Resistances","Every 3 seconds, Consume a nearby Corpse to Recover % of maximum Life","+(1319)","","","17 Int","—","","","20","—","","","","","","","",""
"https://poe2db.tw/us/Visage_of_Ayah","https://cdn.poe2db.tw/image/Art/2DItems/Armours/Helmets/Uniques/VisageOfAyah.webp","Visage of Ayah","Beaded Circlet","Requires:  ,","Level 16","% increased","(5080)","—","% increased  found","(1015)","—","Energy Shield","https://poe2db.tw/us/Energy_Shield","% increased  Chance","Rarity of Items","https://poe2db.tw/us/Item_Rarity","% to","(2030)","Critical Hit","https://poe2db.tw/us/Critical_Hits","","+(1020)","Lightning Resistance","https://poe2db.tw/us/Resistances","25 Int","—","Eldritch Battery","https://poe2db.tw/us/Eldritch_Battery","","—","","","","","","","",""
"https://poe2db.tw/us/Sandstorm_Visage","https://cdn.poe2db.tw/image/Art/2DItems/Armours/Helmets/Uniques/SandstormVisage.webp","Sandstorm Visage","Chain Tiara","Requires:  ,","Level 52","to maximum","+(80120)","—","to","+(2030)","—","Energy Shield","https://poe2db.tw/us/Energy_Shield","Enemies in your  are","Dexterity","https://poe2db.tw/us/Dexterity","Every second, inflicts  on enemies in your  for  seconds","(1520)","Presence","https://poe2db.tw/us/Presence","","","Blinded","https://poe2db.tw/us/Blind","38 Int","—","Critical Weakness","https://poe2db.tw/us/Critical_Weakness","","","Presence","https://poe2db.tw/us/Presence","","","","","",""
"https://poe2db.tw/us/Mask_of_the_Stitched_Demon","https://cdn.poe2db.tw/image/Art/2DItems/Armours/Helmets/Uniques/MaskOfTheStitchedDemon.webp","Mask of the Stitched Demon","Feathered Tiara","Requires:  ,","Level 33","% increased","(120160)","—","% to","+(1723)","—","Energy Shield","https://poe2db.tw/us/Energy_Shield","Cannot have","Chaos Resistance","https://poe2db.tw/us/Resistances","Regenerate  Life per second per Maximum","0.05","Energy Shield","https://poe2db.tw/us/Energy_Shield","","","Energy Shield","https://poe2db.tw/us/Energy_Shield","48 Int","","","","","","","","","","","","",""
"https://poe2db.tw/us/Atziris_Disdain","https://cdn.poe2db.tw/image/Art/2DItems/Armours/Helmets/Uniques/AtzirisDisdain.webp","Atziri's Disdain","Gold Circlet","Requires:  ,","Level 40","to maximum Mana","+(60100)","—","% increased  found","(1020)","—","Rarity of Items","https://poe2db.tw/us/Item_Rarity","% of maximum Life as Extra maximum","Gain","https://poe2db.tw/us/Gaining_Stats_from_other_Stats","% of Damage taken bypasses","(1015)","Energy Shield","https://poe2db.tw/us/Energy_Shield","","10","Energy Shield","https://poe2db.tw/us/Energy_Shield","58 Int","—","","","","","","","","","","","",""
"https://poe2db.tw/us/Crown_of_Eyes","https://cdn.poe2db.tw/image/Art/2DItems/Armours/Helmets/Uniques/CrownOfEyes.webp","Crown of Eyes","Vermeil Circlet","Requires:  ,","Level 45","% increased","(100140)","—","to  Rating","+(150200)","—","Energy Shield","https://poe2db.tw/us/Energy_Shield","to all","Accuracy","https://poe2db.tw/us/Accuracy","% to","+(1015)","Attributes","https://poe2db.tw/us/Attributes","Increases and Reductions to  damage also apply to","-10","Fire Resistance","https://poe2db.tw/us/Resistances","64 Int","—","Spell","https://poe2db.tw/us/Spells","","","Attacks","https://poe2db.tw/us/Attacks","","","","","",""
"https://poe2db.tw/us/Scolds_Bridle","https://cdn.poe2db.tw/image/Art/2DItems/Armours/Helmets/Uniques/ScoldsBridle.webp","Scold's Bridle","Jade Tiara","Requires:  ,","Level 50","to maximum","+(75150)","—","% increased  Damage","(60100)","—","Energy Shield","https://poe2db.tw/us/Energy_Shield","to maximum Mana","Spell","https://poe2db.tw/us/Spells","% reduced Cast Speed","+(80100)","Physical","https://poe2db.tw/us/Physical_Damage","Take % of Mana Costs you pay for Skills as","15","Damage","https://poe2db.tw/us/Take_Mana_Costs_as_Damage","71 Int","—","","","(25100)","—","","","","","","","",""
"https://poe2db.tw/us/Indigon","https://cdn.poe2db.tw/image/Art/2DItems/Armours/Helmets/Uniques/Indigon.webp","Indigon","Magus Tiara","Requires:  ,","Level 65","% increased","(100140)","—","to maximum Mana","+(80120)","—","Energy Shield","https://poe2db.tw/us/Energy_Shield","% increased Cost of Skills for each 200 total Mana Spent","Recently","https://poe2db.tw/us/Recently","% increased  damage for each 200 total Mana you have Spent","(510)","Spell","https://poe2db.tw/us/Spells","Mana Recovery other than Regeneration cannot Recover Mana","(1015)","Recently","https://poe2db.tw/us/Recently","91 Int","—","","","","—","","","","","","","",""
"https://poe2db.tw/us/Greymake","https://cdn.poe2db.tw/image/Art/2DItems/Armours/Helmets/Uniques/Greymake.webp","Greymake","Brimmed Helm","Requires:  , ,","Level 5","to","+(3050)","—","to","+(3050)","—","Strength","https://poe2db.tw/us/Strength","to","Dexterity","https://poe2db.tw/us/Dexterity","to all  per Level","+(3050)","Intelligence","https://poe2db.tw/us/Intelligence","Has 4 Augment Sockets (Hidden)","-1","Attributes","https://poe2db.tw/us/Attributes","7 Str","—","","","","","","","","","","","","7 Dex"
"https://poe2db.tw/us/Erians_Cobble","https://cdn.poe2db.tw/image/Art/2DItems/Armours/Helmets/Uniques/GrimrotCoif.webp","Erian's Cobble","Guarded Helm","Requires:  , ,","Level 11","to","+(040)","—","to  Rating","+(030)","—","Armour","https://poe2db.tw/us/Armour","to maximum","Evasion","https://poe2db.tw/us/Evasion","to  Rating","+(020)","Energy Shield","https://poe2db.tw/us/Energy_Shield","to maximum Life","+(060)","Accuracy","https://poe2db.tw/us/Accuracy","11 Str","—","Rarity of Items","https://poe2db.tw/us/Item_Rarity","+(030)","—","Critical Hit","https://poe2db.tw/us/Critical_Hits","Strength","https://poe2db.tw/us/Strength","Dexterity","https://poe2db.tw/us/Dexterity","","11 Dex"
"https://poe2db.tw/us/Ironride","https://cdn.poe2db.tw/image/Art/2DItems/Armours/Helmets/Uniques/Ironride.webp","Ironride","Visored Helm","Requires:  , ,","Level 16","% increased  and","(6080)","—","to maximum Life","+(3050)","—","Armour","https://poe2db.tw/us/Armour","to maximum Mana","Evasion","https://poe2db.tw/us/Evasion","% to","+(3050)","Lightning Resistance","https://poe2db.tw/us/Resistances","You have no  Penalty at Distance","+(1015)","Accuracy","https://poe2db.tw/us/Accuracy","15 Str","—","","","","—","","","","","","","","15 Dex"
"https://poe2db.tw/us/The_Smiling_Knight","https://cdn.poe2db.tw/image/Art/2DItems/Armours/Helmets/Uniques/TheSmilingKnight.webp","The Smiling Knight","Cowled Helm","Requires:  , ,","Level 26","to  Rating","+(50100)","—","% increased  and","(150200)","—","Accuracy","https://poe2db.tw/us/Accuracy","% increased  Chance","Armour","https://poe2db.tw/us/Armour","on targets you  with","(1525)","Evasion","https://poe2db.tw/us/Evasion","","","Critical Hit","https://poe2db.tw/us/Critical_Hits","22 Str","—","Aggravate","https://poe2db.tw/us/Aggravated_Bleeding","","","Bleeding","https://poe2db.tw/us/Bleeding","Critically Hit","https://poe2db.tw/us/Critical_Hits","Attacks","https://poe2db.tw/us/Attacks","","22 Dex"
"https://poe2db.tw/us/The_Vile_Knight","https://cdn.poe2db.tw/image/Art/2DItems/Armours/Helmets/Uniques/TheVileKnight.webp","The Vile Knight","Shielded Helm","Requires:  , ,","Level 33","% increased  and","(60100)","—","to  Rating","+(75125)","—","Armour","https://poe2db.tw/us/Armour","Life Regeneration per second","Evasion","https://poe2db.tw/us/Evasion","Deal % increased  to  Enemies for each second they've ever been in your , up to a maximum of 200%","(1015)","Accuracy","https://poe2db.tw/us/Accuracy","","4","Damage with Hits","https://poe2db.tw/us/Hit_Damage","27 Str","—","Rare or Unique","https://poe2db.tw/us/Rarity","","","Presence","https://poe2db.tw/us/Presence","","","","","","27 Dex"
"https://poe2db.tw/us/Assailum","https://cdn.poe2db.tw/image/Art/2DItems/Armours/Helmets/Uniques/Assailum.webp","Assailum","Closed Helm","Requires:  , ,","Level 45","% increased  and","(200300)","—","to  Rating","+(200400)","—","Armour","https://poe2db.tw/us/Armour","% increased  Chance","Evasion","https://poe2db.tw/us/Evasion","Skills have a % longer  window","(3050)","Accuracy","https://poe2db.tw/us/Accuracy","","(100150)","Critical Hit","https://poe2db.tw/us/Critical_Hits","36 Str","—","Perfect Timing","https://poe2db.tw/us/Perfect_Timing","","—","","","","","","","","36 Dex"
"https://poe2db.tw/us/The_Bringer_of_Rain","https://cdn.poe2db.tw/image/Art/2DItems/Armours/Helmets/Uniques/BringerOfRain.webp","The Bringer of Rain","Decorated Helm","Requires:  , ,","Level 52","% increased  and","(600800)","—","to  Rating","+(200300)","—","Armour","https://poe2db.tw/us/Armour","% increased  Chance","Evasion","https://poe2db.tw/us/Evasion","Life Regeneration per second","100","Accuracy","https://poe2db.tw/us/Accuracy","Can't use Body Armour","(3060)","Critical Hit","https://poe2db.tw/us/Critical_Hits","41 Str","—","Two-Handed","https://poe2db.tw/us/Two-Handed","","","Axes","https://poe2db.tw/us/Axes","Maces","https://poe2db.tw/us/Maces","Swords","https://poe2db.tw/us/Swords","","41 Dex"
"https://poe2db.tw/us/Decree_of_Acuity","https://cdn.poe2db.tw/image/Art/2DItems/Armours/Helmets/Uniques/SightlessConviction.webp","Decree of Acuity","Ancient Visor","Requires:  , ,","Level 65","% increased  and","(150250)","—","to","+(2535)","—","Armour","https://poe2db.tw/us/Armour","% of  Rating as extra","Evasion","https://poe2db.tw/us/Evasion","You are","(1530)","Dexterity","https://poe2db.tw/us/Dexterity","The Effect of  on you is reversed","","Gain","https://poe2db.tw/us/Damage_Gained_as_extra_X","59 Str","—","Evasion","https://poe2db.tw/us/Evasion","","","Armour","https://poe2db.tw/us/Armour","Blind","https://poe2db.tw/us/Blind","Blind","https://poe2db.tw/us/Blind","","59 Dex"
"https://poe2db.tw/us/Crown_of_the_Victor","https://cdn.poe2db.tw/image/Art/2DItems/Armours/Helmets/Uniques/CrownOfTheVictor.webp","Crown of the Victor","Iron Crown","Requires:  , ,","Level 5","% increased  found","(1015)","—","to Level of all Skills","+1","","Rarity of Items","https://poe2db.tw/us/Item_Rarity","Gain  Life per enemy killed","","","Gain  Mana per enemy killed","10","","","","10","","","7 Str","","","","","","","","","","","","","7 Int"
"https://poe2db.tw/us/Bronzebeard","https://cdn.poe2db.tw/image/Art/2DItems/Armours/Helmets/Uniques/Bronzebeard.webp","Bronzebeard","Horned Crown","Requires:  , ,","Level 10","% reduced Movement Speed","10","—","% increased  and","(50100)","—","Armour","https://poe2db.tw/us/Armour","to maximum Life","Energy Shield","https://poe2db.tw/us/Energy_Shield","% reduced Effect of  on you","+100","Chill","https://poe2db.tw/us/Chill","% reduced  of  on you","(3550)","Magnitude","https://poe2db.tw/us/Buff_Debuff_Magnitude","10 Str","—","Ignite","https://poe2db.tw/us/Ignite","(3550)","—","effect","https://poe2db.tw/us/Buff_Debuff_Effect","Shock","https://poe2db.tw/us/Shock","","","","10 Int"
"https://poe2db.tw/us/Crown_of_the_Pale_King","https://cdn.poe2db.tw/image/Art/2DItems/Armours/Helmets/Uniques/CrownOfThePaleKing.webp","Crown of the Pale King","Cultist Crown","Requires:  , ,","Level 16","% increased  and","(50100)","—","to maximum Life","+(4080)","—","Armour","https://poe2db.tw/us/Armour","% increased  found","Energy Shield","https://poe2db.tw/us/Energy_Shield","to    damage","10","Rarity of Items","https://poe2db.tw/us/Item_Rarity","can","(1015)","Physical","https://poe2db.tw/us/Physical_Damage","15 Str","—","Thorns","https://poe2db.tw/us/Thorns","(2025)","—","Thorns","https://poe2db.tw/us/Thorns","Retaliate against all","https://poe2db.tw/us/Retaliate_against_all_Hits","Hits","https://poe2db.tw/us/Hit_Damage","","15 Int"
"https://poe2db.tw/us/Veil_of_the_Night","https://cdn.poe2db.tw/image/Art/2DItems/Armours/Helmets/Uniques/VeilOfTheNight.webp","Veil of the Night","Martyr Crown","Requires:  , ,","Level 28","% increased maximum Life","50","—","to all","+(1020)","","Attributes","https://poe2db.tw/us/Attributes","% reduced","Light Radius","https://poe2db.tw/us/Light_Radius","You have no","40","Elemental","https://poe2db.tw/us/Elemental_Damage_Types","","","Resistances","https://poe2db.tw/us/Resistances","23 Str","","","","","","","","","","","","","23 Int"
"https://poe2db.tw/us/Cornathaum","https://cdn.poe2db.tw/image/Art/2DItems/Armours/Helmets/Uniques/Cornathaum.webp","Cornathaum","Heavy Crown","Requires:  , ,","Level 33","% increased  found","(1020)","—","to","+(4050)","—","Rarity of Items","https://poe2db.tw/us/Item_Rarity","% increased","Intelligence","https://poe2db.tw/us/Intelligence","% increased Experience gain","30","Light Radius","https://poe2db.tw/us/Light_Radius","","5","","","27 Str","","","","","","","","","","","","","27 Int"
"https://poe2db.tw/us/Keeper_of_the_Arc","https://cdn.poe2db.tw/image/Art/2DItems/Armours/Helmets/Uniques/KeeperOfTheArc.webp","Keeper of the Arc","Spiritbone Crown","Requires:  , ,","Level 62","% increased  and","(240340)","—","Life Regeneration per second","(1525)","—","Armour","https://poe2db.tw/us/Armour","% increased Mana Regeneration Rate","Energy Shield","https://poe2db.tw/us/Energy_Shield","Alternating every 5 seconds:Take % less Damage from Take % less Damage over time","(1525)","Hits","https://poe2db.tw/us/Hit_Damage","","40","","","36 Str","—","","","40","","","","","","","","","36 Int"
"https://poe2db.tw/us/Vestige_of_Darkness","https://cdn.poe2db.tw/image/Art/2DItems/Armours/Helmets/Uniques/CrownOfTheWendigo.webp","Vestige of Darkness","Tenebrous Crown","Requires:  , ,","Level 65","% increased  and","(150200)","—","to  and","+(2030)","—","Armour","https://poe2db.tw/us/Armour","damage from   to   and","Energy Shield","https://poe2db.tw/us/Energy_Shield","Enemies in your  are","","Strength","https://poe2db.tw/us/Strength","The Bodach haunts your","","Intelligence","https://poe2db.tw/us/Intelligence","59 Str","","Physical","https://poe2db.tw/us/Physical_Damage","","","Hits","https://poe2db.tw/us/Hit_Damage","Contributes","https://poe2db.tw/us/Damage_Contributing_to_Ailments","Chill","https://poe2db.tw/us/Chill","","59 Int"
"https://poe2db.tw/us/The_Hollow_Mask","https://cdn.poe2db.tw/image/Art/2DItems/Armours/Helmets/Uniques/MaskOfTheHollow.webp","The Hollow Mask","Hewn Mask","Requires:  , ,","Level 5","to maximum Life","+(6080)","—","% additional  Damage Reduction","15","—","Physical","https://poe2db.tw/us/Physical_Damage","% to all","Elemental","https://poe2db.tw/us/Elemental_Damage_Types","% to","-10","Resistances","https://poe2db.tw/us/Resistances","you create affect  in your  as well as you when collected","+13","Chaos Resistance","https://poe2db.tw/us/Resistances","7 Dex","","Remnants","https://poe2db.tw/us/Remnants","(80100)","","Allies","https://poe2db.tw/us/Allies","Presence","https://poe2db.tw/us/Presence","Reservation","https://poe2db.tw/us/Reservation","Grants Skill: Level 2","7 Int"
"https://poe2db.tw/us/Mask_of_the_Sanguimancer","https://cdn.poe2db.tw/image/Art/2DItems/Armours/Helmets/Uniques/PhantomBlood.webp","Mask of the Sanguimancer","Face Mask","Requires:  , ,","Level 10","to  Rating","+(2025)","—","to maximum","+(1015)","—","Evasion","https://poe2db.tw/us/Evasion","% increased  for","Energy Shield","https://poe2db.tw/us/Energy_Shield","to","(2040)","Critical Hit Chance","https://poe2db.tw/us/Critical_Hits","to","+(1020)","Spells","https://poe2db.tw/us/Spells","10 Dex","—","Strength","https://poe2db.tw/us/Strength","+(1020)","—","Intelligence","https://poe2db.tw/us/Intelligence","Blood Magic","https://poe2db.tw/us/Blood_Magic","","","","10 Int"
"https://poe2db.tw/us/Leer_Cast","https://cdn.poe2db.tw/image/Art/2DItems/Armours/Helmets/Uniques/Leercast.webp","Leer Cast","Hooded Mask","Requires:  , ,","Level 16","to maximum Life","+(3050)","—","to maximum Mana","+(3050)","—","Allies","https://poe2db.tw/us/Allies","in your  deal % increased Damage","Presence","https://poe2db.tw/us/Presence","to","50","Dexterity","https://poe2db.tw/us/Dexterity","% reduced Damage","+(1020)","","","15 Dex","—","","","25","","","","","","","","","15 Int"
"https://poe2db.tw/us/Atsaks_Sight","https://cdn.poe2db.tw/image/Art/2DItems/Armours/Helmets/Uniques/BalefulTemperance.webp","Atsak's Sight","Veiled Mask","Requires:  , ,","Level 28","% increased  and","(100150)","—","% increased  Chance","(3040)","—","Evasion","https://poe2db.tw/us/Evasion","to","Energy Shield","https://poe2db.tw/us/Energy_Shield","to","+(1020)","Critical Hit","https://poe2db.tw/us/Critical_Hits","the enemy","+(1020)","Dexterity","https://poe2db.tw/us/Dexterity","23 Dex","—","Intelligence","https://poe2db.tw/us/Intelligence","","—","Critical Hits","https://poe2db.tw/us/Critical_Hits","Poison","https://poe2db.tw/us/Poison","","","","23 Int"
"https://poe2db.tw/us/The_Vertex","https://cdn.poe2db.tw/image/Art/2DItems/Armours/Helmets/Uniques/TheVertex.webp","The Vertex","Tribal Mask","Requires:","Level 33","Has no  Requirements","(100150)","—","% increased  and","(2030)","—","Attribute","https://poe2db.tw/us/Attributes","% increased  Chance","Evasion","https://poe2db.tw/us/Evasion","% to","+(1317)","Energy Shield","https://poe2db.tw/us/Energy_Shield","Skill Gems have no  Requirements","","Critical Hit","https://poe2db.tw/us/Critical_Hits","","—","Chaos Resistance","https://poe2db.tw/us/Resistances","","","Attribute","https://poe2db.tw/us/Attributes","","","","","",""
"https://poe2db.tw/us/Glimpse_of_Chaos","https://cdn.poe2db.tw/image/Art/2DItems/Armours/Helmets/Uniques/GlimpseOfChaos.webp","Glimpse of Chaos","Tribal Mask","Requires:  , ,","Level 52","Can be modified while Corrupted","+(50150)","—","to maximum Life","+(50150)","—","Fire Resistance","https://poe2db.tw/us/Resistances","to maximum Mana","Cold Resistance","https://poe2db.tw/us/Resistances","% to","(-3030)","Lightning Resistance","https://poe2db.tw/us/Resistances","% to","(-3030)","Chaos Resistance","https://poe2db.tw/us/Resistances","27 Dex","—","","","(-3030)","—","","","","","","","","27 Int"
"https://poe2db.tw/us/The_Three_Dragons","https://cdn.poe2db.tw/image/Art/2DItems/Armours/Helmets/Uniques/TheThreeDragons.webp","The Three Dragons","Solid Mask","Requires:  , ,","Level 45","% increased  and","(4060)","—","% to all","+(1020)","—","Evasion","https://poe2db.tw/us/Evasion","Damage from   to  Chance instead of  and","Energy Shield","https://poe2db.tw/us/Energy_Shield","Damage from   to  and   instead of  Magnitude or  Buildup","","Elemental","https://poe2db.tw/us/Elemental_Damage_Types","Damage from   to  Buildup instead of  Chance","","Resistances","https://poe2db.tw/us/Resistances","36 Dex","","Fire","https://poe2db.tw/us/Fire_Damage","","","Hits","https://poe2db.tw/us/Hit_Damage","Contributes","https://poe2db.tw/us/Damage_Contributing_to_Ailments","Shock","https://poe2db.tw/us/Shock","","36 Int"
"https://poe2db.tw/us/Mind_of_the_Council","https://cdn.poe2db.tw/image/Art/2DItems/Armours/Helmets/Uniques/MindOfTheCouncil.webp","Mind of the Council","Death Mask","Requires:  , ,","Level 65","% increased  and","(150200)","—","to maximum Mana","+(6090)","—","Evasion","https://poe2db.tw/us/Evasion","% to","Energy Shield","https://poe2db.tw/us/Energy_Shield","cost an additional % of your maximum Mana","+(2030)","Lightning Resistance","https://poe2db.tw/us/Resistances","have Added maximum  Damage equal to % of maximum Mana","6","Attacks","https://poe2db.tw/us/Attacks","50 Dex","—","Attacks","https://poe2db.tw/us/Attacks","(69)","—","Lightning","https://poe2db.tw/us/Lightning_Damage","","","","","","50 Int"
"https://poe2db.tw/us/Facebreaker","https://cdn.poe2db.tw/image/Art/2DItems/Armours/Gloves/Uniques/Facebreaker.webp","Facebreaker","Stocky Mitts","Requires:","Level 1","Has  to   damage,  to  per","8","—","% increased  Buildup","12","","Physical","https://poe2db.tw/us/Physical_Damage","1% more  per","Boss's Face Broken","https://poe2db.tw/us/Broken_Boss_Faces","metres to   Range while Unarmed","+3","Stun","https://poe2db.tw/us/Stun","+1 to  per","+4","Unarmed Damage","https://poe2db.tw/us/Unarmed_Damage","","","Strength","https://poe2db.tw/us/Strength","(3050)","","Melee","https://poe2db.tw/us/Melee","Strike","https://poe2db.tw/us/Strike","Armour","https://poe2db.tw/us/Armour","",""
"https://poe2db.tw/us/Treefingers","https://cdn.poe2db.tw/image/Art/2DItems/Armours/Gloves/Uniques/Treefingers.webp","Treefingers","Riveted Mitts","Requires:  ,","Level 11","% increased","(3060)","—","Adds  to   Damage to","(610)","—","Armour","https://poe2db.tw/us/Armour","% reduced  Speed","Physical","https://poe2db.tw/us/Physical_Damage","to","(1216)","Attacks","https://poe2db.tw/us/Attacks","% increased  Buildup","5","Attack","https://poe2db.tw/us/Attacks","16 Str","—","Strength","https://poe2db.tw/us/Strength","+(1520)","—","Stun","https://poe2db.tw/us/Stun","Giant's Blood","https://poe2db.tw/us/Giants_Blood","","","",""
"https://poe2db.tw/us/Lochtonial_Caress","https://cdn.poe2db.tw/image/Art/2DItems/Armours/Gloves/Uniques/LochtonialCaress.webp","Lochtonial Caress","Tempered Mitts","Requires:  ,","Level 16","% increased","(1015)","—","to","+(1525)","—","Skill Speed","https://poe2db.tw/us/Skill_Speed","to maximum Life","Armour","https://poe2db.tw/us/Armour","% reduced maximum Mana","+(4060)","Charges","https://poe2db.tw/us/Charges","Share  with  in your","(1015)","Allies","https://poe2db.tw/us/Allies","22 Str","—","Presence","https://poe2db.tw/us/Presence","","—","","","","","","","",""
"https://poe2db.tw/us/Dreadfist","https://cdn.poe2db.tw/image/Art/2DItems/Armours/Gloves/Uniques/Dreadfist.webp","Dreadfist","Bolstered Mitts","Requires:  ,","Level 27","% increased","(60100)","—","% increased","(2030)","—","Armour","https://poe2db.tw/us/Armour","inflict","Critical Damage Bonus","https://poe2db.tw/us/Critical_Damage_Bonus","cannot Extract","(2031)","Critical Hits","https://poe2db.tw/us/Critical_Hits","to    damage","(3249)","Impale","https://poe2db.tw/us/Impale","35 Str","—","Critical Hits","https://poe2db.tw/us/Critical_Hits","","—","Impale","https://poe2db.tw/us/Impale","Physical","https://poe2db.tw/us/Physical_Damage","Thorns","https://poe2db.tw/us/Thorns","",""
"https://poe2db.tw/us/Atziris_Acuity","https://cdn.poe2db.tw/image/Art/2DItems/Armours/Gloves/Uniques/AtzirisAcuity.webp","Atziri's Acuity","Moulded Mitts","Requires:  ,","Level 33","% increased","(150200)","—","to maximum Life","+(100150)","—","Armour","https://poe2db.tw/us/Armour","% of   Damage as Life","Leech","https://poe2db.tw/us/Life_Leech","% of  damage dealt by your  causes","10","Physical","https://poe2db.tw/us/Physical_Damage","","10","Attack","https://poe2db.tw/us/Attacks","42 Str","","Physical","https://poe2db.tw/us/Physical_Damage","","","Hits","https://poe2db.tw/us/Hit_Damage","Blood Loss","https://poe2db.tw/us/Blood_Loss","Vaal Pact","https://poe2db.tw/us/Vaal_Pact","Grants Skill: Level 9",""
"https://poe2db.tw/us/Hateforge","https://cdn.poe2db.tw/image/Art/2DItems/Armours/Gloves/Uniques/Hateforge.webp","Hateforge","Moulded Mitts","Requires:  ,","Level 60","% increased","(300400)","—","Gain   on","(36)","—","Armour","https://poe2db.tw/us/Armour","Gain a random  on reaching Maximum , no more than once every  seconds","Rage","https://poe2db.tw/us/Rage","Lose all  on reaching Maximum","(36)","Hit","https://poe2db.tw/us/Hit_Damage","to Maximum","(-1010)","Charge","https://poe2db.tw/us/Charges","42 Str","—","Rage","https://poe2db.tw/us/Rage","","—","Rage","https://poe2db.tw/us/Rage","Rage","https://poe2db.tw/us/Rage","Rage","https://poe2db.tw/us/Rage","",""
"https://poe2db.tw/us/Empires_Grasp","https://cdn.poe2db.tw/image/Art/2DItems/Armours/Gloves/Uniques/EmpiresGrasp.webp","Empire's Grasp","Titan Mitts","Requires:  ,","Level 52","% increased","(150200)","—","to","+(2030)","—","Armour","https://poe2db.tw/us/Armour","Gain  Life per enemy killed","Strength","https://poe2db.tw/us/Strength","% increased Global  Damage","(3050)","Physical","https://poe2db.tw/us/Physical_Damage","direction is reversed","(1020)","Knockback","https://poe2db.tw/us/Knockback","64 Str","—","","","","—","","","","","","","",""
"https://poe2db.tw/us/Northpaw","https://cdn.poe2db.tw/image/Art/2DItems/Armours/Gloves/Uniques/Northpaw.webp","Northpaw","Suede Bracers","Requires:","Level 1","to  Rating","+(1525)","—","Adds  to   Damage to","(35)","—","Evasion","https://poe2db.tw/us/Evasion","% increased","Physical","https://poe2db.tw/us/Physical_Damage","Base  Chance for  with  is %","(810)","Attacks","https://poe2db.tw/us/Attacks","","(1015)","Critical Damage Bonus","https://poe2db.tw/us/Critical_Damage_Bonus","","—","Critical Hit","https://poe2db.tw/us/Critical_Hits","7","—","Attacks","https://poe2db.tw/us/Attacks","Weapons","https://poe2db.tw/us/Martial_Weapons","","","",""
"https://poe2db.tw/us/Grip_of_Winter","https://cdn.poe2db.tw/image/Art/2DItems/Armours/Gloves/Uniques/GripOfWinter.webp","Grip of Winter","Firm Bracers","Requires:  ,","Level 11","% increased  Rating","(3050)","—","Adds  to   damage to","(35)","—","Evasion","https://poe2db.tw/us/Evasion","% to","Cold","https://poe2db.tw/us/Cold_Damage","% increased  Buildup","(68)","Attacks","https://poe2db.tw/us/Attacks","% increased  of  you inflict","+(2030)","Cold Resistance","https://poe2db.tw/us/Resistances","16 Dex","—","Freeze","https://poe2db.tw/us/Freeze","(4050)","—","Magnitude","https://poe2db.tw/us/Buff_Debuff_Magnitude","Chill","https://poe2db.tw/us/Chill","","","",""
"https://poe2db.tw/us/Idle_Hands","https://cdn.poe2db.tw/image/Art/2DItems/Armours/Gloves/Uniques/IdleHands.webp","Idle Hands","Sectioned Bracers","Requires:  ,","Level 28","% increased  Rating","(4060)","—","to  Rating","+(60100)","—","Evasion","https://poe2db.tw/us/Evasion","to","Accuracy","https://poe2db.tw/us/Accuracy","% increased  Speed while on Full Mana","+(510)","Intelligence","https://poe2db.tw/us/Intelligence","You count as on Full Mana while at % of maximum Mana or above","25","Attack","https://poe2db.tw/us/Attacks","36 Dex","—","","","90","","","","","","","","",""
"https://poe2db.tw/us/Snakebite","https://cdn.poe2db.tw/image/Art/2DItems/Armours/Gloves/Uniques/Snakebite.webp","Snakebite","Spined Bracers","Requires:  ,","Level 33","% increased  Rating","(4060)","—","% to","+(717)","—","Evasion","https://poe2db.tw/us/Evasion","Life Regeneration per second","Chaos Resistance","https://poe2db.tw/us/Resistances","% chance to  on","(610)","Poison","https://poe2db.tw/us/Poison","Targets can be affected by  of your  at the same time","(2030)","Hit","https://poe2db.tw/us/Hit_Damage","42 Dex","—","Poisons","https://poe2db.tw/us/Poison","+1","—","","","","","","","",""
"https://poe2db.tw/us/Maligaros_Virtuosity","https://cdn.poe2db.tw/image/Art/2DItems/Armours/Gloves/Uniques/MaligarosVirtuosity.webp","Maligaro's Virtuosity","Fine Bracers","Requires:  ,","Level 45","% increased  Rating","(6080)","—","% increased  Chance","(2030)","—","Evasion","https://poe2db.tw/us/Evasion","% increased  Speed","Critical Hit","https://poe2db.tw/us/Critical_Hits","to","5","Attack","https://poe2db.tw/us/Attacks","Your  Chance cannot be","+(1020)","Dexterity","https://poe2db.tw/us/Dexterity","56 Dex","—","Critical Hit","https://poe2db.tw/us/Critical_Hits","","","Rerolled","https://poe2db.tw/us/Rerolling_Critical_Hit_Chance","Critical Damage Bonus","https://poe2db.tw/us/Critical_Damage_Bonus","","","",""
"https://poe2db.tw/us/Horrors_Flight","https://cdn.poe2db.tw/image/Art/2DItems/Armours/Gloves/Uniques/ChokingMists.webp","Horror's Flight","Engraved Bracers","Requires:  ,","Level 65","% increased  Rating","(200300)","—","% increased  Speed","(717)","—","Evasion","https://poe2db.tw/us/Evasion","to","Attack","https://poe2db.tw/us/Attacks","Adds  to   Damage to","+(1323)","Dexterity","https://poe2db.tw/us/Dexterity","Gain 1  when you  a target","(1923)","Chaos","https://poe2db.tw/us/Chaos_Damage","80 Dex","—","Attacks","https://poe2db.tw/us/Attacks","(3137)","—","Fear Incarnate","https://poe2db.tw/us/Fear_Incarnate","Cull","https://poe2db.tw/us/Culling_Strike","","","Grants Skill: Level 15",""
"https://poe2db.tw/us/Painters_Servant","https://cdn.poe2db.tw/image/Art/2DItems/Armours/Gloves/Uniques/PaintersServant.webp","Painter's Servant","Torn Gloves","Requires:","Level 1","% of  as Extra  Damage","(510)","—","% of  as Extra  Damage","(510)","—","Gain","https://poe2db.tw/us/Damage_Gained_as_extra_X","% of  as Extra  Damage","Elemental Damage","https://poe2db.tw/us/Elemental_Damage_Types","% of   to  Damage","(510)","Cold","https://poe2db.tw/us/Cold_Damage","% of   to  Damage","33","Gain","https://poe2db.tw/us/Damage_Gained_as_extra_X","","—","Elemental Damage","https://poe2db.tw/us/Elemental_Damage_Types","33","","Fire","https://poe2db.tw/us/Fire_Damage","Gain","https://poe2db.tw/us/Damage_Gained_as_extra_X","Elemental Damage","https://poe2db.tw/us/Elemental_Damage_Types","",""
"https://poe2db.tw/us/Candlemaker","https://cdn.poe2db.tw/image/Art/2DItems/Armours/Gloves/Uniques/Candlemaker.webp","Candlemaker","Sombre Gloves","Requires:  ,","Level 12","% increased","(5080)","—","% increased  Damage","(2040)","—","Energy Shield","https://poe2db.tw/us/Energy_Shield","% reduced  Damage","Fire","https://poe2db.tw/us/Fire_Damage","% to","(1020)","Cold","https://poe2db.tw/us/Cold_Damage","% to","+(2040)","Fire Resistance","https://poe2db.tw/us/Resistances","17 Int","—","Cold Resistance","https://poe2db.tw/us/Resistances","(-20-10)","—","Flammability","https://poe2db.tw/us/Flammability","Magnitude","https://poe2db.tw/us/Buff_Debuff_Magnitude","","","",""
"https://poe2db.tw/us/Doedres_Tenure","https://cdn.poe2db.tw/image/Art/2DItems/Armours/Gloves/Uniques/EnraptHands.webp","Doedre's Tenure","Stitched Gloves","Requires:  ,","Level 16","to maximum","+(2030)","—","% increased  Damage","100","—","Energy Shield","https://poe2db.tw/us/Energy_Shield","% reduced Cast Speed","Spell","https://poe2db.tw/us/Spells","to","(1525)","Intelligence","https://poe2db.tw/us/Intelligence","","+(1015)","","","22 Int","—","","","","","","","","","","","",""
"https://poe2db.tw/us/Kitokos_Current","https://cdn.poe2db.tw/image/Art/2DItems/Armours/Gloves/Uniques/GaruksCurrent.webp","Kitoko's Current","Jewelled Gloves","Requires:  ,","Level 26","% increased","(3050)","—","to","+(1020)","—","Energy Shield","https://poe2db.tw/us/Energy_Shield","% reduced  and Cast Speed","Dexterity","https://poe2db.tw/us/Dexterity","damage from   to  Buildup","(1015)","Attack","https://poe2db.tw/us/Attacks","","","Lightning","https://poe2db.tw/us/Lightning_Damage","34 Int","—","Hits","https://poe2db.tw/us/Hit_Damage","","","Contributes","https://poe2db.tw/us/Damage_Contributing_to_Ailments","Electrocution","https://poe2db.tw/us/Electrocution","","","",""
"https://poe2db.tw/us/Demon_Stitcher","https://cdn.poe2db.tw/image/Art/2DItems/Armours/Gloves/Uniques/DemonStitcher.webp","Demon Stitcher","Intricate Gloves","Requires:  ,","Level 33","to maximum","+(4060)","—","to maximum Life","+(80120)","—","Energy Shield","https://poe2db.tw/us/Energy_Shield","% increased Cast Speed","Sacrifice","https://poe2db.tw/us/Sacrifice","% of maximum Life to gain that much  when you Cast a","(612)","Energy Shield","https://poe2db.tw/us/Energy_Shield","","(515)","Spell","https://poe2db.tw/us/Spells","42 Int","—","","","","—","","","","","","","",""
"https://poe2db.tw/us/Nightscale","https://cdn.poe2db.tw/image/Art/2DItems/Armours/Gloves/Uniques/Nightscale.webp","Nightscale","Pauascale Gloves","Requires:  ,","Level 45","% increased","(60100)","—","% increased  Chance","(3050)","—","Energy Shield","https://poe2db.tw/us/Energy_Shield","to","Critical Hit","https://poe2db.tw/us/Critical_Hits","% to","+(1020)","Intelligence","https://poe2db.tw/us/Intelligence","% increased Mana Regeneration Rate if you've dealt a","+(2030)","Cold Resistance","https://poe2db.tw/us/Resistances","56 Int","—","Critical Hit","https://poe2db.tw/us/Critical_Hits","150","—","Recently","https://poe2db.tw/us/Recently","Critical Hit","https://poe2db.tw/us/Critical_Hits","Recently","https://poe2db.tw/us/Recently","",""
"https://poe2db.tw/us/Leopolds_Applause","https://cdn.poe2db.tw/image/Art/2DItems/Armours/Gloves/Uniques/LeopoldsApplause.webp","Leopold's Applause","Embroidered Gloves","Requires:  ,","Level 52","% increased","(60100)","—","to maximum Mana","+(60100)","—","Energy Shield","https://poe2db.tw/us/Energy_Shield","% increased  found","Rarity of Items","https://poe2db.tw/us/Item_Rarity","Damage  %","(1015)","Penetrates","https://poe2db.tw/us/Resistance_Penetration","Your  can    down to a minimum of -50%","10","Elemental","https://poe2db.tw/us/Elemental_Damage_Types","64 Int","—","Resistances","https://poe2db.tw/us/Resistances","","","Hits","https://poe2db.tw/us/Hit_Damage","Penetrate","https://poe2db.tw/us/Resistance_Penetration","Elemental","https://poe2db.tw/us/Elemental_Damage_Types","",""
"https://poe2db.tw/us/Jarngreipr","https://cdn.poe2db.tw/image/Art/2DItems/Armours/Gloves/Uniques/Jarngreipr.webp","Jarngreipr","Ringmail Gauntlets","Requires:  , ,","Level 6","% increased  and","50","—","Adds  to   Damage to","(23)","—","Armour","https://poe2db.tw/us/Armour","to maximum Life","Evasion","https://poe2db.tw/us/Evasion","% increased  Speed","(56)","Physical","https://poe2db.tw/us/Physical_Damage","can satisfy other  Requirements of  Weapons and  Skills","+(3050)","Attacks","https://poe2db.tw/us/Attacks","6 Str","—","Attack","https://poe2db.tw/us/Attacks","(48)","—","Strength","https://poe2db.tw/us/Strength","Attribute","https://poe2db.tw/us/Attributes","Melee","https://poe2db.tw/us/Melee","","6 Dex"
"https://poe2db.tw/us/Aurseize","https://cdn.poe2db.tw/image/Art/2DItems/Armours/Gloves/Uniques/Aurseize.webp","Aurseize","Layered Gauntlets","Requires:  , ,","Level 16","% increased  and","(4060)","—","% increased  found","(4050)","—","Armour","https://poe2db.tw/us/Armour","% of maximum Life on Kill","Evasion","https://poe2db.tw/us/Evasion","","2","Rarity of Items","https://poe2db.tw/us/Item_Rarity","","","Lose","https://poe2db.tw/us/Life_Loss","13 Str","","","","","","","","","","","","","13 Dex"
"https://poe2db.tw/us/Deathblow","https://cdn.poe2db.tw/image/Art/2DItems/Armours/Gloves/Uniques/Deathblow.webp","Deathblow","Doubled Gauntlets","Requires:  , ,","Level 33","% increased  and","(100150)","—","% increased  Speed","(510)","—","Armour","https://poe2db.tw/us/Armour","Gain  Life per enemy killed","Evasion","https://poe2db.tw/us/Evasion","Gain  Mana per enemy killed","(2030)","Attack","https://poe2db.tw/us/Attacks","","(2030)","Culling Strike","https://poe2db.tw/us/Culling_Strike","24 Str","—","","","","—","","","","","","","","24 Dex"
"https://poe2db.tw/us/Valakos_Vice","https://cdn.poe2db.tw/image/Art/2DItems/Armours/Gloves/Uniques/ValakosVice.webp","Valako's Vice","Plate Gauntlets","Requires:  , ,","Level 45","% increased  and","(50100)","—","% increased  Speed","(510)","—","Armour","https://poe2db.tw/us/Armour","to","Evasion","https://poe2db.tw/us/Evasion","to","+(2030)","Attack","https://poe2db.tw/us/Attacks","% to","+(2030)","Strength","https://poe2db.tw/us/Strength","32 Str","—","Dexterity","https://poe2db.tw/us/Dexterity","+(3050)","—","Lightning Resistance","https://poe2db.tw/us/Resistances","Fire","https://poe2db.tw/us/Fire_Damage","Converted","https://poe2db.tw/us/Damage_Conversion","","32 Dex"
"https://poe2db.tw/us/Aerisvanes_Wings","https://cdn.poe2db.tw/image/Art/2DItems/Armours/Gloves/Uniques/AerisvanesWings.webp","Aerisvane's Wings","Burnished Gauntlets","Requires:  , ,","Level 52","% increased  and","(5070)","—","% increased  Speed","(510)","—","Armour","https://poe2db.tw/us/Armour","to","Evasion","https://poe2db.tw/us/Evasion","","+(2030)","Attack","https://poe2db.tw/us/Attacks","","","Intelligence","https://poe2db.tw/us/Intelligence","36 Str","—","Decimating Strike","https://poe2db.tw/us/Decimating_Strike","","","","","","","","","","36 Dex"
"https://poe2db.tw/us/Death_Articulated","https://cdn.poe2db.tw/image/Art/2DItems/Armours/Gloves/Uniques/DeathArticulated.webp","Death Articulated","Ornate Gauntlets","Requires:  , ,","Level 65","% increased  and","(100150)","—","% increased  Speed","(510)","—","Armour","https://poe2db.tw/us/Armour","% to","Evasion","https://poe2db.tw/us/Evasion","% of maximum Life per second","+(1723)","Attack","https://poe2db.tw/us/Attacks","Regenerate   per second","5","Chaos Resistance","https://poe2db.tw/us/Resistances","44 Str","—","Lose","https://poe2db.tw/us/Life_Loss","5","","Rage","https://poe2db.tw/us/Rage","Rage","https://poe2db.tw/us/Rage","","","","44 Dex"
"https://poe2db.tw/us/Gravebind","https://cdn.poe2db.tw/image/Art/2DItems/Armours/Gloves/Uniques/Gravebind.webp","Gravebind","Rope Cuffs","Requires:  , ,","Level 5","% increased  and","(4060)","—","% increased  foundYour other Modifiers to  found do not apply","20","—","Armour","https://poe2db.tw/us/Armour","% to","Energy Shield","https://poe2db.tw/us/Energy_Shield","Gain  Life per enemy killed","+(1015)","Rarity of Items","https://poe2db.tw/us/Item_Rarity","Gain  Mana per enemy killed","(710)","Rarity of Items","https://poe2db.tw/us/Item_Rarity","6 Str","—","Cold Resistance","https://poe2db.tw/us/Resistances","(46)","—","Presence","https://poe2db.tw/us/Presence","","","","","","6 Int"
"https://poe2db.tw/us/Shackles_of_the_Wretched","https://cdn.poe2db.tw/image/Art/2DItems/Armours/Gloves/Uniques/ShacklesOfTheWretched.webp","Shackles of the Wretched","Aged Cuffs","Requires:  , ,","Level 16","% increased  and","(3050)","—","You cannot be  for  seconds after being","6","","Armour","https://poe2db.tw/us/Armour","You cannot be  for  seconds after being","Energy Shield","https://poe2db.tw/us/Energy_Shield","You cannot be  for  seconds after being","6","Chilled","https://poe2db.tw/us/Chill","You cannot be  for  seconds after being","6","Chilled","https://poe2db.tw/us/Chill","13 Str","","Frozen","https://poe2db.tw/us/Frozen","6","","Frozen","https://poe2db.tw/us/Frozen","Ignited","https://poe2db.tw/us/Ignite","Ignited","https://poe2db.tw/us/Ignite","","13 Int"
"https://poe2db.tw/us/Blueflame_Bracers","https://cdn.poe2db.tw/image/Art/2DItems/Armours/Gloves/Uniques/SunConstrictor.webp","Blueflame Bracers","Goldcast Cuffs","Requires:  , ,","Level 33","to maximum","+20","—","to","+(1020)","—","Energy Shield","https://poe2db.tw/us/Energy_Shield","% to","Intelligence","https://poe2db.tw/us/Intelligence","% to","+(515)","Fire Resistance","https://poe2db.tw/us/Resistances","% of  Damage  to  Damage","+(515)","Cold Resistance","https://poe2db.tw/us/Resistances","24 Str","—","Fire","https://poe2db.tw/us/Fire_Damage","100","","Converted","https://poe2db.tw/us/Damage_Conversion","Cold","https://poe2db.tw/us/Cold_Damage","","","","24 Int"
"https://poe2db.tw/us/The_Prisoners_Manacles","https://cdn.poe2db.tw/image/Art/2DItems/Armours/Gloves/Uniques/PrisonersManacles.webp","The Prisoner's Manacles","Kalguuran Cuffs","Requires:  , ,","Level 45","% increased  and","(200300)","—","to maximum Life","+100","—","Armour","https://poe2db.tw/us/Armour","% increased  Requirements","Energy Shield","https://poe2db.tw/us/Energy_Shield","% to","100","Attribute","https://poe2db.tw/us/Attributes","Life Regeneration per second","+(2040)","Lightning Resistance","https://poe2db.tw/us/Resistances","","—","Debuffs","https://poe2db.tw/us/Debuffs","(1530)","—","Slow Magnitude","https://poe2db.tw/us/Slow_Magnitude_Modifier","Immobilise","https://poe2db.tw/us/Immobilised","","","",""
"https://poe2db.tw/us/Plaguefinger","https://cdn.poe2db.tw/image/Art/2DItems/Armours/Gloves/Uniques/Plaguefinger.webp","Plaguefinger","Gauze Wraps","Requires:  , ,","Level 4","% increased  and","(3050)","—","% increased  Speed","(46)","—","Evasion","https://poe2db.tw/us/Evasion","Cannot inflict","Energy Shield","https://poe2db.tw/us/Energy_Shield","% chance to  on","(2030)","Attack","https://poe2db.tw/us/Attacks","from   to  Magnitude","","Elemental Ailments","https://poe2db.tw/us/Elemental_Ailments","6 Dex","—","Poison","https://poe2db.tw/us/Poison","","","Hit","https://poe2db.tw/us/Hit_Damage","All Damage","https://poe2db.tw/us/Damage_Types","Hits","https://poe2db.tw/us/Hit_Damage","","6 Int"
"https://poe2db.tw/us/Killjoy","https://cdn.poe2db.tw/image/Art/2DItems/Armours/Gloves/Uniques/Killjoy.webp","Killjoy","Linen Wraps","Requires:  , ,","Level 16","% increased  and","(3060)","—","to maximum Life","+(3050)","—","Evasion","https://poe2db.tw/us/Evasion","% increased","Energy Shield","https://poe2db.tw/us/Energy_Shield","do not recover Life","(2030)","Critical Damage Bonus","https://poe2db.tw/us/Critical_Damage_Bonus","On-Kill Effects happen twice","","Flasks","https://poe2db.tw/us/Flasks","13 Dex","—","","","","","","","","","","","","13 Int"
"https://poe2db.tw/us/Hand_of_Wisdom_and_Action","https://cdn.poe2db.tw/image/Art/2DItems/Armours/Gloves/Uniques/HandOfWisdomAndAction.webp","Hand of Wisdom and Action","Spiral Wraps","Requires:  , ,","Level 33","to","+(1525)","—","to","+(1525)","—","Dexterity","https://poe2db.tw/us/Dexterity","% increased  Speed per 20","Intelligence","https://poe2db.tw/us/Intelligence","Adds  to  Lightning Damage to  per 20","1","Attack","https://poe2db.tw/us/Attacks","","1","Dexterity","https://poe2db.tw/us/Dexterity","24 Dex","","Attacks","https://poe2db.tw/us/Attacks","10","","Intelligence","https://poe2db.tw/us/Intelligence","","","","","","24 Int"
"https://poe2db.tw/us/Essentia_Sanguis","https://cdn.poe2db.tw/image/Art/2DItems/Armours/Gloves/Uniques/EssentiaSanguis.webp","Essentia Sanguis","Furtive Wraps","Requires:  , ,","Level 52","% increased  and","(5070)","—","Adds  to   damage to","1","—","Evasion","https://poe2db.tw/us/Evasion","to","Energy Shield","https://poe2db.tw/us/Energy_Shield","% to","(3050)","Lightning","https://poe2db.tw/us/Lightning_Damage","is  to","+(1525)","Attacks","https://poe2db.tw/us/Attacks","36 Dex","—","Intelligence","https://poe2db.tw/us/Intelligence","+(2535)","—","Lightning Resistance","https://poe2db.tw/us/Resistances","Life Leech","https://poe2db.tw/us/Life_Leech","Converted","https://poe2db.tw/us/Stat_Conversion","","36 Int"
"https://poe2db.tw/us/Thunderfist","https://cdn.poe2db.tw/image/Art/2DItems/Armours/Gloves/Uniques/Thunderfist.webp","Thunderfist","Utility Wraps","Requires:  , ,","Level 65","% increased  and","(1111)","—","% increased  Speed","(111)","—","Evasion","https://poe2db.tw/us/Evasion","% to","Energy Shield","https://poe2db.tw/us/Energy_Shield","Adds  to  Lightning Damage to Unarmed  Hits","+(133)","Attack","https://poe2db.tw/us/Attacks","% to Unarmed    Chance","1","Lightning Resistance","https://poe2db.tw/us/Resistances","44 Dex","—","Melee","https://poe2db.tw/us/Melee","(77111)","—","Melee","https://poe2db.tw/us/Melee","Attack","https://poe2db.tw/us/Attacks","Critical Hit","https://poe2db.tw/us/Critical_Hits","Grants Skill: Level 15","44 Int"
"https://poe2db.tw/us/Legionstride","https://cdn.poe2db.tw/image/Art/2DItems/Armours/Boots/Uniques/Legionstride.webp","Legionstride","Rough Greaves","Requires:","Level 1","to","+(5070)","—","to","+(5070)","—","Armour","https://poe2db.tw/us/Armour","% to  chance","Stun Threshold","https://poe2db.tw/us/Player_Stun_Threshold","damage taken from","+10","Block","https://poe2db.tw/us/Block","","-10","Physical","https://poe2db.tw/us/Physical_Damage","","","Projectile","https://poe2db.tw/us/Projectile","","","Attacks","https://poe2db.tw/us/Attacks","","","","","",""
"https://poe2db.tw/us/Corpsewade","https://cdn.poe2db.tw/image/Art/2DItems/Armours/Boots/Uniques/Corpsewade.webp","Corpsewade","Iron Greaves","Requires:  ,","Level 11","% increased Movement Speed","10","—","% increased","(3050)","—","Armour","https://poe2db.tw/us/Armour","to","Strength","https://poe2db.tw/us/Strength","every 1.2 metres travelled","+(510)","Trigger","https://poe2db.tw/us/Triggered_Skills","","","","","17 Str","","","","","","","","","","","","Grants Skill: Level 4",""
"https://poe2db.tw/us/The_Infinite_Pursuit","https://cdn.poe2db.tw/image/Art/2DItems/Armours/Boots/Uniques/TheInfinitePursuit.webp","The Infinite Pursuit","Bronze Greaves","Requires:  ,","Level 16","% increased Movement Speed","10","—","% increased","(100150)","—","Armour","https://poe2db.tw/us/Armour","to maximum Life","Ailments","https://poe2db.tw/us/Ailments","% increased Chance to be afflicted by  when","+(80100)","Hit","https://poe2db.tw/us/Hit_Damage","% increased Movement Speed while affected by an","(80100)","Ailment","https://poe2db.tw/us/Ailments","23 Str","—","","","25","","","","","","","","",""
"https://poe2db.tw/us/Trampletoe","https://cdn.poe2db.tw/image/Art/2DItems/Armours/Boots/Uniques/Trampletoe.webp","Trampletoe","Trimmed Greaves","Requires:  ,","Level 27","% increased Movement Speed","15","—","% increased","(50100)","","Armour","https://poe2db.tw/us/Armour","% increased  Requirements","Attribute","https://poe2db.tw/us/Attributes","Deal % of  damage to enemies within 2 metres of the enemy killed","50","Overkill","https://poe2db.tw/us/Overkill","","30","","","","","","","","","","","","","","","",""
"https://poe2db.tw/us/Birth_of_Fury","https://cdn.poe2db.tw/image/Art/2DItems/Armours/Boots/Uniques/BirthOfFury.webp","Birth of Fury","Stone Greaves","Requires:  ,","Level 33","% increased Movement Speed","20","—","to maximum Life","+(4060)","—","Fire Resistance","https://poe2db.tw/us/Resistances","% to","Ignited Ground","https://poe2db.tw/us/Ignited_Ground","Drop  while moving, which lasts 8 seconds and  as though dealing  Damage equal to % of your maximum Life","+(2030)","Ignites","https://poe2db.tw/us/Ignite","","10","Fire","https://poe2db.tw/us/Fire_Damage","45 Str","","","","","","","","","","","","",""
"https://poe2db.tw/us/Briarpatch","https://cdn.poe2db.tw/image/Art/2DItems/Armours/Boots/Uniques/Briarpatch.webp","Briarpatch","Laced Boots","Requires:  ,","Level 11","% increased Movement Speed","(1020)","—","to maximum Life","+(4060)","—","Stun Threshold","https://poe2db.tw/us/Player_Stun_Threshold","to","Critical Hit","https://poe2db.tw/us/Critical_Hits","% to Thorns  Chance","+(6080)","Physical","https://poe2db.tw/us/Physical_Damage","to    damage","+25","Thorns","https://poe2db.tw/us/Thorns","17 Dex","—","","","(1015)","—","","","","","","","",""
"https://poe2db.tw/us/Gamblesprint","https://cdn.poe2db.tw/image/Art/2DItems/Armours/Boots/Uniques/Gamblesprint.webp","Gamblesprint","Embossed Boots","Requires:  ,","Level 16","% increased  Rating","(100140)","—","% increased  found","(1015)","—","Evasion","https://poe2db.tw/us/Evasion","to","Rarity of Items","https://poe2db.tw/us/Item_Rarity","% to","+(1015)","Dexterity","https://poe2db.tw/us/Dexterity","Gain 0% to % increased Movement Speed at random when , until  again","+(1525)","Lightning Resistance","https://poe2db.tw/us/Resistances","23 Dex","—","Hit","https://poe2db.tw/us/Hit_Damage","40","—","Hit","https://poe2db.tw/us/Hit_Damage","","","","","",""
"https://poe2db.tw/us/Bushwhack","https://cdn.poe2db.tw/image/Art/2DItems/Armours/Boots/Uniques/Bushwack.webp","Bushwhack","Lizardscale Boots","Requires:  ,","Level 33","% increased Movement Speed","(1525)","—","% increased  Rating","(5080)","—","Evasion","https://poe2db.tw/us/Evasion","to","Dexterity","https://poe2db.tw/us/Dexterity","Damage is","+(1020)","Physical","https://poe2db.tw/us/Physical_Damage","","","Pinning","https://poe2db.tw/us/Pinned","45 Dex","—","","","","","","","","","","","",""
"https://poe2db.tw/us/Luminous_Pace","https://cdn.poe2db.tw/image/Art/2DItems/Armours/Boots/Uniques/BatedPace.webp","Luminous Pace","Straw Sandals","Requires:","Level 1","% increased Movement Speed","10","—","to maximum","+(2030)","—","Energy Shield","https://poe2db.tw/us/Energy_Shield","to","Intelligence","https://poe2db.tw/us/Intelligence","% reduced","+(510)","Energy Shield Recharge Rate","https://poe2db.tw/us/Energy_Shield_Recharge_Rate","%","(2030)","faster start of Energy Shield Recharge","https://poe2db.tw/us/Faster_Start_of_Energy_Shield_Recharge","","—","","","100","","","","","","","","",""
"https://poe2db.tw/us/Wanderlust","https://cdn.poe2db.tw/image/Art/2DItems/Armours/Boots/Uniques/Wanderlust.webp","Wanderlust","Wrapped Sandals","Requires:  ,","Level 11","% increased Movement Speed","20","—","to maximum","+(1020)","","Energy Shield","https://poe2db.tw/us/Energy_Shield","to","Dexterity","https://poe2db.tw/us/Dexterity","Your speed is unaffected by","+5","Slows","https://poe2db.tw/us/Slow","","","","","17 Int","","","","","","","","","","","","",""
"https://poe2db.tw/us/Bones_of_Ullr","https://cdn.poe2db.tw/image/Art/2DItems/Armours/Boots/Uniques/BonesOfUllr.webp","Bones of Ullr","Lattice Sandals","Requires:  ,","Level 16","% increased Movement Speed","(515)","—","% increased","(4060)","—","Energy Shield","https://poe2db.tw/us/Energy_Shield","to maximum Life","Reservation","https://poe2db.tw/us/Reservation","to maximum Mana","+(2040)","Efficiency","https://poe2db.tw/us/Efficiency","% increased   of Skills which create Undead","+(2040)","Minions","https://poe2db.tw/us/Minions","23 Int","—","","","(2030)","—","","","","","","","",""
"https://poe2db.tw/us/Wondertrap","https://cdn.poe2db.tw/image/Art/2DItems/Armours/Boots/Uniques/Wondertrap.webp","Wondertrap","Silk Slippers","Requires:  ,","Level 27","% increased Movement Speed","(1020)","—","to maximum","+(3050)","—","Energy Shield","https://poe2db.tw/us/Energy_Shield","to","Strength","https://poe2db.tw/us/Strength","to","+(1020)","Dexterity","https://poe2db.tw/us/Dexterity","to","+(1020)","Intelligence","https://poe2db.tw/us/Intelligence","38 Int","—","Rarity","https://poe2db.tw/us/Item_Rarity","+(1020)","—","Low Life","https://poe2db.tw/us/Low_Life","","","","","",""
"https://poe2db.tw/us/Windscream","https://cdn.poe2db.tw/image/Art/2DItems/Armours/Boots/Uniques/Windscream.webp","Windscream","Feathered Sandals","Requires:  ,","Level 33","% increased Movement Speed","(1020)","—","% increased","(50100)","—","Energy Shield","https://poe2db.tw/us/Energy_Shield","to","Intelligence","https://poe2db.tw/us/Intelligence","Skills have % increased Cast Speed","+(1020)","Curse","https://poe2db.tw/us/Curses","have no Activation Delay","(1020)","Curses","https://poe2db.tw/us/Curses","45 Int","—","","","","—","","","","","","","",""
"https://poe2db.tw/us/The_Knight-errant","https://cdn.poe2db.tw/image/Art/2DItems/Armours/Boots/Uniques/KnightErrant.webp","The Knight-errant","Mail Sabatons","Requires:  , ,","Level 6","% increased Movement Speed","10","—","% increased  and","(3050)","—","Armour","https://poe2db.tw/us/Armour","to","Evasion","https://poe2db.tw/us/Evasion","to","+(3050)","Stun Threshold","https://poe2db.tw/us/Player_Stun_Threshold","","+(3050)","Ailment Threshold","https://poe2db.tw/us/Elemental_Ailment_Threshold","7 Str","—","Iron Reflexes","https://poe2db.tw/us/Iron_Reflexes","","","","","","","","","","7 Dex"
"https://poe2db.tw/us/Darkray_Vectors","https://cdn.poe2db.tw/image/Art/2DItems/Armours/Boots/Uniques/DarkrayVectors.webp","Darkray Vectors","Braced Sabatons","Requires:  , ,","Level 16","% increased  and","(50100)","—","% to","+(2030)","—","Armour","https://poe2db.tw/us/Armour","% reduced","Evasion","https://poe2db.tw/us/Evasion","% increased Movement Speed per","25","Lightning Resistance","https://poe2db.tw/us/Resistances","to Maximum","5","Light Radius","https://poe2db.tw/us/Light_Radius","14 Str","","Frenzy Charge","https://poe2db.tw/us/Charges","+1","","Frenzy Charges","https://poe2db.tw/us/Charges","","","","","","14 Dex"
"https://poe2db.tw/us/Oberns_Bastion","https://cdn.poe2db.tw/image/Art/2DItems/Armours/Boots/Uniques/ObernsBastion.webp","Obern's Bastion","Stacked Sabatons","Requires:  , ,","Level 33","% increased  and","(150200)","—","Life Regeneration per second","(2025)","—","Armour","https://poe2db.tw/us/Armour","% increased","Evasion","https://poe2db.tw/us/Evasion","% reduced  Duration on you","200","Stun Recovery","https://poe2db.tw/us/Stun_Recovery","% reduced  Duration on you","(3050)","Chill","https://poe2db.tw/us/Chill","26 Str","—","Freeze","https://poe2db.tw/us/Freeze","(3050)","—","Shock","https://poe2db.tw/us/Shock","","","","","","26 Dex"
"https://poe2db.tw/us/Shankgonne","https://cdn.poe2db.tw/image/Art/2DItems/Armours/Boots/Uniques/Shankgonne.webp","Shankgonne","Covered Sabatons","Requires:  , ,","Level 45","% increased  and","(80100)","—","% increased  found","(1020)","—","Armour","https://poe2db.tw/us/Armour","% to","Evasion","https://poe2db.tw/us/Evasion","Gain  equal to % of","+(1525)","Rarity of Items","https://poe2db.tw/us/Item_Rarity","to","20","Fire Resistance","https://poe2db.tw/us/Resistances","34 Str","—","Deflection Rating","https://poe2db.tw/us/Deflect","+(200300)","—","Armour","https://poe2db.tw/us/Armour","Stun Threshold","https://poe2db.tw/us/Player_Stun_Threshold","","","Grants Skill: Level 11","34 Dex"
"https://poe2db.tw/us/Wake_of_Destruction","https://cdn.poe2db.tw/image/Art/2DItems/Armours/Boots/Uniques/WakeOfDestruction.webp","Wake of Destruction","Secured Leggings","Requires:  , ,","Level 16","% increased Movement Speed","10","—","% increased  and","(3060)","—","Armour","https://poe2db.tw/us/Armour","Adds  to   damage to","Energy Shield","https://poe2db.tw/us/Energy_Shield","Drop  while moving, lasting 8 seconds","1","Lightning","https://poe2db.tw/us/Lightning_Damage","","(3050)","Attacks","https://poe2db.tw/us/Attacks","14 Str","","Shocked Ground","https://poe2db.tw/us/Shocked_Ground","","","","","","","","","","14 Int"
"https://poe2db.tw/us/Decree_of_Flight","https://cdn.poe2db.tw/image/Art/2DItems/Armours/Boots/Uniques/BoundlessAuthority.webp","Decree of Flight","Ancient Leggings","Requires:  , ,","Level 65","% increased Movement Speed","30","—","% increased  and","(150200)","—","Armour","https://poe2db.tw/us/Armour","% faster Dodge Roll","Energy Shield","https://poe2db.tw/us/Energy_Shield","Gain  equal to % of missing  for 4 seconds when you Dodge Roll","(2030)","Guard","https://poe2db.tw/us/Guard","Maximum amount of  is based on maximum  instead","(1020)","Energy Shield","https://poe2db.tw/us/Energy_Shield","56 Str","—","Guard","https://poe2db.tw/us/Guard","","","Energy Shield","https://poe2db.tw/us/Energy_Shield","","","","","","56 Int"
"https://poe2db.tw/us/Ghostmarch","https://cdn.poe2db.tw/image/Art/2DItems/Armours/Boots/Uniques/Ghostmarch.webp","Ghostmarch","Threaded Shoes","Requires:  , ,","Level 16","% increased Movement Speed","15","—","% increased  and","(100150)","—","Evasion","https://poe2db.tw/us/Evasion","to maximum Mana","Energy Shield","https://poe2db.tw/us/Energy_Shield","% to","+(3050)","Chaos Resistance","https://poe2db.tw/us/Resistances","Dodge Roll passes through Enemies","+(1723)","","","14 Dex","—","","","","","","","","","","","","14 Int"
"https://poe2db.tw/us/Powertread","https://cdn.poe2db.tw/image/Art/2DItems/Armours/Boots/Uniques/Powertread.webp","Powertread","Hunting Shoes","Requires:  , ,","Level 33","% increased Movement Speed","(1520)","—","% increased  and","(6080)","—","Evasion","https://poe2db.tw/us/Evasion","to","Energy Shield","https://poe2db.tw/us/Energy_Shield","to Maximum","+(1020)","Intelligence","https://poe2db.tw/us/Intelligence","% increased  per","+1","Power Charges","https://poe2db.tw/us/Charges","26 Dex","—","Critical Damage Bonus","https://poe2db.tw/us/Critical_Damage_Bonus","12","","Power Charge","https://poe2db.tw/us/Charges","","","","","","26 Int"
"https://poe2db.tw/us/Beetlebite","https://cdn.poe2db.tw/image/Art/2DItems/Armours/Boots/Uniques/ChainsOfDeshret.webp","Beetlebite","Velour Shoes","Requires:  , ,","Level 52","% increased Movement Speed","(2030)","—","% increased  and","(60120)","—","Evasion","https://poe2db.tw/us/Evasion","on Enemies when they Enter your","Energy Shield","https://poe2db.tw/us/Energy_Shield","% increased  damage","100","Aggravate","https://poe2db.tw/us/Aggravated_Bleeding","","","Bleeding","https://poe2db.tw/us/Bleeding","38 Dex","","Presence","https://poe2db.tw/us/Presence","","","Thorns","https://poe2db.tw/us/Thorns","","","","","","38 Int"
"https://poe2db.tw/us/Dionadair","https://cdn.poe2db.tw/image/Art/2DItems/Offhand/Shields/Uniques/Dionadair.webp","Dionadair","Splintered Tower Shield","Requires:","Level 1","% increased","(6080)","—","to","+(1015)","—","Armour","https://poe2db.tw/us/Armour","Life Regeneration per second","Strength","https://poe2db.tw/us/Strength","% reduced","(35)","Stun Threshold","https://poe2db.tw/us/Player_Stun_Threshold","Double  while Shield is Raised","20","Stun Threshold","https://poe2db.tw/us/Player_Stun_Threshold","","—","","","","","","","","","","","Grants Skill:",""
"https://poe2db.tw/us/Wulfsbane","https://cdn.poe2db.tw/image/Art/2DItems/Offhand/Shields/Uniques/Wulfsbane.webp","Wulfsbane","Painted Tower Shield","Requires:  ,","Level 6","to maximum Life","+(4060)","—","to","+(1015)","—","Strength","https://poe2db.tw/us/Strength","to","Stun Threshold","https://poe2db.tw/us/Player_Stun_Threshold","Enemies on  for  seconds","+(6080)","Intimidate","https://poe2db.tw/us/Intimidate","","8","Block","https://poe2db.tw/us/Block","11 Str","—","","","","","","","","","","","Grants Skill:",""
"https://poe2db.tw/us/Doomgate","https://cdn.poe2db.tw/image/Art/2DItems/Offhand/Shields/Uniques/Doomgate.webp","Doomgate","Braced Tower Shield","Requires:  ,","Level 12","% increased  chance","(80100)","—","% increased","(100150)","—","Block","https://poe2db.tw/us/Block","% to","Armour","https://poe2db.tw/us/Armour","You take % of damage from","+(1317)","Chaos Resistance","https://poe2db.tw/us/Resistances","Enemies are  on","(2540)","Blocked","https://poe2db.tw/us/Block","19 Str","—","Hits","https://poe2db.tw/us/Hit_Damage","","—","Culled","https://poe2db.tw/us/Culling_Strike","Block","https://poe2db.tw/us/Block","","","Grants Skill:",""
"https://poe2db.tw/us/Window_to_Paradise","https://cdn.poe2db.tw/image/Art/2DItems/Offhand/Shields/Uniques/WindowToParadise.webp","Window to Paradise","Barricade Tower Shield","Requires:  ,","Level 16","% increased","(60120)","—","to maximum Mana","+(60100)","—","Armour","https://poe2db.tw/us/Armour","% to all","Elemental","https://poe2db.tw/us/Elemental_Damage_Types","Inflict   to Enemies 3 metres in front of youfor 4 seconds, every 0.25 seconds while raised","+(1015)","Resistances","https://poe2db.tw/us/Resistances","","","Elemental","https://poe2db.tw/us/Elemental_Damage_Types","25 Str","—","Exposure","https://poe2db.tw/us/Exposure","","","","","","","","","Grants Skill:",""
"https://poe2db.tw/us/Lycosidae","https://cdn.poe2db.tw/image/Art/2DItems/Offhand/Shields/Uniques/Lycosa.webp","Lycosidae","Rampart Tower Shield","Requires:  ,","Level 28","% increased  chance","(1015)","—","% increased","(60100)","—","Block","https://poe2db.tw/us/Block","Rating is Doubled","Armour","https://poe2db.tw/us/Armour","Damage  the Enemy as though dealing  Base  Damage","200","Accuracy","https://poe2db.tw/us/Accuracy","","","Blocking","https://poe2db.tw/us/Block","42 Str","","Poisons","https://poe2db.tw/us/Poison","","","Chaos","https://poe2db.tw/us/Chaos_Damage","","","","","Grants Skill:",""
"https://poe2db.tw/us/Redblade_Banner","https://cdn.poe2db.tw/image/Art/2DItems/Offhand/Shields/Uniques/RedbladeBanner.webp","Redblade Banner","Heraldric Tower Shield","Requires:  ,","Level 33","% increased  chance","(1015)","—","% increased","(60100)","—","Block","https://poe2db.tw/us/Block","to","Armour","https://poe2db.tw/us/Armour","to","+(2030)","Strength","https://poe2db.tw/us/Strength","Enemies in your  count as having double","+(100150)","Stun Threshold","https://poe2db.tw/us/Player_Stun_Threshold","48 Str","—","Presence","https://poe2db.tw/us/Presence","","—","Power","https://poe2db.tw/us/Monster_Power","","","","","Grants Skill:",""
"https://poe2db.tw/us/Svalinn","https://cdn.poe2db.tw/image/Art/2DItems/Offhand/Shields/Uniques/Svalinn.webp","Svalinn","Crucible Tower Shield","Requires:  ,","Level 60","to maximum","+(50100)","—","% increased","(200300)","—","Runic Ward","https://poe2db.tw/us/Runic_Ward","Chance to   is","Armour","https://poe2db.tw/us/Armour","You take % of damage from","(020)","Block","https://poe2db.tw/us/Block","","","Damage","https://poe2db.tw/us/Hit_Damage","64 Str","—","Lucky","https://poe2db.tw/us/Lucky","","","Blocked","https://poe2db.tw/us/Block","Hits","https://poe2db.tw/us/Hit_Damage","","","Grants Skill:",""
"https://poe2db.tw/us/Chernobogs_Pillar","https://cdn.poe2db.tw/image/Art/2DItems/Offhand/Shields/Uniques/ChernobogsPillar.webp","Chernobog's Pillar","Blacksteel Tower Shield","Requires:  ,","Level 65","% increased","(100150)","—","% to","+(3040)","—","Armour","https://poe2db.tw/us/Armour","% to","Fire Resistance","https://poe2db.tw/us/Resistances","to","+(2329)","Chaos Resistance","https://poe2db.tw/us/Resistances","% of damage as  damage per 1%","+(150200)","Stun Threshold","https://poe2db.tw/us/Player_Stun_Threshold","91 Str","—","Gain","https://poe2db.tw/us/Damage_Gained_as_extra_X","1","—","Fire","https://poe2db.tw/us/Fire_Damage","Chance to Block","https://poe2db.tw/us/Chance_to_Block","","","Grants Skill:",""
"https://poe2db.tw/us/Arvils_Wheel","https://cdn.poe2db.tw/image/Art/2DItems/Offhand/Shields/Uniques/ArvilsWheel.webp","Arvil's Wheel","Hardwood Targe","Requires:","Level 1","% increased  and","(60100)","—","to maximum Life","+(4060)","—","Armour","https://poe2db.tw/us/Armour","to maximum Mana","Evasion","https://poe2db.tw/us/Evasion","% of maximum Life on Kill","+(4060)","Lose","https://poe2db.tw/us/Life_Loss","Lose % of maximum Mana on Kill","1","","","","—","","","1","—","","","","","","","Grants Skill:",""
"https://poe2db.tw/us/Feathered_Fortress","https://cdn.poe2db.tw/image/Art/2DItems/Offhand/Shields/Uniques/FeatheredFortress.webp","Feathered Fortress","Crescent Targe","Requires:  , ,","Level 26","to","+(2030)","—","to","+(2030)","—","Strength","https://poe2db.tw/us/Strength","% to","Dexterity","https://poe2db.tw/us/Dexterity","% to","+(2030)","Fire Resistance","https://poe2db.tw/us/Resistances","No Movement Speed Penalty while Shield is Raised","+(2030)","Cold Resistance","https://poe2db.tw/us/Resistances","22 Str","—","","","","—","","","","","","","Grants Skill:","22 Dex"
"https://poe2db.tw/us/Alkem_Eira","https://cdn.poe2db.tw/image/Art/2DItems/Offhand/Shields/Uniques/AlkemEira.webp","Alkem Eira","Blazon Crest Shield","Requires:","Level 1","% increased  chance","(1520)","—","% increased  and","(3050)","—","Block","https://poe2db.tw/us/Block","to maximum Mana","Armour","https://poe2db.tw/us/Armour","Damage  is  as Mana","+(5070)","Energy Shield","https://poe2db.tw/us/Energy_Shield","","","Blocked","https://poe2db.tw/us/Block","","—","Recouped","https://poe2db.tw/us/Recoup","","","","","","","","","Grants Skill:",""
"https://poe2db.tw/us/Oaksworn","https://cdn.poe2db.tw/image/Art/2DItems/Offhand/Shields/Uniques/Oaksworn.webp","Oaksworn","Sigil Crest Shield","Requires:  , ,","Level 7","% increased  chance","(2030)","—","% increased  and","(80120)","—","Block","https://poe2db.tw/us/Block","% to","Armour","https://poe2db.tw/us/Armour","% increased Life Regeneration rate","+(1723)","Energy Shield","https://poe2db.tw/us/Energy_Shield","","50","Chaos Resistance","https://poe2db.tw/us/Resistances","8 Str","—","","","","","","","","","","","Grants Skill:","8 Int"
"https://poe2db.tw/us/Saffells_Frame","https://cdn.poe2db.tw/image/Art/2DItems/Offhand/Shields/Uniques/SaffelsFrame.webp","Saffell's Frame","Emblem Crest Shield","Requires:  , ,","Level 16","% to","+(1525)","—","% to","+(1525)","—","Fire Resistance","https://poe2db.tw/us/Resistances","% to","Cold Resistance","https://poe2db.tw/us/Resistances","Cannot Block","+(1525)","Lightning Resistance","https://poe2db.tw/us/Resistances","Modifiers to Maximum  Chance instead apply to","","Block","https://poe2db.tw/us/Block","15 Str","—","Maximum Resistances","https://poe2db.tw/us/Maximum_Resistances","","","","","","","","","Grants Skill:","15 Int"
"https://poe2db.tw/us/Crest_of_Ardura","https://cdn.poe2db.tw/image/Art/2DItems/Offhand/Shields/Uniques/CrestOfArdura.webp","Crest of Ardura","Jingling Crest Shield","Requires:  , ,","Level 28","% increased  and","(60100)","—","to","+(1020)","—","Armour","https://poe2db.tw/us/Armour","% increased Mana Regeneration Rate","Energy Shield","https://poe2db.tw/us/Energy_Shield","% increased","(3050)","Intelligence","https://poe2db.tw/us/Intelligence","","(3050)","Cooldown Recovery Rate","https://poe2db.tw/us/Cooldown_Recovery_Rate","23 Str","—","","","","—","","","","","","","Grants Skill:","23 Int"
"https://poe2db.tw/us/Mahuxotls_Machination","https://cdn.poe2db.tw/image/Art/2DItems/Offhand/Shields/Uniques/MahuxotlsMachination.webp","Mahuxotl's Machination","Omen Crest Shield","Requires:  , ,","Level 48","% increased effect of Socketed","(66333)","—","% increased  and","(333666)","—","Soul Cores","https://poe2db.tw/us/Soul_Core","","Armour","https://poe2db.tw/us/Armour","","","Energy Shield","https://poe2db.tw/us/Energy_Shield","","","Everlasting Sacrifice","https://poe2db.tw/us/Everlasting_Sacrifice","30 Str","","","","","","","","","","","","Grants Skill:","30 Int"
"https://poe2db.tw/us/Rise_of_the_Phoenix","https://cdn.poe2db.tw/image/Art/2DItems/Offhand/Shields/Crest06.webp","Rise of the Phoenix","Omen Crest Shield","Requires:  , ,","Level 36","% to","+5","—","% to","+(2025)","","Maximum Fire Resistance","https://poe2db.tw/us/Maximum_Resistances","% to  while on","Fire Resistance","https://poe2db.tw/us/Resistances","Regenerate % of maximum Life per second","+25","Fire Resistance","https://poe2db.tw/us/Resistances","Regenerate % of maximum Life per second while on","3","Low Life","https://poe2db.tw/us/Low_Life","30 Str","","Low Life","https://poe2db.tw/us/Low_Life","3","","","","","","","","Grants Skill:","30 Int"
"https://poe2db.tw/us/Dunkelhalt","https://cdn.poe2db.tw/image/Art/2DItems/Offhand/Shields/Uniques/Dunkelhalt.webp","Dunkelhalt","Leather Buckler","Requires:","Level 1","% increased  chance","(2030)","—","to  Rating","+(2030)","—","Block","https://poe2db.tw/us/Block","You take % of damage from","Evasion","https://poe2db.tw/us/Evasion","% increased","50","Blocked","https://poe2db.tw/us/Block","","50","Hits","https://poe2db.tw/us/Hit_Damage","","","Parried Debuff","https://poe2db.tw/us/Parried","","","Magnitude","https://poe2db.tw/us/Buff_Debuff_Magnitude","","","","","Grants Skill:",""
"https://poe2db.tw/us/Nocturne","https://cdn.poe2db.tw/image/Art/2DItems/Offhand/Shields/Uniques/Nocturne.webp","Nocturne","Wooden Buckler","Requires:  ,","Level 5","to maximum Mana","+(6080)","—","% to all","+(1015)","—","Elemental","https://poe2db.tw/us/Elemental_Damage_Types","% increased  Rating","Resistances","https://poe2db.tw/us/Resistances","enemies take more  Damage instead of more  Damage","20","Accuracy","https://poe2db.tw/us/Accuracy","% increased  Duration","100","Parried","https://poe2db.tw/us/Parried","10 Dex","","Spell","https://poe2db.tw/us/Spells","","","Attack","https://poe2db.tw/us/Attacks","Parried Debuff","https://poe2db.tw/us/Parried","","","Grants Skill:",""
"https://poe2db.tw/us/Rondel_de_Ezo","https://cdn.poe2db.tw/image/Art/2DItems/Offhand/Shields/Uniques/RondelDeEzo.webp","Rondel de Ezo","Plated Buckler","Requires:  ,","Level 11","% increased  Rating","(50150)","—","to","+(1020)","—","Evasion","https://poe2db.tw/us/Evasion","Life Regeneration per second","Dexterity","https://poe2db.tw/us/Dexterity","% increased  chance against","5","Block","https://poe2db.tw/us/Block","Enemies with  on","100","Projectiles","https://poe2db.tw/us/Projectile","18 Dex","","Curse","https://poe2db.tw/us/Curses","","","Enfeeble","https://poe2db.tw/us/Enfeeble","Block","https://poe2db.tw/us/Block","","","Grants Skill:",""
"https://poe2db.tw/us/Bloodbarrier","https://cdn.poe2db.tw/image/Art/2DItems/Offhand/Shields/Uniques/BloodBarrier.webp","Bloodbarrier","Iron Buckler","Requires:  ,","Level 16","% increased  chance","(1015)","—","% to","+(1317)","—","Block","https://poe2db.tw/us/Block","Life Regeneration per second","Chaos Resistance","https://poe2db.tw/us/Resistances","Inflict  for  seconds on , dealing % ofyour maximum Life as  damage per second","(510)","Corrupted Blood","https://poe2db.tw/us/Corrupted_Blood","","5","Block","https://poe2db.tw/us/Block","25 Dex","—","Physical","https://poe2db.tw/us/Physical_Damage","50","","","","","","","","Grants Skill:",""
"https://poe2db.tw/us/Kaltenhalt","https://cdn.poe2db.tw/image/Art/2DItems/Offhand/Shields/Uniques/Kaltenhalt.webp","Kaltenhalt","Ridged Buckler","Requires:  ,","Level 22","% increased  Rating","(80120)","—","% to","+5","","Evasion","https://poe2db.tw/us/Evasion","% to","Maximum Cold Resistance","https://poe2db.tw/us/Maximum_Resistances","Modifiers to  Buildup apply to  Buildup instead for Parry","+40","Cold Resistance","https://poe2db.tw/us/Resistances","% of Parry  Damage Converted to  Damage","100","Stun","https://poe2db.tw/us/Stun","33 Dex","","Freeze","https://poe2db.tw/us/Freeze","25","","Physical","https://poe2db.tw/us/Physical_Damage","Cold","https://poe2db.tw/us/Cold_Damage","Cold","https://poe2db.tw/us/Cold_Damage","Grants Skill:",""
"https://poe2db.tw/us/Silverthorne","https://cdn.poe2db.tw/image/Art/2DItems/Offhand/Shields/Uniques/Silverthorne.webp","Silverthorne","Spiked Buckler","Requires:  ,","Level 26","% increased  Rating","(60100)","—","% to all","+(1015)","—","Evasion","https://poe2db.tw/us/Evasion","applies  Stacks of","Elemental","https://poe2db.tw/us/Elemental_Damage_Types","% increased  Damage","10","Resistances","https://poe2db.tw/us/Resistances","","100","Parrying","https://poe2db.tw/us/Parry","38 Dex","","Critical Weakness","https://poe2db.tw/us/Critical_Weakness","","","Parry","https://poe2db.tw/us/Parry","","","","","Grants Skill:",""
"https://poe2db.tw/us/Calgyras_Arc","https://cdn.poe2db.tw/image/Art/2DItems/Offhand/Shields/Uniques/CalgyrasArc.webp","Calgyra's Arc","Ornate Buckler","Requires:  ,","Level 52","% increased  Rating","(60100)","—","to maximum Mana","+(60100)","—","Evasion","https://poe2db.tw/us/Evasion","to","Intelligence","https://poe2db.tw/us/Intelligence","Infinite  Range","+(1020)","Parry","https://poe2db.tw/us/Parry","% increased  Duration","50","Parried Debuff","https://poe2db.tw/us/Parried","74 Dex","—","","","","","","","","","","","Grants Skill:",""
"https://poe2db.tw/us/Sunsplinter","https://cdn.poe2db.tw/image/Art/2DItems/Offhand/Shields/Uniques/Sunsplinter.webp","Sunsplinter","Array Buckler","Requires:  ,","Level 55","% increased  Rating","(100300)","—","to Level of all  Skills","+1","","Evasion","https://poe2db.tw/us/Evasion","to Level of all  Skills","Fire","https://poe2db.tw/us/Fire_Damage","to Level of all  Skills","+2","Cold","https://poe2db.tw/us/Cold_Damage","% to","+3","Lightning","https://poe2db.tw/us/Lightning_Damage","78 Dex","","Maximum Fire Resistance","https://poe2db.tw/us/Maximum_Resistances","+1","","Maximum Cold Resistance","https://poe2db.tw/us/Maximum_Resistances","Maximum Lightning Resistance","https://poe2db.tw/us/Maximum_Resistances","","","Grants Skill:",""
"https://poe2db.tw/us/Deathrattle","https://cdn.poe2db.tw/image/Art/2DItems/Offhand/Foci/Uniques/DeathRattle.webp","Deathrattle","Twig Focus","Requires:","Level 1","to maximum","+(1020)","—","% increased  Damage","(2040)","—","Energy Shield","https://poe2db.tw/us/Energy_Shield","to","Spell","https://poe2db.tw/us/Spells","% chance for  to start when you Kill an Enemy","+(510)","Intelligence","https://poe2db.tw/us/Intelligence","","20","Energy Shield Recharge","https://poe2db.tw/us/Energy_Shield_Recharge","","—","","","","","","","","","","","",""
"https://poe2db.tw/us/Threaded_Light","https://cdn.poe2db.tw/image/Art/2DItems/Offhand/Foci/Uniques/ThreadedLight.webp","Threaded Light","Woven Focus","Requires:  ,","Level 6","% increased","(5070)","—","% increased Mana Regeneration Rate","(3040)","—","Energy Shield","https://poe2db.tw/us/Energy_Shield","% increased","Light Radius","https://poe2db.tw/us/Light_Radius","% increased  Damage per 10","20","Spell","https://poe2db.tw/us/Spells","","(812)","Spirit","https://poe2db.tw/us/Spirit","11 Int","—","","","","","","","","","","","",""
"https://poe2db.tw/us/Effigy_of_Cruelty","https://cdn.poe2db.tw/image/Art/2DItems/Offhand/Foci/Uniques/EffigyOfCruelty.webp","Effigy of Cruelty","Antler Focus","Requires:  ,","Level 10","to maximum","+(2030)","—","% increased  Damage","(4050)","—","Energy Shield","https://poe2db.tw/us/Energy_Shield","to","Spell","https://poe2db.tw/us/Spells","% to","+10","Intelligence","https://poe2db.tw/us/Intelligence","with  apply  Stacks of","+(713)","Chaos Resistance","https://poe2db.tw/us/Resistances","17 Int","—","Critical Hits","https://poe2db.tw/us/Critical_Hits","(13)","—","Spells","https://poe2db.tw/us/Spells","Critical Weakness","https://poe2db.tw/us/Critical_Weakness","","","",""
"https://poe2db.tw/us/Carrion_Call","https://cdn.poe2db.tw/image/Art/2DItems/Offhand/Foci/Uniques/CarrionCall.webp","Carrion Call","Engraved Focus","Requires:  ,","Level 16","to maximum","+(3040)","—","have % increased maximum Life","(2030)","—","Energy Shield","https://poe2db.tw/us/Energy_Shield","% increased Mana Regeneration Rate","Minions","https://poe2db.tw/us/Minions","deal % increased Damage","(2030)","Minions","https://poe2db.tw/us/Minions","are equal to yours","(2030)","Minions'","https://poe2db.tw/us/Minions","25 Int","—","Resistances","https://poe2db.tw/us/Resistances","","—","","","","","","","",""
"https://poe2db.tw/us/Serpents_Lesson","https://cdn.poe2db.tw/image/Art/2DItems/Offhand/Foci/Uniques/TonesOfFate.webp","Serpent's Lesson","Tonal Focus","Requires:  ,","Level 22","to maximum Life","+(60100)","—","to maximum Mana","+(60100)","—","Low Life","https://poe2db.tw/us/Low_Life","You count as on  while at % of maximum Mana or below","Low Mana","https://poe2db.tw/us/Low_Mana","You count as on  while at % of maximum Life or below","35","","","","35","","","33 Int","","","","","","","","","","","","",""
"https://poe2db.tw/us/The_Eternal_Spark","https://cdn.poe2db.tw/image/Art/2DItems/Offhand/Foci/Uniques/EternalSpark.webp","The Eternal Spark","Crystal Focus","Requires:  ,","Level 26","% increased","(5070)","—","% to","+5","—","Energy Shield","https://poe2db.tw/us/Energy_Shield","% to","Maximum Lightning Resistance","https://poe2db.tw/us/Maximum_Resistances","% increased Mana Regeneration Rate","+(2030)","Lightning Resistance","https://poe2db.tw/us/Resistances","% increased Mana Regeneration Rate while stationary","40","","","38 Int","","","","40","","","","","","","","",""
"https://poe2db.tw/us/Apeps_Supremacy","https://cdn.poe2db.tw/image/Art/2DItems/Offhand/Foci/Uniques/ApepsSupremacy.webp","Apep's Supremacy","Voodoo Focus","Requires:  ,","Level 33","% increased","(100200)","—","% increased","(3050)","—","Energy Shield","https://poe2db.tw/us/Energy_Shield","% of  damage from  taken as  damage","Energy Shield Recharge Rate","https://poe2db.tw/us/Energy_Shield_Recharge_Rate","% chance to be","20","Elemental","https://poe2db.tw/us/Elemental_Damage_Types","% chance to  on  with  Damage","+25","Hits","https://poe2db.tw/us/Hit_Damage","48 Int","","Chaos","https://poe2db.tw/us/Chaos_Damage","100","","Poisoned","https://poe2db.tw/us/Poison","Poison","https://poe2db.tw/us/Poison","Hit","https://poe2db.tw/us/Hit_Damage","",""
"https://poe2db.tw/us/Tabula_Rasa","https://cdn.poe2db.tw/image/Art/2DItems/Armours/BodyArmours/Uniques/TabulaRasa.webp","Tabula Rasa","Garment","Requires:","Level 1","Has 6 Jewel Sockets (Hidden)","","","","","","","","","","","","","","","","","","","","","","","","","","","","","","","",""
"https://poe2db.tw/us/Skin_of_the_Loyal","https://cdn.poe2db.tw/image/Art/2DItems/Armours/BodyArmours/Uniques/SkinOfTheLoyal.webp","Skin of the Loyal","Garment","Requires:","Level 1","% to all","+(540)","—","is increased by","","","Elemental","https://poe2db.tw/us/Elemental_Damage_Types","is increased by","Resistances","https://poe2db.tw/us/Resistances","is increased by","","Elemental Ailment Threshold","https://poe2db.tw/us/Elemental_Ailment_Threshold","Rating is increased by","","Uncapped","https://poe2db.tw/us/Uncapped_Resistance","","","Chaos Resistance","https://poe2db.tw/us/Resistances","","","Armour","https://poe2db.tw/us/Armour","Uncapped","https://poe2db.tw/us/Uncapped_Resistance","Fire Resistance","https://poe2db.tw/us/Resistances","",""
"https://poe2db.tw/us/Morior_Invictus","https://cdn.poe2db.tw/image/Art/2DItems/Armours/BodyArmours/Uniques/MoriorInvictus_M.webp","Morior Invictus","Grand Regalia","Requires:  , , ,","Level 65","% increased ,  and","(300400)","—","[3 Random Socket Modifiers]","","","Armour","https://poe2db.tw/us/Armour","Has 4 Augment Sockets (Hidden)","Evasion","https://poe2db.tw/us/Evasion","","","Energy Shield","https://poe2db.tw/us/Energy_Shield","","","","","41 Str","","","","","","","","","","","","","41 Dex"
"https://poe2db.tw/us/Atziris_Splendour","https://cdn.poe2db.tw/image/Art/2DItems/Armours/BodyArmours/Uniques/AtzirisSplendour.webp","Atziri's Splendour","Sacrificial Regalia","Requires:","Level 65","Only  can be Socketed in this item","(80120)","—","Has no  Requirements","+(1020)","—","Soul Cores","https://poe2db.tw/us/Soul_Core","% increased ,  and","Attribute","https://poe2db.tw/us/Attributes","% to all","50","Armour","https://poe2db.tw/us/Armour","Skills from  Gems have % of Mana Costs  to Life Costs","","Evasion","https://poe2db.tw/us/Evasion","","","Energy Shield","https://poe2db.tw/us/Energy_Shield","","","Elemental","https://poe2db.tw/us/Elemental_Damage_Types","Resistances","https://poe2db.tw/us/Resistances","Corrupted","https://poe2db.tw/us/Corrupted_Items","to Level of all  Skill Gems",""
"https://poe2db.tw/us/Solus_Ipse","https://cdn.poe2db.tw/image/Art/2DItems/Armours/Helmets/Uniques/SolusIpse.webp","Solus Ipse","Grand Visage","Requires:  , , ,","Level 65","% increased ,  and","(150200)","—","to maximum Mana","+(60100)","—","Armour","https://poe2db.tw/us/Armour","% increased","Evasion","https://poe2db.tw/us/Evasion","Equipment and Skill Gems have % increased  Requirements","25","Energy Shield","https://poe2db.tw/us/Energy_Shield","You can Socket  additional copies of each Lineage , in different Skills","25","Light Radius","https://poe2db.tw/us/Light_Radius","36 Str","","Attribute","https://poe2db.tw/us/Attributes","2","","Support Gem","https://poe2db.tw/us/Support_Gems","","","","","","36 Dex"
"https://poe2db.tw/us/Sine_Aequo","https://cdn.poe2db.tw/image/Art/2DItems/Armours/Gloves/Uniques/SineAequo.webp","Sine Aequo","Grand Manchettes","Requires:  , , ,","Level 65","% increased","(1015)","—","% increased ,  and","(150200)","—","Skill Speed","https://poe2db.tw/us/Skill_Speed","enemies at % buildup instead of 100%","Armour","https://poe2db.tw/us/Armour","% increased Damage against  Enemies","50","Evasion","https://poe2db.tw/us/Evasion","","(3050)","Energy Shield","https://poe2db.tw/us/Energy_Shield","32 Str","—","Immobilise","https://poe2db.tw/us/Immobilised","","","Immobilised","https://poe2db.tw/us/Immobilised","","","","","","32 Dex"
"https://poe2db.tw/us/Ab_Aeterno","https://cdn.poe2db.tw/image/Art/2DItems/Armours/Boots/Uniques/AbAeterno.webp","Ab Aeterno","Grand Cuisses","Requires:  , , ,","Level 65","% increased Movement Speed","(1530)","—","% increased ,  and","(200250)","—","Armour","https://poe2db.tw/us/Armour","Dodge Roll avoids all","Evasion","https://poe2db.tw/us/Evasion","Gain  for 4 seconds when you Dodge Roll","","Energy Shield","https://poe2db.tw/us/Energy_Shield","Your speed is  by  while Sprinting","","Hits","https://poe2db.tw/us/Hit_Damage","34 Str","","Overencumbrance","https://poe2db.tw/us/Overencumbered","","","Unaffected","https://poe2db.tw/us/Unaffected","Slows","https://poe2db.tw/us/Slow","","","","34 Dex"
"https://poe2db.tw/us/Volls_Protector","https://cdn.poe2db.tw/image/Art/2DItems/Armours/BodyArmours/Uniques/VollsProtector.webp","Voll's Protector","Plated Vestments","Requires:  , ,","Level 59","% increased  and","(150200)","—","% reduced maximum Mana","25","—","Armour","https://poe2db.tw/us/Armour","% to","Energy Shield","https://poe2db.tw/us/Energy_Shield","% chance to gain a  on","+(1317)","Chaos Resistance","https://poe2db.tw/us/Resistances","","25","Power Charge","https://poe2db.tw/us/Charges","52 Str","","Critical Hit","https://poe2db.tw/us/Critical_Hits","","","","","","","","","","52 Int"
"https://poe2db.tw/us/Forgotten_Warden","https://cdn.poe2db.tw/image/Art/2DItems/Armours/BodyArmours/Uniques/TheAncientOrder.webp","Forgotten Warden","Primal Markings","Requires:  , ,","Level 70","to  per 50 missing","+(70100)","—","% increased  and","(200300)","—","Deflection Rating","https://poe2db.tw/us/Deflect","to","Energy Shield","https://poe2db.tw/us/Energy_Shield","have % increased maximum Life","+(2030)","Evasion","https://poe2db.tw/us/Evasion","% of Damage from   is taken from Damageable 's Life before you","(3050)","Energy Shield","https://poe2db.tw/us/Energy_Shield","67 Dex","—","Dexterity","https://poe2db.tw/us/Dexterity","(1015)","—","Companions","https://poe2db.tw/us/Companions","Deflected","https://poe2db.tw/us/Deflect","Hits","https://poe2db.tw/us/Hit_Damage","Grants Skill: Level 16","67 Int"
"https://poe2db.tw/us/The_Masters_Reach","https://cdn.poe2db.tw/image/Art/2DItems/Armours/Gloves/Uniques/Darkreach.webp","The Master's Reach","Tethering Bands","Requires:  , ,","Level 65","% increased  and","(200300)","—","to maximum Life","+(75125)","—","Armour","https://poe2db.tw/us/Armour","to","Energy Shield","https://poe2db.tw/us/Energy_Shield","against  enemies","+(1525)","Intelligence","https://poe2db.tw/us/Intelligence","when you  an enemy with an","(80100)","Reveal Weaknesses","https://poe2db.tw/us/Revealing_Weaknesses","55 Str","—","Rare and Unique","https://poe2db.tw/us/Rarity","","—","Eat a Soul","https://poe2db.tw/us/Eaten_Souls","Hit","https://poe2db.tw/us/Hit_Damage","Open Weakness","https://poe2db.tw/us/Revealing_Weaknesses","Grants Skill: Level 15","55 Int"
"https://poe2db.tw/us/Atziris_Step","https://cdn.poe2db.tw/image/Art/2DItems/Armours/Boots/Uniques/AtzirisStep.webp","Atziri's Step","Cinched Boots","Requires:  ,","Level 65","% increased Movement Speed","30","—","% increased  Rating","(80120)","—","Evasion","https://poe2db.tw/us/Evasion","to maximum Life","Deflection Rating","https://poe2db.tw/us/Deflect","Gain  equal to % of","+(70100)","Evasion Rating","https://poe2db.tw/us/Evasion","% to amount of  Prevented by","(4060)","Damage","https://poe2db.tw/us/Hit_Damage","86 Dex","—","Deflection","https://poe2db.tw/us/Deflect","(-12-6)","—","Light Stunned","https://poe2db.tw/us/Light_Stun","Deflected","https://poe2db.tw/us/Deflect","Hits","https://poe2db.tw/us/Hit_Damage","",""
"https://poe2db.tw/us/The_Surrender","https://cdn.poe2db.tw/image/Art/2DItems/Offhand/Shields/Uniques/TheSurrender.webp","The Surrender","Vaal Tower Shield","Requires:  ,","Level 75","% increased  chance","(4060)","—","% increased","(150200)","—","Block","https://poe2db.tw/us/Block","to","Armour","https://poe2db.tw/us/Armour","Recover % of maximum Life when you","+(150200)","Stun Threshold","https://poe2db.tw/us/Player_Stun_Threshold","","4","Block","https://poe2db.tw/us/Block","107 Str","—","","","","","","","","","","","Grants Skill:",""
"https://poe2db.tw/us/Nightfall","https://cdn.poe2db.tw/image/Art/2DItems/Offhand/Shields/Uniques/TulShield.webp","Nightfall","Glacial Fortress","Requires:  ,","Level 70","Requirement","+150","—","% increased  chance","(1020)","—","Strength","https://poe2db.tw/us/Strength","% increased","Block","https://poe2db.tw/us/Block","% to","(350450)","Armour","https://poe2db.tw/us/Armour","% of  damage taken as  damage","+(3040)","Cold Resistance","https://poe2db.tw/us/Resistances","","—","Fire","https://poe2db.tw/us/Fire_Damage","(1020)","—","Cold","https://poe2db.tw/us/Cold_Damage","Lightning","https://poe2db.tw/us/Lightning_Damage","Cold","https://poe2db.tw/us/Cold_Damage","Grants Skill:",""
"https://poe2db.tw/us/Eyes_of_the_Runefather","https://cdn.poe2db.tw/image/Art/2DItems/Offhand/Shields/Uniques/Vindromyr.webp","Eyes of the Runefather","Venerable Defender","Requires:  , ,","Level 62","% increased  and","(300400)","—","% to","+(4050)","—","Armour","https://poe2db.tw/us/Armour","Inflicts  on enemies  metres in front of you when raised, no more than once every 2 seconds","Evasion","https://poe2db.tw/us/Evasion","Gain 1  per  of targets affected by  you kill","6","Cold Resistance","https://poe2db.tw/us/Resistances","Off-hand  inflict","","Runefather's Challenge","https://poe2db.tw/us/Runefathers_Challenge","64 Str","","Runefather's Boast","https://poe2db.tw/us/Runefathers_Boast","","","Power","https://poe2db.tw/us/Monster_Power","Runefather's Challenge","https://poe2db.tw/us/Runefathers_Challenge","Hits","https://poe2db.tw/us/Hit_Damage","Grants Skill:","64 Dex"
"https://poe2db.tw/us/Prism_Guardian","https://cdn.poe2db.tw/image/Art/2DItems/Offhand/Shields/Uniques/PrismGuardian.webp","Prism Guardian","Intricate Crest Shield","Requires:  , ,","Level 65","% increased  and","(150200)","—","to","+50","—","Armour","https://poe2db.tw/us/Armour","to","Energy Shield","https://poe2db.tw/us/Energy_Shield","% to all","+(2030)","Spirit","https://poe2db.tw/us/Spirit","% increased    of  Skills per 100 Maximum Life","+(1020)","Dexterity","https://poe2db.tw/us/Dexterity","50 Str","—","Elemental","https://poe2db.tw/us/Elemental_Damage_Types","1","","Resistances","https://poe2db.tw/us/Resistances","Spirit","https://poe2db.tw/us/Spirit","Reservation","https://poe2db.tw/us/Reservation","Grants Skill:","50 Int"
"https://poe2db.tw/us/Rathpith_Globe","https://cdn.poe2db.tw/image/Art/2DItems/Offhand/Foci/Uniques/RathpithGlobe.webp","Rathpith Globe","Sacred Focus","Requires:  ,","Level 75","% increased","(60100)","—","to maximum Life","+(60100)","—","Energy Shield","https://poe2db.tw/us/Energy_Shield","Non-  cost an additional % of your maximum Life","Channelling","https://poe2db.tw/us/Channelling","Non-  have % increased  per 100 maximum Life","6","Spells","https://poe2db.tw/us/Spells","Non-  deal % increased Damage per 100 maximum Life","3","Channelling","https://poe2db.tw/us/Channelling","107 Int","","Spells","https://poe2db.tw/us/Spells","6","","Critical Hit Chance","https://poe2db.tw/us/Critical_Hits","Channelling","https://poe2db.tw/us/Channelling","Spells","https://poe2db.tw/us/Spells","",""
