web_scraper_order,web_scraper_start_url,data,data2,data3,data4,data5,data6,data7,data8,data9,data10,data11,data12,data13,data14,data15,data16,data17,data18,data19,data20,data21,data22,data23,data24,data25,data26,data27,data28,data29,data30,data31,data32,data33,data34,data35,data36,data37,data38,data39,data40,data41,data42,data43,data44,data45,data46,data47,data48,data49,image
"1788936811-1","https://poe2db.tw/us/Gem#ItemSkillGemsSummary","Spell","","Firebolt","","FireboltSpell, AoE, Projectile, Fire, RepeatableLaunch a fiery Projectile towards a target. The Projectile explodes on impact, damaging foes in a small area.","","","Spell, AoE, Projectile, Fire, Repeatable","","","","","","","","","","","","Repeatable","","","","","","","","","","","","","","","","","","","","Fire","","","AoE","","","Projectile","","","","https://cdn.poe2db.tw/image/Art/2DArt/SkillIcons/FireballSkillStaff.webp"
"1788936811-2","https://poe2db.tw/us/Gem#ItemSkillGemsSummary","Attack","","","","Molten CrashAttack, Shapeshift, Bear, AoE, Melee, Slam, TravelShapeshift into a burning monstrosity and leap through the air to crash down upon the earth, Slamming twice and creating Molten Fissures. Consumes Rage to create additional Molten Fissures.","Molten Crash","","Attack, Shapeshift, Bear, AoE, Melee, Slam, Travel","","","","","","","","","","","","","","","","Consumes","","","","","","","","","","","Travel","","","","","","","","AoE","","","","","Melee","","https://cdn.poe2db.tw/image/Art/2DArt/SkillIcons/VesselofWrath.webp"
"1788936811-3","https://poe2db.tw/us/Gem#ItemSkillGemsSummary","Spell","","Volatile Dead","","Volatile DeadSpell, AoE, Fire, RepeatableConsume a Corpse to create a volatile core that seeks out enemies and Ignites enemies near it. The core explodes at the end of its duration.","","","Spell, AoE, Fire, Repeatable","","","","","","","","","","","","Repeatable","","","","","","","","","","","","","","","","","","","Corpse","Fire","","","AoE","","","","","","","https://cdn.poe2db.tw/image/Art/2DArt/SkillIcons/VolatileDeadWeaponSkill.webp"
"1788936811-4","https://poe2db.tw/us/Gem#ItemSkillGemsSummary","Spell","","Spark","","SparkSpell, Projectile, Lightning, Duration, RepeatableLaunch a spray of sparking Projectiles that travel erratically along the ground until they hit an enemy or expire. Consumes a Cold Infusion if possible to fire many sparks in a circle.","","","Spell, Projectile, Lightning, Duration, Repeatable","","","","","","","Infusion","","","","Lightning","Repeatable","","","","Consumes","","","Cold","","","","","","","Duration","","","","","","","","","","","","Projectile","","","","https://cdn.poe2db.tw/image/Art/2DArt/SkillIcons/SorceressSpark.webp"
"1788936811-5","https://poe2db.tw/us/Gem#ItemSkillGemsSummary","Spell","","Spark","","SparkSpell, Projectile, Trigger, Lightning, Cold, Duration, RepeatableLaunch a spray of sparking Projectiles that travel erratically along the ground until they hit an enemy or expire. Consumes a Cold Infusion if possible to fire many sparks in a circle.","","","Spell, Projectile, Trigger, Lightning, Cold, Duration, Repeatable","","","","","","","Infusion","","","","Lightning","Repeatable","","","","Consumes","","","Cold","","","","Cold","","","Duration","","","","","","","Trigger","","","","","Projectile","","","","https://cdn.poe2db.tw/image/Art/2DArt/SkillIcons/SorceressSpark.webp"
"1788936811-6","https://poe2db.tw/us/Gem#ItemSkillGemsSummary","Spell","","Enervating Nova","","Enervating NovaSpell, AoE, Lightning, Duration, Nova, RepeatableUnleash a Nova of Lightning damage to Electrocute enemies. Enemies close to you take no damage while enemies at the edge of the ring take significantly more damage. Enemies Hit can be Electrocuted by all Lightning damage for a short duration.","","","Spell, AoE, Lightning, Duration, Nova, Repeatable","","","Nova","","","","","","","","Lightning","Repeatable","","","","","","","","","","","","","","Duration","","","","","","","","","AoE","","","","","","","https://cdn.poe2db.tw/image/Art/2DArt/SkillIcons/EnervatingNovaWeaponSkill.webp"
"1788936811-7","https://poe2db.tw/us/Gem#ItemSkillGemsSummary","Spell","","Power Siphon","","Power SiphonSpell, PhysicalAttempt to rip the lifeforce from an enemy. Enemies within Culling range will be highlighted and instantly killed on Hit, granting a Power Charge. Can only target Enemies in Culling range.","","","Spell, Physical","","","","","","","","","","","","","","","","","","Physical","","Power Charge","","","","","","","","","","","","","","","","","","","","","","https://cdn.poe2db.tw/image/Art/2DArt/SkillIcons/PowerSiphonWeaponSkill.webp"
"1788936811-8","https://poe2db.tw/us/Gem#ItemSkillGemsSummary","Buff","","Discipline","","DisciplineBuff, Persistent, AuraEmit an Aura that grants you and Allies in your Presence additional Total Energy Shield.","","","Buff, Persistent, Aura","","","","Presence","","","","","","","","","","","","","","","","","Persistent","Allies","","","","","","Energy Shield","Aura","Aura","","","","","","","","","","","","https://cdn.poe2db.tw/image/Art/2DArt/SkillIcons/DisciplineWeaponSkill.webp"
"1788936811-9","https://poe2db.tw/us/Gem#ItemSkillGemsSummary","Spell","","","","Valako's ChargeSpell, AoE, Trigger, Lightning, ChainingWhile active, taking Lightning damage builds up charge on you. Reaching full charge expends all charge to Trigger this skill, creating a Chaining lightning bolt that arcs to nearby enemies.","Valako's Charge","","Spell, AoE, Trigger, Lightning, Chaining","","","","","","","","","","","Lightning","","","Chaining","","","Chaining","","","","","","","","","","","","","","","","Trigger","","AoE","","","","","","","https://cdn.poe2db.tw/image/Art/2DArt/SkillIcons/ValakosLuckLightningCoilSkill.webp"
"1788936811-10","https://poe2db.tw/us/Gem#ItemSkillGemsSummary","Buff","","Arctic Armour","","Arctic ArmourBuff, Spell, Persistent, Sustained, Cold, StagedWhile active, conjures an icy barrier that gains stages over time. While the barrier has stages, Melee Attacks that hit you will remove a stage to cause a burst of ice that deals Cold Spell damage to the attacker.","","","Buff, Spell, Persistent, Sustained, Cold, Staged","","","","","","Sustained","","Staged","","","","","","","","","","","Cold","","Persistent","","Cold","","","","","","","","","","","","","","","","","","","https://cdn.poe2db.tw/image/Art/2DArt/SkillIcons/SorceressArcticArmour.webp"
"1788936811-11","https://poe2db.tw/us/Gem#ItemSkillGemsSummary","Buff","Fire Resistance","Purity of Fire","","Purity of FireBuff, Persistent, Aura, FireEmit an Aura that boosts the Fire Resistance of you and Allies in your Presence.","","","Buff, Persistent, Aura, Fire","","","","Presence","","","","","","","","","","","","","","","","","Persistent","Allies","","","","","","","Aura","Aura","","Fire","","","","","","","","","","https://cdn.poe2db.tw/image/Art/2DArt/SkillIcons/PurityofFireWeaponSkill.webp"
"1788936811-12","https://poe2db.tw/us/Gem#ItemSkillGemsSummary","Buff","Cold Resistance","Purity of Ice","","Purity of IceBuff, Persistent, Aura, ColdEmit an Aura that boosts the Cold Resistance of you and Allies in your Presence.","","","Buff, Persistent, Aura, Cold","","","","Presence","","","","","","","","","","","","","","","","","Persistent","Allies","Cold","","","","","","Aura","Aura","","","","","","","","","","","","https://cdn.poe2db.tw/image/Art/2DArt/SkillIcons/PurityofColdWeaponSkill.webp"
"1788936811-13","https://poe2db.tw/us/Gem#ItemSkillGemsSummary","Buff","Lightning Resistance","Purity of Lightning","","Purity of LightningBuff, Persistent, Aura, LightningEmit an Aura that boosts the Lightning Resistance of you and Allies in your Presence.","","","Buff, Persistent, Aura, Lightning","","","","Presence","","","","","","","Lightning","","","","","","","","","","Persistent","Allies","","","","","","","Aura","Aura","","","","","","","","","","","","https://cdn.poe2db.tw/image/Art/2DArt/SkillIcons/PurityofLightningWeaponSkill.webp"
"1788936811-14","https://poe2db.tw/us/Gem#ItemSkillGemsSummary","Buff","Chaos Resistance","Impurity","","ImpurityBuff, Persistent, Aura, ChaosEmit an Aura that boosts the Chaos Resistance of you and Allies in your Presence.","","","Buff, Persistent, Aura, Chaos","","","","Presence","","","","","","","","","Chaos","","","","","","","","Persistent","Allies","","","","","","","Aura","Aura","","","","","","","","","","","","https://cdn.poe2db.tw/image/Art/2DArt/SkillIcons/PurityofChaosWeaponSkill.webp"
"1788936811-15","https://poe2db.tw/us/Gem#ItemSkillGemsSummary","Buff","","","","Herald of AshBuff, Persistent, AoE, Fire, Duration, HeraldWhile active, enemies you sufficiently Overkill with non-Herald Attacks will cause an explosion that Ignites nearby enemies based on the Overkill damage dealt.","","","Buff, Persistent, AoE, Fire, Duration, Herald","Herald","Herald","","","","","","","","","","","","","Herald of Ash","","","","","","Persistent","","","","","Duration","","","","","","Fire","","","AoE","","","","","","","https://cdn.poe2db.tw/image/Art/2DArt/SkillIcons/HeraldOfAshSkill.webp"
"1788936811-16","https://poe2db.tw/us/Gem#ItemSkillGemsSummary","Buff","","","","Herald of IceBuff, Attack, Persistent, AoE, Cold, Herald, PayoffWhile active, Shattering an enemy with a non-Herald Attack Hit will cause an icy explosion that deals Attack damage to surrounding enemies.","Herald of Ice","","Buff, Attack, Persistent, AoE, Cold, Herald, Payoff","Herald","Herald","","","","","","","","","","","","","","","","","","","Persistent","","Cold","","","","","","","","","","","","AoE","","","","","","","https://cdn.poe2db.tw/image/Art/2DArt/SkillIcons/HeraldOfIceSkill.webp"
"1788936811-17","https://poe2db.tw/us/Gem#ItemSkillGemsSummary","Buff","","","Herald of Thunder","Herald of ThunderBuff, Attack, Persistent, AoE, Lightning, Herald, PayoffWhile active, killing Shocked enemies with a non-Herald Attack Hit will cause subsequent Attack Hits to release lightning bolts which dealAttack damage to all surrounding enemies.","","","Buff, Attack, Persistent, AoE, Lightning, Herald, Payoff","Herald","Herald","","","","","","","","","Lightning","","","","","","","","","","Persistent","","","","","","","","","","","","","","AoE","","","","","","","https://cdn.poe2db.tw/image/Art/2DArt/SkillIcons/HeraldOfThunderSkill.webp"
"1788936811-18","https://poe2db.tw/us/Gem#ItemSkillGemsSummary","Spell","","Wither","","WitherSpell, AoE, Chaos, Duration, ChannellingChannel a debilitating hex that Withers enemies in the area.","","","Spell, AoE, Chaos, Duration, Channelling","","","","","","","","","","","","","Chaos","","","","","","","","","","","","","Duration","","","","","","","","Channelling","AoE","","","","","","","https://cdn.poe2db.tw/image/Art/2DArt/SkillIcons/Wither.webp"
"1788936811-19","https://poe2db.tw/us/Gem#ItemSkillGemsSummary","Spell","","Dark Pact","","Dark PactSpell, Minion, AoE, Chaos, Nova, RepeatableSacrifice the life of a Minion to deal Chaos damage in an area around it. If you have no Minions, your own life is sacrificed instead.","","","Spell, Minion, AoE, Chaos, Nova, Repeatable","","","Nova","","","","","","Chaos","","","Repeatable","Chaos","","","","","","","","","","","","","","","","","","","","","","AoE","","","","","","","https://cdn.poe2db.tw/image/Art/2DArt/SkillIcons/DeathPactSkill.webp"
"1788936811-20","https://poe2db.tw/us/Gem#ItemSkillGemsSummary","Spell","","Abyssal Pact","","Abyssal PactSpell, Minion, AoE, Physical, RepeatableSacrifice some of a damageable Minion's life to deal Physical damage in an area around it.","","","Spell, Minion, AoE, Physical, Repeatable","","","","","","","","","","","","Repeatable","","","","","","Physical","","","","","","","","","","","","","","","","","AoE","Physical","","","","","","https://cdn.poe2db.tw/image/Art/2DArt/SkillIcons/AbyssDeathPactSkill.webp"
"1788936811-21","https://poe2db.tw/us/Gem#ItemSkillGemsSummary","Minion","","Skeletal Warrior","","Skeletal WarriorMinion, Persistent, PhysicalActivate to summon Reviving Skeletal Warriors.","","","Minion, Persistent, Physical","","","","","","","","","","","","","","","","","","Physical","","","Persistent","","","","","","","","","","","","","","","","","","","","","https://cdn.poe2db.tw/image/Art/2DArt/SkillIcons/WitchWarriorSkeleton.webp"
"1788936811-22","https://poe2db.tw/us/Gem#ItemSkillGemsSummary","Minion","","","","Azmerian WolfMinion, Companion, Persistent, PhysicalSummons an ancient Reviving Azmerian Wolf that can howl, calling to spirits convening an Eternal Hunt on Command. It Maims when attacking foes, and can lunge to bite and inflict Bleeding, or howl to inspire nearby allies.","Azmerian Wolf","","Minion, Companion, Persistent, Physical","","","","","Command","","","","","Companion","","","","","","","","Physical","","","Persistent","","","","","","","","","","","","","","","","","","","","","https://cdn.poe2db.tw/image/Art/2DArt/SkillIcons/ThePackLeaderBaseMinionSkill.webp"
"1788936811-23","https://poe2db.tw/us/Gem#ItemSkillGemsSummary","Minion","","","","Mist RavenMinion, Companion, Persistent, Physical, ChaosSummons a mysterious undamageable Mist Raven that can be Commanded to dive at target location, crashing through an otherworldly mirror and damaging enemies in an area. The raven grants you a Frenzy Charge for each enemy it Culls.","Mist Raven","","Minion, Companion, Persistent, Physical, Chaos","","","","","Commanded","","","","","Companion","","","Chaos","","","","","Physical","","Frenzy Charge","Persistent","","","","","","","","","","","","","","","","","","","","","https://cdn.poe2db.tw/image/Art/2DArt/SkillIcons/MistRavenSummon.webp"
"1788936811-24","https://poe2db.tw/us/Gem#ItemSkillGemsSummary","Minion","","Spiraling Conspiracy","","Spiraling ConspiracyMinion, Persistent, AoE, Physical, Chaos, DurationA flock of mist ravens circle you, dealing damage over time in an area. Their numbers are bolstered by slain foes, or in the Presence of dangerous enemies, but the flock as a whole is considered a single minion. You can Command some of them to take flight, leaving the flock to assail your enemies.","","","Minion, Persistent, AoE, Physical, Chaos, Duration","","","","Presence","Command","","","","","","","","Chaos","","","","","Physical","","","Persistent","","","","","Duration","","","","","","","","","AoE","","","","","","","https://cdn.poe2db.tw/image/Art/2DArt/SkillIcons/RoostOfTheRavenKingSwarm.webp"
"1788936811-25","https://poe2db.tw/us/Gem#ItemSkillGemsSummary","Spell","","Soulrend","","SoulrendSpell, Projectile, Chaos, Duration, RepeatableFire a Piercing Projectile that seeks out enemies. Enemies hit are inflicted with a Debuff that Hinders them and deals Chaos damage over time for a short duration.","","","Spell, Projectile, Chaos, Duration, Repeatable","","","","","","","","","Chaos","","","Repeatable","Chaos","","","","","","","","","","","","Hinders","Duration","","","","","","","","","","","","Projectile","","","","https://cdn.poe2db.tw/image/Art/2DArt/SkillIcons/Soulrend.webp"
"1788936811-26","https://poe2db.tw/us/Gem#ItemSkillGemsSummary","Buff","","","Plague Bearer","Plague BearerBuff, Persistent, AoE, Physical, Chaos, NovaWhile active, stores a portion of the Poison Damage you deal. Using this Skill unleashes the stored Poison to damage and Poison enemies around you.","","","Buff, Persistent, AoE, Physical, Chaos, Nova","","","Nova","","","","","","","","","","Chaos","","","","","Physical","","","Persistent","","","","","","","","","","","","","","AoE","","","","","","","https://cdn.poe2db.tw/image/Art/2DArt/SkillIcons/RangerPlagueBearerSkill.webp"
"1788936811-27","https://poe2db.tw/us/Gem#ItemSkillGemsSummary","Spell","","Sigil of Power","","Sigil of PowerSpell, AoE, Duration, StagedPlace a Sigil on the ground, providing a powerful Spell Damage Buff to you and Allies while standing in it. The Buff becomes more powerful the more mana you spend while standing in the Sigil.","","","Spell, AoE, Duration, Staged","","","","","","","","Staged","","","","","","","","","","","","","","Allies","","","","Duration","","","","","","","","","AoE","","","","","","","https://cdn.poe2db.tw/image/Art/2DArt/SkillIcons/SigilofPowerWeaponSkill.webp"
"1788936811-28","https://poe2db.tw/us/Gem#ItemSkillGemsSummary","Spell","","","","Rite of RestorationSpell, AoE, Duration, StagedPlace a Sigil on the ground, providing a powerful Buff to you and Allies standing in it which grants Life Regeneration and amplifies Armour, Evasion and Energy Shield. The Buff becomes more powerful the more mana you spend while standing in the Sigil.","Rite of Restoration","","Spell, AoE, Duration, Staged","","","","","","","","Staged","","","","","","","","","","","","","","Allies","","","","Duration","","Energy Shield","","","","","","","AoE","","","","","","","https://cdn.poe2db.tw/image/Art/2DArt/SkillIcons/HuskofDreamsSkill.webp"
"1788936811-29","https://poe2db.tw/us/Gem#ItemSkillGemsSummary","Spell","","Exsanguinate","","ExsanguinateSpell, Physical, Duration, Chaining, RepeatableExpel your own blood as Chaining blood tendrils in a cone in front of you. Enemies Hit by the tendrils take Physical damage and are inflicted with Bleeding.","","","Spell, Physical, Duration, Chaining, Repeatable","","","","","","","","","","","","Repeatable","","Chaining","","","Chaining","Physical","","","","","","","","Duration","","","","","","","","","","Physical","","","","","","https://cdn.poe2db.tw/image/Art/2DArt/SkillIcons/BloodTendrilsSkill.webp"
"1788936811-30","https://poe2db.tw/us/Gem#ItemSkillGemsSummary","Spell","","Reap","","ReapSpell, AoE, Physical, DurationConjure a bloody scythe that sweeps across the targeted area, dealing Physical damage to enemies and applying Critical Weakness. Cannot be Triggered.","","","Spell, AoE, Physical, Duration","","","","","","","","","","","","","","","","","","Physical","","","","","","","","Duration","","","","","","","","","AoE","Physical","","","","","","https://cdn.poe2db.tw/image/Art/2DArt/SkillIcons/ReapWeaponSkill.webp"
"1788936811-31","https://poe2db.tw/us/Gem#ItemSkillGemsSummary","Buff","","Galvanic Field","","Galvanic FieldBuff, Spell, AoE, Sustained, Lightning, Duration, Chaining, OrbGain a Buff that boosts your Shock chance. Shocking an enemy consumes the Buff to attach an Orb of electricity to that enemy. The Orb fires bolts of electricity at nearby enemies until it expires.","","","Buff, Spell, AoE, Sustained, Lightning, Duration, Chaining, Orb","","","","","","Sustained","","","","","Lightning","","","Chaining","","","","","","","","","","","","Duration","","","","","","","","","AoE","","","","Orb","","","https://cdn.poe2db.tw/image/Art/2DArt/SkillIcons/GalvanicFieldWeaponSkill.webp"
"1788936811-32","https://poe2db.tw/us/Gem#ItemSkillGemsSummary","Spell","","[DNT] Crushing Earth","","[DNT] Crushing EarthSpell, AoE, Physical, Duration, Repeatable[DNT] Convene the surrounding earth into an immense boulder to crash down, dealing high damage at the targeted location after a short delay.","","","Spell, AoE, Physical, Duration, Repeatable","","","","","","","","","","","","Repeatable","","","","","","Physical","","","","","","","","Duration","","","","","","","","","AoE","","","","","","","https://cdn.poe2db.tw/image/Art/2DArt/SkillIcons/AbsolutionBlast.webp"
"1788936811-33","https://poe2db.tw/us/Gem#ItemSkillGemsSummary","Spell","","","","ConsecrateSpell, AoE, Duration, NovaCreate an area of Consecrated Ground around you.","Consecrate","","Spell, AoE, Duration, Nova","","","Nova","","","","","","","","","","","","","","","","","","","","","","","Duration","","","","","","","","","AoE","","","","","","","https://cdn.poe2db.tw/image/Art/2DArt/BuffIcons/consecrated.webp"
"1788936811-34","https://poe2db.tw/us/Gem#ItemSkillGemsSummary","Attack","","","","Crushing FearAttack, AoE, Melee, Strike, Physical, ChaosDash to an enemy and Strike them, Culling enemies if their life is low enough. When this skill kills an enemy you draw out their final fears, crushing them to create a shockwave. Enemies around you that can be Culled will be highlighted.","Crushing Fear","","Attack, AoE, Melee, Strike, Physical, Chaos","","","","","","","","","","","","","Chaos","","","","","Physical","","","","","","","","","","","","","","","","","AoE","","","","","Melee","Strike","https://cdn.poe2db.tw/image/Art/2DArt/SkillIcons/ChokingMistsSkillIcon.webp"
"1788936811-35","https://poe2db.tw/us/Gem#ItemSkillGemsSummary","Minion","","","","Wolf PackMinion, Companion, Persistent, PhysicalActivate to summon a pack of Wolf Companions. The pack treated as a single Companion for effects that count or limit Companions, regardless of the number of Wolves in the pack.","Wolf Pack","","Minion, Companion, Persistent, Physical","","","","","","","","","","Companion","","","","","","","","Physical","","","Persistent","","","","","","","","","","","","","","","","","","","","","https://cdn.poe2db.tw/image/Art/2DArt/SkillIcons/DruidSummonWolf.webp"
"1788936811-36","https://poe2db.tw/us/Gem#ItemSkillGemsSummary","Minion","","","","Cackling CompanionsMinion, Companion, Persistent, PhysicalActivate to summon a cackle of Hyena Companions. The cackle is treated as a single Companion for effects that count or limit Companions, regardless of the number of Hyenas in the cackle. Hyenas whoop when they first appear, Hindering nearby enemies, and have a chance to Maim enemies they Hit.","Cackling Companions","","Minion, Companion, Persistent, Physical","","","","","","","","","","Companion","","","","","","","","Physical","","","Persistent","","","","Hindering","","","","","","","","","","","","","","","","","https://cdn.poe2db.tw/image/Art/2DArt/SkillIcons/HandoftheClanSkill.webp"
"1788936811-37","https://poe2db.tw/us/Gem#ItemSkillGemsSummary","Spell","","Lightning Bolt","","Lightning BoltSpell, AoE, Lightning, RepeatableCall down a Shocking bolt of Lightning to strike enemies in a small area.","","","Spell, AoE, Lightning, Repeatable","","","","","","","","","","","Lightning","Repeatable","","","","","","","","","","","","","","","","","","","","","","","AoE","","","","","","","https://cdn.poe2db.tw/image/Art/2DArt/SkillIcons/LightningBoltSkillStaff.webp"
"1788936811-38","https://poe2db.tw/us/Gem#ItemSkillGemsSummary","Spell","","Unleash","","UnleashSpell, Buff, DurationAugment yourself with temporal magic for a short duration, Empowering the next Repeatable Spell you cast to Repeat multiple times. Cannot Empower Skills with a Cooldown.","","","Spell, Buff, Duration","","","","","","","","","","","","","","","","","","","","","","","","","","Duration","","","","","","","","","","","","","","","","https://cdn.poe2db.tw/image/Art/2DArt/SkillIcons/SorceressTemporalistUnleash.webp"
"1788936811-39","https://poe2db.tw/us/Gem#ItemSkillGemsSummary","Buff","","Cast on Elemental Ailment","","Cast on Elemental AilmentBuff, Persistent, Trigger, Lightning, Cold, Fire, MetaWhile active, gains Energy when you Freeze, Shock, or Ignite enemies, and triggers socketed spells on reaching maximum Energy.","","","Buff, Persistent, Trigger, Lightning, Cold, Fire, Meta","","","","","","","","","","","Lightning","","","","","","","","","","Persistent","","Cold","Meta","","","","","","","","Fire","Trigger","","","","","","","","","https://cdn.poe2db.tw/image/Art/2DArt/SkillIcons/CastonFreezeShockIgnite.webp"
"1788936811-40","https://poe2db.tw/us/Gem#ItemSkillGemsSummary","Buff","","Cast on Critical","","Cast on CriticalBuff, Persistent, Trigger, MetaWhile active, gains Energy when you Critically Hit enemies and triggers socketed Spells on reaching maximum Energy.","","","Buff, Persistent, Trigger, Meta","","","","","","","","","","","","","","","","","","","","","Persistent","","","Meta","","","","","","","","","Trigger","","","","","","","","","https://cdn.poe2db.tw/image/Art/2DArt/SkillIcons/CastOnCritSkill.webp"
"1788936811-41","https://poe2db.tw/us/Gem#ItemSkillGemsSummary","Buff","","","","Barrier InvocationBuff, Persistent, Trigger, Invocation, MetaWhile active, gains Energy when your Energy Shield is damaged by Enemy Hits. Using the Invocation once sufficient Energy is gathered will consume the Energy to trigger socketed Spells, and can trigger them multiple times if it has enough Energy.","Barrier Invocation","","Buff, Persistent, Trigger, Invocation, Meta","","","","","","","","","","","","","","","","","","","","","Persistent","","","Meta","","","","Energy Shield","","","","","Trigger","","","","","","","","","https://cdn.poe2db.tw/image/Art/2DArt/SkillIcons/SorceressBarrierInvocation.webp"
"1788936811-42","https://poe2db.tw/us/Gem#ItemSkillGemsSummary","Buff","","","","Cast on DodgeBuff, Persistent, Trigger, MetaWhile active, gains Energy when you dodge roll and triggers socketed spells on reaching maximum Energy.","Cast on Dodge","","Buff, Persistent, Trigger, Meta","","","","","","","","","","","","","","","","","","","","","Persistent","","","Meta","","","","","","","","","Trigger","","","","","","","","","https://cdn.poe2db.tw/image/Art/2DArt/SkillIcons/CastOnDodgeRollSkill.webp"
"1788936811-43","https://poe2db.tw/us/Gem#ItemSkillGemsSummary","Buff","","","","Lingering IllusionBuff, Persistent, Duration, RemnantWhile active, creates a short-lived illusory copy of yourself whenever you dodge roll. The copy can be damaged by enemies, and copies that are destroyed by an enemy will drop a Remnant that grants you a Power Charge on pickup.","Lingering Illusion","","Buff, Persistent, Duration, Remnant","","","","","","","","","","","","","","","","","","","","Power Charge","Persistent","","","","","Duration","","","","","","","","","","","Remnant","","","","","https://cdn.poe2db.tw/image/Art/2DArt/SkillIcons/MonkLingeringIllusion.webp"
"1788936811-44","https://poe2db.tw/us/Gem#ItemSkillGemsSummary","Buff","","","","Ghost DanceBuff, PersistentWhile active, causes you to periodically gain Ghost Shrouds. If you are Hit while you have a Ghost Shroud, it is immediately consumed to recover Energy Shield based on your Evasion.","Ghost Dance","","Buff, Persistent","","","","","","","","","","","","","","","","","","","","","Persistent","","","","","","","Energy Shield","","","","","","","","","","","","","","https://cdn.poe2db.tw/image/Art/2DArt/SkillIcons/MonkGhostDance.webp"
"1788936811-45","https://poe2db.tw/us/Gem#ItemSkillGemsSummary","Spell","","Chaos Bolt","","Chaos BoltSpell, Projectile, Chaos, RepeatableFire a burst of Chaos energy at the target.","","","Spell, Projectile, Chaos, Repeatable","","","","","","","","","Chaos","","","Repeatable","Chaos","","","","","","","","","","","","","","","","","","","","","","","","","Projectile","","","","https://cdn.poe2db.tw/image/Art/2DArt/SkillIcons/ChaosBoltWeaponSkill.webp"
"1788936811-46","https://poe2db.tw/us/Gem#ItemSkillGemsSummary","Spell","","Coiling Bolts","","Coiling BoltsSpell, Projectile, Chaos, RepeatableSimultaneously fires a Physical Projectile and a Chaos Projectile at the target. These projectiles Chain through any number of Cursed targets.","","","Spell, Projectile, Chaos, Repeatable","","","","","","","","","Chaos","","","Repeatable","Chaos","","","","Chain","","","","","","","","","","","","","","","","","","","Physical","","Projectile","","","","https://cdn.poe2db.tw/image/Art/2DArt/SkillIcons/CoilOfUndoingSkill.webp"
"1788936811-47","https://poe2db.tw/us/Gem#ItemSkillGemsSummary","Attack","","","","Phantasmal ArrowAttack, AoE, Projectile, Fire, Duration, RepeatableFires an arrow that embeds where it lands for a short duration. At the end of the duration, the arrow explodes in spectral flame, turning it to ashes and damaging enemies, with a high chance to Ignite. Igniting any enemy with the Explosion also applies Ignite to enemies within range.","Phantasmal Arrow","","Attack, AoE, Projectile, Fire, Duration, Repeatable","","","","","","","","","","","","Repeatable","","","","","","","","","","","","","","Duration","","","","","","Fire","","","AoE","","","Projectile","","","","https://cdn.poe2db.tw/image/Art/2DArt/SkillIcons/GhostfuseArrow.webp"
"1788936811-48","https://poe2db.tw/us/Gem#ItemSkillGemsSummary","Spell","","Solar Orb","","Solar OrbSpell, AoE, Sustained, Fire, Duration, Orb, RepeatableCreate a fiery Orb that periodically releases fiery pulses. Enemies that are very close to the Orb are Ignited. Flameblast can target a Solar Orb to be centred on the Orb instead of your location.","","","Spell, AoE, Sustained, Fire, Duration, Orb, Repeatable","","","","","","Sustained","","","","","","Repeatable","","","","","","","","","","","","","","Duration","","","","","","Fire","","","AoE","","","","Orb","","","https://cdn.poe2db.tw/image/Art/2DArt/SkillIcons/SorceressSolarOrb.webp"
"1788936811-49","https://poe2db.tw/us/Gem#ItemSkillGemsSummary","Attack","","","","Raise ShieldAttack, AoE, Melee, Physical, ChannellingRaise your Shield to Block all incoming Blockable hits. Release immediately after Blocking when an enemy is close to perform a Shield Bash, damaging and Stunning enemies. While your Shield is raised you cannot be Light Stunned by hits you Block, but Blocking too much damage may Heavy Stun you. You cannot Evade while your Shield is raised, but Evasion instead grants an equal chance to avoid this Heavy Stun buildup.","Raise Shield","Block","Attack, AoE, Melee, Physical, Channelling","","","","","","","","","","","","","","","","","","Physical","","","","","","","","","","","","","","","","Channelling","AoE","","","","","Melee","","https://cdn.poe2db.tw/image/Art/2DArt/SkillIcons/BruteShieldBlock.webp"
"1788936811-50","https://poe2db.tw/us/Gem#ItemSkillGemsSummary","Buff","","Mana Remnants","","Mana RemnantsBuff, Persistent, RemnantConjure surging arcane energy to restore your Mana. While active, enemies you kill affected by Elemental Ailments have a chance to spawn a Mana Remnant, and Critically Hitting a target with Elemental Ailments spawns a Mana Remnant every few seconds. Picking up a Mana Remnant grants you Mana which can Overflow maximum Mana.","","","Buff, Persistent, Remnant","","","","","","","","","","","","","","","","","","","","","Persistent","","","","","","","","","","","","","","","","Remnant","","","","","https://cdn.poe2db.tw/image/Art/2DArt/SkillIcons/SorceressEnergyRemnants.webp"
"1788936811-51","https://poe2db.tw/us/Gem#ItemSkillGemsSummary","Buff","","","","Sanguine RevelryBuff, Persistent, RemnantConjure hateful energy to fuel your Rage and Life. While active, Bleeding enemies you kill have a chance to spawn a Hateful Remnant, and Hitting a Bleeding target spawns a Hateful Remnant every few seconds. Picking up a Hateful Remnant grants you Rage and recovers Life based on your current Rage.","Sanguine Revelry","","Buff, Persistent, Remnant","","","","","","","","","","","","","","","","","","","","","Persistent","","","","","","","","","","","","","","","","Remnant","","","","","https://cdn.poe2db.tw/image/Art/2DArt/SkillIcons/CrimsonChrysalis.webp"
"1788936811-52","https://poe2db.tw/us/Gem#ItemSkillGemsSummary","Buff","","","","Magma BarrierBuff, Attack, Persistent, AoE, Melee, Trigger, FireWhile active, increases your Block Chance passively and imbues your Shield with lava over time. When fully imbued, your next Block with your Shield raised will expend the lava to Trigger the Magma Spray skill and grant you an Endurance Charge.","","","Buff, Attack, Persistent, AoE, Melee, Trigger, Fire","","","","","","","","","","","","","","","Magma Barrier","","","","","Endurance Charge","Persistent","","","","","","","","","","","Fire","Trigger","","AoE","","","","","Melee","","https://cdn.poe2db.tw/image/Art/2DArt/SkillIcons/BruteMagmaBarrier.webp"
"1788936811-53","https://poe2db.tw/us/Gem#ItemSkillGemsSummary","Spell","","Freezing Shards","","Freezing ShardsSpell, Projectile, Cold, RepeatableLaunch icy Projectiles in a sweeping arc. Multiple Projectiles can hit the same enemy.","","","Spell, Projectile, Cold, Repeatable","","","","","","","","","","","","Repeatable","","","","","","","","","","","Cold","","","","","","","","","","","","","","","Projectile","","","","https://cdn.poe2db.tw/image/Art/2DArt/SkillIcons/FreezingShardsStaff.webp"
"1788936811-54","https://poe2db.tw/us/Gem#ItemSkillGemsSummary","Minion","","","Rhoa Mount","Rhoa MountMinion, Buff, Companion, PersistentHarnesses a Companion Rhoa you can mount while you're wielding a Bow or Spear. While mounted you can use Bow, thrown Spear, and Mark Skills, and are much less slowed while using Skills, but being Hit will cause Heavy Stun buildup. While you aren't mounted, the Rhoa will attack your enemies alongside you with its beak, but can be damaged.","","Heavy Stun","Minion, Buff, Companion, Persistent","","","","","","","","","","Companion","","","","","","","","","","","Persistent","","","","","","","","","","","","","","","","","","","","","https://cdn.poe2db.tw/image/Art/2DArt/SkillIcons/RhoaMountSkillIcon.webp"
"1788936811-55","https://poe2db.tw/us/Gem#ItemSkillGemsSummary","Spell","","Decompose","","DecomposeSpell, AoE, Fire, Chaos, DurationConsume a Corpse to create a cloud of flammable Poisonous gas. Any Burning effects or Detonator skills will explode the gas cloud, creating a fiery explosion.","","","Spell, AoE, Fire, Chaos, Duration","","","","","","","","","","","","","Chaos","","","","","","","","","","","","","Duration","","","","","Corpse","Fire","","","AoE","","","","","","","https://cdn.poe2db.tw/image/Art/2DArt/SkillIcons/DecomposeSkill.webp"
"1788936811-56","https://poe2db.tw/us/Gem#ItemSkillGemsSummary","Buff","","Raging Spirits","","Raging SpiritsBuff, Minion, Persistent, Fire, DurationWhile active, Fire Spells you use yourself will also summon Raging Spirits, which are short-lived flaming skulls that rush at nearby enemies and rapidly Attack them, ignoring commands. Enemies will not directly engage these Minions, and can pass through them.","","","Buff, Minion, Persistent, Fire, Duration","","","","","","","","","","","","","","","","","","","","","Persistent","","","","","Duration","","","","","","Fire","","","","","","","","","","https://cdn.poe2db.tw/image/Art/2DArt/SkillIcons/WitchReservationRaginSpirits.webp"
"1788936811-57","https://poe2db.tw/us/Gem#ItemSkillGemsSummary","Buff","","","Wind Dancer","Wind DancerBuff, Attack, Persistent, AoE, Melee, Trigger, StagedWhile active, periodically grants stages of a buff that gives you more Evasion per stage. Being Hit by an Enemy while you have this buff consumes all stages to damage and Knock Back enemies around you.","","","Buff, Attack, Persistent, AoE, Melee, Trigger, Staged","","","","","","","","Staged","","","","","","","","","","","","","Persistent","","","","","","","","","","","","Trigger","","AoE","","","","","Melee","","https://cdn.poe2db.tw/image/Art/2DArt/SkillIcons/RangerWindDancerSkill.webp"
"1788936811-58","https://poe2db.tw/us/Gem#ItemSkillGemsSummary","Buff","","Cast on Minion Death","","Cast on Minion DeathBuff, Minion, Persistent, Trigger, MetaWhile active, gains Energy when one of your Persistent Minions is Killed, and triggers socketed Spells upon reaching maximum Energy. Very underlevelled Minions will incur an Energy generation penalty. Cannot socket Spells which create Minions.","","Energy","Buff, Minion, Persistent, Trigger, Meta","","","","","","","","","","","","","","","","","","","","","Persistent","","","Meta","","","","","","","","","Trigger","","","","","","","","","https://cdn.poe2db.tw/image/Art/2DArt/SkillIcons/CastOnMinionDeath.webp"
"1788936811-59","https://poe2db.tw/us/Gem#ItemSkillGemsSummary","Buff","","","","Scavenged PlatingBuff, Persistent, Physical, DurationWhile active, uses fragments of armour scavenged from enemies to bolster your own. Fully Breaking an enemy's Armour grants you stacks of Scavenged Plating for a duration based on the enemy's Rarity, and you gain Armour and Thorns per stack. Normal enemies grant 1 stack, Magic enemies grant 2 stacks, Rare enemies grant 5 stacks and Unique enemies grant 10 stacks.","","","Buff, Persistent, Physical, Duration","","","","","","","","","","","","","","","Scavenged Plating","","","Physical","","","Persistent","","","","","Duration","","","","","","","","","","","","","","","","https://cdn.poe2db.tw/image/Art/2DArt/SkillIcons/BruteScavengedPlating.webp"
"1788936811-60","https://poe2db.tw/us/Gem#ItemSkillGemsSummary","Spell","","Mana Drain","","Mana DrainSpellLeech Mana from an enemy over a prolonged period, as well as briefly Hindering them.","","","Spell","","","","","","","","","","","","","","","","","","","","","","","","","Hindering","","","","","","","","","","","","","","","","","https://cdn.poe2db.tw/image/Art/2DArt/SkillIcons/ManaDrainWeaponSkill.webp"
"1788936811-61","https://poe2db.tw/us/Gem#ItemSkillGemsSummary","Spell","","Bone Blast","","Bone BlastSpell, AoE, Physical, Duration, RepeatableConjure a circle of ritual inscriptions that last for a short duration. When the duration ends, spikes of bone erupt from enemies in the area, damaging them and potentially causing Bleeding.","","","Spell, AoE, Physical, Duration, Repeatable","","","","","","","","","","","","Repeatable","","","","","","Physical","","","","","","","","Duration","","","","","","","","","AoE","","","","","","","https://cdn.poe2db.tw/image/Art/2DArt/SkillIcons/BoneBlastWeaponSkill.webp"
"1788936811-62","https://poe2db.tw/us/Gem#ItemSkillGemsSummary","Buff","","Blink","","BlinkBuff, Spell, Persistent, TravelWhile active, replaces your dodge roll with a short-cooldown Spell that allows you to tunnel through space, instantly reappearing a medium distance away.","","","Buff, Spell, Persistent, Travel","","","","","","","","","","","","","","","","","","","","","Persistent","","","","","","Travel","","","","","","","","","","","","","","","https://cdn.poe2db.tw/image/Art/2DArt/SkillIcons/SorceressBlinkReservation.webp"
"1788936811-63","https://poe2db.tw/us/Gem#ItemSkillGemsSummary","Buff","","","","Black Powder BlitzBuff, Persistent, AoE, Physical, Fire, Detonator, TravelReplaces your dodge roll with an explosive-assisted leap, firing off a round from your prosthetic cannon leg that Blinds and Ignites enemies in the area you escape from. The explosion will cause any Grenades in its area of effect to also explode.","Black Powder Blitz","","Buff, Persistent, AoE, Physical, Fire, Detonator, Travel","","","","","","","","","","","","","","","","","","Physical","","","Persistent","","","","","","Travel","","","","","Fire","","","AoE","","","","","","","https://cdn.poe2db.tw/image/Art/2DArt/SkillIcons/ShankgonneSkill.webp"
"1788936811-64","https://poe2db.tw/us/Gem#ItemSkillGemsSummary","Buff","","Malice","","MaliceBuff, Persistent, Aura, DurationWhile active, emits an Aura that continuously inflicts Critical Weakness on enemies in your Presence.","","","Buff, Persistent, Aura, Duration","","","","Presence","","","","","","","","","","","","","","","","","Persistent","","","","","Duration","","","Aura","Aura","","","","","","","","","","","","https://cdn.poe2db.tw/image/Art/2DArt/SkillIcons/MaliceWeaponSkill.webp"
"1788936811-65","https://poe2db.tw/us/Gem#ItemSkillGemsSummary","Spell","","Untether","","UntetherSpell, AoE, Physical, DurationPlant a seed of Abyssal Energy on the enemy's heart. Dealing enough damage to the enemy, or killing it outright, causes their heart to explode, dealing Physical damage in an area.","","","Spell, AoE, Physical, Duration","","","","","","","","","","","","","","","","","","Physical","","","","","","","","Duration","","","","","","","","","AoE","Physical","","","","","","https://cdn.poe2db.tw/image/Art/2DArt/SkillIcons/AbyssalLivingBomb.webp"
"1788936811-66","https://poe2db.tw/us/Gem#ItemSkillGemsSummary","Spell","","Ember Fusillade","","Ember FusilladeSpell, AoE, Projectile, Fire, Duration, RepeatableConjure a blazing Ember that hovers above you. After a short duration, the Ember launches at an enemy, dealing Fire damage in an area on impact and prioritising the last enemy targeted. Recasting this spell resets the duration for all active Embers. Multiple Embers fired in the same Fusillade will attempt to target different enemies. Consumes a Lightning Infusion if possible to cause the entire Fusillade to create beams that Chain to enemies.","","","Spell, AoE, Projectile, Fire, Duration, Repeatable","","","","","","","Infusion","","","","","Repeatable","","","","Consumes","Chain","","","","","","","","","Duration","","","","","","Fire","","","AoE","","","Projectile","","","","https://cdn.poe2db.tw/image/Art/2DArt/SkillIcons/SorceressBlazingCluster.webp"
"1788936811-67","https://poe2db.tw/us/Gem#ItemSkillGemsSummary","Attack","","","","PunchAttack, AoE, Melee, StrikePerform an Unarmed Strike.","Punch","","Attack, AoE, Melee, Strike","","","","","","","","","","","","","","","","","","","","","","","","","","","","","","","","","","","AoE","","","","","Melee","Strike","https://cdn.poe2db.tw/image/Art/2DArt/SkillIcons/UnarmedDefaultSkill.webp"
"1788936811-68","https://poe2db.tw/us/Gem#ItemSkillGemsSummary","Attack","","","","Quarterstaff StrikeAttack, AoE, Melee, StrikeStrike with your Quarterstaff.","Quarterstaff Strike","","Attack, AoE, Melee, Strike","","","","","","","","","","","","","","","","","","","","","","","","","","","","","","","","","","","AoE","","","","","Melee","Strike","https://cdn.poe2db.tw/image/Art/2DArt/SkillIcons/QuarterstaffDefaultSkill.webp"
"1788936811-69","https://poe2db.tw/us/Gem#ItemSkillGemsSummary","Attack","","","","Flail StrikeAttack, AoE, Melee, StrikeStrike with your Flail.","Flail Strike","","Attack, AoE, Melee, Strike","","","","","","","","","","","","","","","","","","","","","","","","","","","","","","","","","","","AoE","","","","","Melee","Strike","https://cdn.poe2db.tw/image/Art/2DArt/SkillIcons/FlailDefaultSkill.webp"
"1788936811-70","https://poe2db.tw/us/Gem#ItemSkillGemsSummary","Attack","","","","Sword SlashAttack, AoE, Melee, StrikeStrike with your Sword.","Sword Slash","","Attack, AoE, Melee, Strike","","","","","","","","","","","","","","","","","","","","","","","","","","","","","","","","","","","AoE","","","","","Melee","Strike","https://cdn.poe2db.tw/image/Art/2DArt/SkillIcons/OneHandSwordDefaultSkill.webp"
"1788936811-71","https://poe2db.tw/us/Gem#ItemSkillGemsSummary","Attack","","","","Sword SlashAttack, AoE, Melee, StrikeStrike with your Swords.","Sword Slash","","Attack, AoE, Melee, Strike","","","","","","","","","","","","","","","","","","","","","","","","","","","","","","","","","","","AoE","","","","","Melee","Strike","https://cdn.poe2db.tw/image/Art/2DArt/SkillIcons/DualWieldSwordDefaultSkill.webp"
"1788936811-72","https://poe2db.tw/us/Gem#ItemSkillGemsSummary","Attack","","","","Sword SlashAttack, AoE, Melee, StrikeStrike with your Sword.","Sword Slash","","Attack, AoE, Melee, Strike","","","","","","","","","","","","","","","","","","","","","","","","","","","","","","","","","","","AoE","","","","","Melee","Strike","https://cdn.poe2db.tw/image/Art/2DArt/SkillIcons/TwoHandSwordDefaultSkill.webp"
"1788936811-73","https://poe2db.tw/us/Gem#ItemSkillGemsSummary","Attack","","","","Axe SlashAttack, AoE, Melee, StrikeStrike with your Axe.","Axe Slash","","Attack, AoE, Melee, Strike","","","","","","","","","","","","","","","","","","","","","","","","","","","","","","","","","","","AoE","","","","","Melee","Strike","https://cdn.poe2db.tw/image/Art/2DArt/SkillIcons/OneHandAxeDefaultSkill.webp"
"1788936811-74","https://poe2db.tw/us/Gem#ItemSkillGemsSummary","Attack","","","","Axe SlashAttack, AoE, Melee, StrikeStrike with your Axes.","Axe Slash","","Attack, AoE, Melee, Strike","","","","","","","","","","","","","","","","","","","","","","","","","","","","","","","","","","","AoE","","","","","Melee","Strike","https://cdn.poe2db.tw/image/Art/2DArt/SkillIcons/DualWieldAxeDefaultSkill.webp"
"1788936811-75","https://poe2db.tw/us/Gem#ItemSkillGemsSummary","Attack","","","","Axe SlashAttack, AoE, Melee, StrikeStrike with your Axe.","Axe Slash","","Attack, AoE, Melee, Strike","","","","","","","","","","","","","","","","","","","","","","","","","","","","","","","","","","","AoE","","","","","Melee","Strike","https://cdn.poe2db.tw/image/Art/2DArt/SkillIcons/TwoHandAxeDefaultSkill.webp"
"1788936811-76","https://poe2db.tw/us/Gem#ItemSkillGemsSummary","Attack","","","","Mace StrikeAttack, AoE, Melee, StrikeStrike with your Mace.","Mace Strike","","Attack, AoE, Melee, Strike","","","","","","","","","","","","","","","","","","","","","","","","","","","","","","","","","","","AoE","","","","","Melee","Strike","https://cdn.poe2db.tw/image/Art/2DArt/SkillIcons/OneHandMaceDefaultSkill.webp"
"1788936811-77","https://poe2db.tw/us/Gem#ItemSkillGemsSummary","Attack","","","","Mace StrikeAttack, AoE, Melee, StrikeStrike with your Maces.","Mace Strike","","Attack, AoE, Melee, Strike","","","","","","","","","","","","","","","","","","","","","","","","","","","","","","","","","","","AoE","","","","","Melee","Strike","https://cdn.poe2db.tw/image/Art/2DArt/SkillIcons/DualWieldMaceDefaultSkill.webp"
"1788936811-78","https://poe2db.tw/us/Gem#ItemSkillGemsSummary","Attack","","","","Mace StrikeAttack, AoE, Melee, StrikeStrike with your Mace.","Mace Strike","","Attack, AoE, Melee, Strike","","","","","","","","","","","","","","","","","","","","","","","","","","","","","","","","","","","AoE","","","","","Melee","Strike","https://cdn.poe2db.tw/image/Art/2DArt/SkillIcons/TwoHandMaceDefaultSkill.webp"
"1788936811-79","https://poe2db.tw/us/Gem#ItemSkillGemsSummary","Attack","","","","Claw StabAttack, AoE, Melee, StrikeStrike with your Claw.","Claw Stab","","Attack, AoE, Melee, Strike","","","","","","","","","","","","","","","","","","","","","","","","","","","","","","","","","","","AoE","","","","","Melee","Strike","https://cdn.poe2db.tw/image/Art/2DArt/SkillIcons/OneHandClawDefaultSkill.webp"
"1788936811-80","https://poe2db.tw/us/Gem#ItemSkillGemsSummary","Attack","","","","Claw StabAttack, AoE, Melee, StrikeStrike with your Claws.","Claw Stab","","Attack, AoE, Melee, Strike","","","","","","","","","","","","","","","","","","","","","","","","","","","","","","","","","","","AoE","","","","","Melee","Strike","https://cdn.poe2db.tw/image/Art/2DArt/SkillIcons/DualWieldClawDefaultSkill.webp"
"1788936811-81","https://poe2db.tw/us/Gem#ItemSkillGemsSummary","Attack","","","","Dagger StabAttack, AoE, Melee, StrikeStrike with your Dagger.","Dagger Stab","","Attack, AoE, Melee, Strike","","","","","","","","","","","","","","","","","","","","","","","","","","","","","","","","","","","AoE","","","","","Melee","Strike","https://cdn.poe2db.tw/image/Art/2DArt/SkillIcons/OneHandDaggerDefaultSkill.webp"
"1788936811-82","https://poe2db.tw/us/Gem#ItemSkillGemsSummary","Attack","","","","Dagger StabAttack, AoE, Melee, StrikeStrike with your Daggers.","Dagger Stab","","Attack, AoE, Melee, Strike","","","","","","","","","","","","","","","","","","","","","","","","","","","","","","","","","","","AoE","","","","","Melee","Strike","https://cdn.poe2db.tw/image/Art/2DArt/SkillIcons/TwoHandDaggerDefaultSkill.webp"
"1788936811-83","https://poe2db.tw/us/Gem#ItemSkillGemsSummary","Attack","","","","Spear StabAttack, AoE, Melee, StrikeStrike with your Spear.","Spear Stab","","Attack, AoE, Melee, Strike","","","","","","","","","","","","","","","","","","","","","","","","","","","","","","","","","","","AoE","","","","","Melee","Strike","https://cdn.poe2db.tw/image/Art/2DArt/SkillIcons/TwoHandSpearDefaultSkill.webp"
"1788936811-84","https://poe2db.tw/us/Gem#ItemSkillGemsSummary","Attack","","","","Spear StabAttack, AoE, Melee, StrikeStrike with your Spear.","Spear Stab","","Attack, AoE, Melee, Strike","","","","","","","","","","","","","","","","","","","","","","","","","","","","","","","","","","","AoE","","","","","Melee","Strike","https://cdn.poe2db.tw/image/Art/2DArt/SkillIcons/SpearDefaultSkill.webp"
"1788936811-85","https://poe2db.tw/us/Gem#ItemSkillGemsSummary","Attack","","","","Spear ThrowAttack, AoE, Projectile, RepeatableHurl your Spear with force. Consumes a Frenzy Charge if you have one to cause the Spear to explode at the end of its flight.","Spear Throw","","Attack, AoE, Projectile, Repeatable","","","","","","","","","","","","Repeatable","","","","","","","","Frenzy Charge","","","","","","","","","","","","","","","AoE","","","Projectile","","","","https://cdn.poe2db.tw/image/Art/2DArt/SkillIcons/HuntressIceSpear.webp"
"1788936811-86","https://poe2db.tw/us/Gem#ItemSkillGemsSummary","Attack","","","","Bow ShotAttack, Projectile, RepeatableFire an arrow with your Bow.","Bow Shot","","Attack, Projectile, Repeatable","","","","","","","","","","","","Repeatable","","","","","","","","","","","","","","","","","","","","","","","","","","Projectile","","","","https://cdn.poe2db.tw/image/Art/2DArt/SkillIcons/BowDefaultSkill.webp"
"1788936811-87","https://poe2db.tw/us/Gem#ItemSkillGemsSummary","Attack","","","","Crossbow ShotAttack, Ammunition, ProjectileFire a bolt from your crossbow.","Crossbow Shot","","Attack, Ammunition, Projectile","","","","","","","","","","","","","","","","","","","","","","","","","","","","","","","","","","","","","","Projectile","","","","https://cdn.poe2db.tw/image/Art/2DArt/SkillIcons/PowerShot.webp"
"1788936811-88","https://poe2db.tw/us/Gem#ItemSkillGemsSummary","Buff","","","","Life RemnantsBuff, Persistent, RemnantDrink the blood of your enemies to restore your Life. While active, enemies you kill have a chance to spawn a Life Remnant, and Hitting a target spawns a Life Remnant every few seconds. Picking up a Life Remnant grants you Life which can Overflow maximum Life.","Life Remnants","","Buff, Persistent, Remnant","","","","","","","","","","","","","","","","","","","","","Persistent","","","","","","","","","","","","","","","","Remnant","","","","","https://cdn.poe2db.tw/image/Art/2DArt/SkillIcons/BloodChannel.webp"
"1788936811-89","https://poe2db.tw/us/Gem#ItemSkillGemsSummary","Attack","","","","Explosive ConcoctionAttack, AoE, Projectile, FireConsume charges from your Mana Flask to throw a flask that explodes, dealing Fire Attack damage in an area. Additional smaller flasks are thrown at nearby Ignited Enemies. This damage is not based on your unarmed damage, so this is not considered an Unarmed Attack.","Explosive Concoction","","Attack, AoE, Projectile, Fire","","","","","","","","","","","","","","","","","","","","","","","","","","","","","","","","Fire","","","AoE","","","Projectile","","","","https://cdn.poe2db.tw/image/Art/2DArt/SkillIcons/RangerBrewConcoctionFireSkill.webp"
"1788936811-90","https://poe2db.tw/us/Gem#ItemSkillGemsSummary","Attack","","","","Fulminating ConcoctionAttack, AoE, Projectile, LightningConsume charges from your Mana Flask to throw a flask that explodes, dealing Lightning Attack damage in an area with high chance to Shock. This damage is not based on your unarmed damage, so this is not considered an Unarmed Attack.","Fulminating Concoction","","Attack, AoE, Projectile, Lightning","","","","","","","","","","","Lightning","","","","","","","","","","","","","","","","","","","","","","","","AoE","","","Projectile","","","","https://cdn.poe2db.tw/image/Art/2DArt/SkillIcons/RangerBrewConcoctionLightningSkill.webp"
"1788936811-91","https://poe2db.tw/us/Gem#ItemSkillGemsSummary","Attack","","","","Shattering ConcoctionAttack, AoE, Projectile, ColdConsume charges from your Mana Flask to throw a flask that explodes, dealing Cold Attack damage in an area and inflicting Exposure. This damage is not based on your unarmed damage, so this is not considered an Unarmed Attack.","Shattering Concoction","","Attack, AoE, Projectile, Cold","","","","","","","","","","","","","","","","","","","Cold","","","","Cold","","","","","","","","","","","","AoE","","","Projectile","","","","https://cdn.poe2db.tw/image/Art/2DArt/SkillIcons/RangerBrewConcoctionColdSkill.webp"
"1788936811-92","https://poe2db.tw/us/Gem#ItemSkillGemsSummary","Attack","","","","Acidic ConcoctionAttack, AoE, Projectile, PhysicalConsume charges from your Mana Flask to throw a flask that explodes, dealing Physical Attack damage in an area. The thrown flask Consumes Poison on Hit to cause an acidic burst. This damage is not based on your unarmed damage, so this is not considered an Unarmed Attack.","Acidic Concoction","","Attack, AoE, Projectile, Physical","","","","","","","","","","","","","","","","Consumes","","Physical","","","","","","","","","","","","","","","","","AoE","Physical","","Projectile","","","","https://cdn.poe2db.tw/image/Art/2DArt/SkillIcons/RangerBrewConcoctionPoisonSkill.webp"
"1788936811-93","https://poe2db.tw/us/Gem#ItemSkillGemsSummary","Attack","","","","Bleeding ConcoctionAttack, AoE, Projectile, PhysicalConsume charges from your Mana Flask to throw a flask that explodes, dealing Physical Attack damage in an area and Aggravating Bleeding on Enemies hit. This damage is not based on your unarmed damage, so this is not considered an Unarmed Attack.","Bleeding Concoction","","Attack, AoE, Projectile, Physical","","","","","","","","","","","","","","","","","","Physical","","","","","","","","","","","","","","","","","AoE","Physical","","Projectile","","","","https://cdn.poe2db.tw/image/Art/2DArt/SkillIcons/RangerBrewConcoctionBleedSkill.webp"
"1788936811-94","https://poe2db.tw/us/Gem#ItemSkillGemsSummary","Spell","","","","MeditateSpell, ChannellingChannel to Recharge Energy Shield and allow that Recharge to Overflow. Channelling ends when you take damage or your Energy Shield is fully Overflowed.","Meditate","","Spell, Channelling","","","","","","","","","","","","","","","","","","","","","","","","","","","","Energy Shield","","","","","","Channelling","","","","","","","","https://cdn.poe2db.tw/image/Art/2DArt/SkillIcons/MonkInvokerMeditate.webp"
"1788936811-95","https://poe2db.tw/us/Gem#ItemSkillGemsSummary","Spell","","","","Elemental StormSpell, AoE, Trigger, Lightning, Cold, Fire, Duration, OrbCreate a stationary Fire, Cold or Lightning storm at a target location for a duration, based on the highest Elemental Damage type for the Hit that Triggered the storm. Hits which do not deal Elemental Damage will not Trigger the storm.","Elemental Storm","Elemental Damage","Spell, AoE, Trigger, Lightning, Cold, Fire, Duration, Orb","","","","","","","","","","","Lightning","","","","","","","","Cold","","","","Cold","","","Duration","","","","","","Fire","Trigger","","AoE","","","","Orb","","","https://cdn.poe2db.tw/image/Art/2DArt/SkillIcons/SorceressElementalStorm.webp"
"1788936811-96","https://poe2db.tw/us/Gem#ItemSkillGemsSummary","Spell","","","","DecomposeSpell, AoE, Trigger, Fire, Chaos, DurationConsume a Corpse to create a cloud of flammable Poisonous gas. Any Burning effects or Detonator skills will explode the gas cloud, creating a fiery explosion.","Decompose","","Spell, AoE, Trigger, Fire, Chaos, Duration","","","","","","","","","","","","","Chaos","","","","","","","","","","","","","Duration","","","","","Corpse","Fire","Trigger","","AoE","","","","","","","https://cdn.poe2db.tw/image/Art/2DArt/SkillIcons/DecomposeSkill.webp"
"1788936811-97","https://poe2db.tw/us/Gem#ItemSkillGemsSummary","Spell","","","","Elemental ExpressionSpell, AoE, Projectile, Trigger, Lightning, Cold, Fire, ChainingCreate a fiery explosion, an arcing bolt of lightning, or an icy wave of projectiles. The chance for an explosion is proportional to your Strength, for a bolt proportional to your Dexterity, and for a wave proportional to your Intelligence.","Elemental Expression","","Spell, AoE, Projectile, Trigger, Lightning, Cold, Fire, Chaining","","","","","","","","","","","Lightning","","","Chaining","","","","","","","","","Cold","","","","","","","","","Fire","Trigger","","AoE","","","Projectile","","","","https://cdn.poe2db.tw/image/Art/2DArt/SkillIcons/MonkInvokerWildStrike.webp"
"1788936811-98","https://poe2db.tw/us/Gem#ItemSkillGemsSummary","Banner","","","","War BannerBanner, Buff, Persistent, AoE, Aura, Duration, ConditionalWhile active, Attacking enemies builds Glory. When you have maximum Glory, you can place an inspiring Banner for a duration with an Aura that grants you and nearby Allies Attack damage, Attack speed and Accuracy.","War Banner","Attack","Banner, Buff, Persistent, AoE, Aura, Duration, Conditional","","","","","","","","","","","","","","","","","","","","","Persistent","Allies","","","","Duration","","","Aura","Aura","","","","","AoE","","","","","","","https://cdn.poe2db.tw/image/Art/2DArt/SkillIcons/WarBannerSkill.webp"
"1788936811-99","https://poe2db.tw/us/Gem#ItemSkillGemsSummary","Banner","","","","Defiance BannerBanner, Buff, Persistent, AoE, Aura, Duration, ConditionalWhile active, Attacking enemies builds Glory. When you have maximum Glory, you can place an inspiring Banner for a duration with an Aura that grants you and nearby Allies Armour, Evasion and movement speed.","Defiance Banner","Evasion","Banner, Buff, Persistent, AoE, Aura, Duration, Conditional","","","","","","","","","","","","","","","","","","","","","Persistent","Allies","","","","Duration","","","Aura","Aura","","","","","AoE","","","","","","","https://cdn.poe2db.tw/image/Art/2DArt/SkillIcons/DefianceBannerSkill.webp"
"1788936811-100","https://poe2db.tw/us/Gem#ItemSkillGemsSummary","Banner","","","","Dread BannerBanner, Buff, Persistent, AoE, Aura, Duration, ConditionalWhile active, Attacking enemies builds Glory. When you have maximum Glory, you can place an inspiring Banner for a duration with an Aura that grants you and nearby Allies Elemental Ailment Threshold, Maximum Elemental Resistances and Flask charges.","Dread Banner","Maximum Elemental Resistances","Banner, Buff, Persistent, AoE, Aura, Duration, Conditional","","","","","","","","","","","","","","","","","","","","","Persistent","Allies","","","","Duration","","","Aura","Aura","","","","","AoE","","","","","","","https://cdn.poe2db.tw/image/Art/2DArt/SkillIcons/DreadBannerSkill.webp"
"1788936811-101","https://poe2db.tw/us/Gem#ItemSkillGemsSummary","Buff","","","","Unbound AvatarBuff, Lightning, Cold, Fire, Duration, ConditionalGain Unbound Fury by inflicting Elemental Ailments with Hits on enemies. Once you reach maximum Unbound Fury, consume it to become Unbound for a duration, vastly augmenting your Elemental prowess.","Unbound Avatar","","Buff, Lightning, Cold, Fire, Duration, Conditional","","","","","","","","","","","Lightning","","","","","","","","","","","","Cold","","","Duration","","","","","","Fire","","","","","","","","","","https://cdn.poe2db.tw/image/Art/2DArt/SkillIcons/MonkInvokerUnboundAvatar.webp"
"1788936811-102","https://poe2db.tw/us/Gem#ItemSkillGemsSummary","Minion","","","","Summon Infernal HoundMinion, Companion, Persistent, FireActivate to summon a Reviving Infernal Hound which Ignites enemies near it.","Summon Infernal Hound","","Minion, Companion, Persistent, Fire","","","","","","","","","","Companion","","","","","","","","","","","Persistent","","","","","","","","","","","Fire","","","","","","","","","","https://cdn.poe2db.tw/image/Art/2DArt/SkillIcons/WitchSummonInfernalFamiliar.webp"
"1788936811-103","https://poe2db.tw/us/Gem#ItemSkillGemsSummary","Minion","","","","Navira, the Last MirageMinion, Persistent, Command, ColdSummon Navira, an invulnerable Water Djinn Minion to do your bidding. Navira will only act when you Command her to do so, bestowing restorative blessings upon you and your Allies with her Spells.","Navira, the Last Mirage","","Minion, Persistent, Command, Cold","","","","","Command","","","","","","","","","","","","","","","","Persistent","Allies","Cold","","","","","","","","","","","","","","","","","","","https://cdn.poe2db.tw/image/Art/2DArt/SkillIcons/SorceressSummonWaterDjinn.webp"
"1788936811-104","https://poe2db.tw/us/Gem#ItemSkillGemsSummary","Command","","","","Navira's FracturingCommand, AoE, Cold","Navira's Fracturing","","Command, AoE, Cold","","","","","","","","","","","","","","","","","","","","","","","Cold","","","","","","","","","","","","AoE","","","","","","","https://cdn.poe2db.tw/image/Art/2DArt/SkillIcons/Rolldodge.webp"
"1788936811-105","https://poe2db.tw/us/Gem#ItemSkillGemsSummary","Command","","","","Navira's WellCommand, Duration","Navira's Well","","Command, Duration","","","","","","","","","","","","","","","","","","","","","","","","","","Duration","","","","","","","","","","","","","","","","https://cdn.poe2db.tw/image/Art/2DArt/SkillIcons/Rolldodge.webp"
"1788936811-106","https://poe2db.tw/us/Gem#ItemSkillGemsSummary","Minion","","","","Ruzhan, the Blazing SwordMinion, Persistent, Command, FireSummon Ruzhan, an invulnerable Flame Djinn Minion, to do your bidding. Ruzhan emerges to Strike enemies with his greatsword whenever you use a damaging Skill, and casts devastating Fire Spells when Commanded to do so.","Ruzhan, the Blazing Sword","","Minion, Persistent, Command, Fire","","","","","Commanded","","","","","","","","","","","","","","","","Persistent","","","","","","","","","","","Fire","","","","","","","","","Strike","https://cdn.poe2db.tw/image/Art/2DArt/SkillIcons/SorceressSummonFireDjinn.webp"
"1788936811-107","https://poe2db.tw/us/Gem#ItemSkillGemsSummary","Command","","","","Ruzhan's TrapCommand, AoE, Projectile, Fire, Duration, Hazard","Ruzhan's Trap","","Command, AoE, Projectile, Fire, Duration, Hazard","","","","","","","","","","","","","","","","","","","","","","","","","","Duration","","","","","","Fire","","","AoE","","","Projectile","","","","https://cdn.poe2db.tw/image/Art/2DArt/SkillIcons/Rolldodge.webp"
"1788936811-108","https://poe2db.tw/us/Gem#ItemSkillGemsSummary","Command","","","","Ruzhan's ReckoningCommand, AoE, Fire","Ruzhan's Reckoning","","Command, AoE, Fire","","","","","","","","","","","","","","","","","","","","","","","","","","","","","","","","Fire","","","AoE","","","","","","","https://cdn.poe2db.tw/image/Art/2DArt/SkillIcons/Rolldodge.webp"
"1788936811-109","https://poe2db.tw/us/Gem#ItemSkillGemsSummary","Command","","","","Ruzhan's FuryCommand, AoE, Projectile, Fire","Ruzhan's Fury","","Command, AoE, Projectile, Fire","","","","","","","","","","","","","","","","","","","","","","","","","","","","","","","","Fire","","","AoE","","","Projectile","","","","https://cdn.poe2db.tw/image/Art/2DArt/SkillIcons/Rolldodge.webp"
"1788936811-110","https://poe2db.tw/us/Gem#ItemSkillGemsSummary","Minion","","","","Kelari, the Tainted SandsMinion, Persistent, Command, PhysicalSummon Kelari, an invulnerable Sand Djinn Minion, to do your bidding. Kelari will only act when you Command him to do so. Kelari delivers swift Hits with massive Critical Hit potential.","Kelari, the Tainted Sands","","Minion, Persistent, Command, Physical","","","","","Command","","","","","","","","","","","","","Physical","","","Persistent","","","","","","","","","","","","","","","","","","","","","https://cdn.poe2db.tw/image/Art/2DArt/SkillIcons/SorceressSummonSandDjinn.webp"
"1788936811-111","https://poe2db.tw/us/Gem#ItemSkillGemsSummary","Command","","","","Kelari's DeceptionCommand, AoE, Physical, Duration","Kelari's Deception","","Command, AoE, Physical, Duration","","","","","","","","","","","","","","","","","","Physical","","","","","","","","Duration","","","","","","","","","AoE","","","","","","","https://cdn.poe2db.tw/image/Art/2DArt/SkillIcons/Rolldodge.webp"
"1788936811-112","https://poe2db.tw/us/Gem#ItemSkillGemsSummary","Command","","","","Kelari's JudgmentCommand, AoE, Physical, Channelling","Kelari's Judgment","","Command, AoE, Physical, Channelling","","","","","","","","","","","","","","","","","","Physical","","","","","","","","","","","","","","","","Channelling","AoE","","","","","","","https://cdn.poe2db.tw/image/Art/2DArt/SkillIcons/Rolldodge.webp"
"1788936811-113","https://poe2db.tw/us/Gem#ItemSkillGemsSummary","Minion","","","","Kelari's MaledictionMinion, Persistent, Command, DurationHarness Kelari's power to passively Consume Corpses in your Presence, causing Corpse Beetle Minions to burst forth. The Beetles passively follow you until Commanded. On your Command, they rush the target and explode.","Kelari's Malediction","","Minion, Persistent, Command, Duration","","","","Presence","Commanded","","","","","","","","","","","Consume","","","","","Persistent","","","","","Duration","","","","","Corpses","","","","","","","","","","","https://cdn.poe2db.tw/image/Art/2DArt/SkillIcons/SorceressSandDjinnCorpseBeetles.webp"
"1788936811-114","https://poe2db.tw/us/Gem#ItemSkillGemsSummary","Spell","","","","Encase in JadeSpell, Buff, Physical, DurationConsume all stacks of Jade to grant Guard based off your maximum Life for each Jade consumed. You cannot gain Jade stacks while you have Guard.","Encase in Jade","","Spell, Buff, Physical, Duration","","","","","","","","","","","","","","","","","","Physical","","","","","","","","Duration","","","","","","","","","","","","","","","","https://cdn.poe2db.tw/image/Art/2DArt/SkillIcons/BruteWarbringerEncasedJade.webp"
"1788936811-115","https://poe2db.tw/us/Gem#ItemSkillGemsSummary","Buff","","","","Align FateBuff, PersistentWhile active, visages of yourself from alternate timelines will occasionally appear and cast one of your Spells from your first valid Weapon Set. Until the next visage appears, your next cast of the same Spell aligns your fate, Empowering that Spell. Visages can only cast damaging, non-Channelling, non-Buff Spells you could cast that have no cooldown.","Align Fate","Spells","Buff, Persistent","","","","","","","","","","","","","","","","","","","","","Persistent","","","","","","","","","","","","","","","","","","","","","https://cdn.poe2db.tw/image/Art/2DArt/SkillIcons/DruidOracleSpellfluxSkill.webp"
"1788936811-116","https://poe2db.tw/us/Gem#ItemSkillGemsSummary","Spell","","","","Moment of VulnerabilitySpell, AoE, NovaSend out a temporal Nova to take advantage of enemies' moment of vulnerability. Hitting enemies that are Primed for Stun, Electrocution, or Freeze causes a visage of them to appear, lasting as long as the original target would have been affected by the form of Immobilisation used to create the visage. A portion of the damage dealt to visages is also dealt to the original.","Moment of Vulnerability","","Spell, AoE, Nova","","","Nova","","","","","","","","","","","","","","","","","","","","","","","","","","","","","","","","AoE","","","","","","","https://cdn.poe2db.tw/image/Art/2DArt/SkillIcons/passives/DruidOracleRipFromTimeSkill.webp"
"1788936811-117","https://poe2db.tw/us/Gem#ItemSkillGemsSummary","Spell","","","","Temporal RiftSpell, Buff, PersistentWhile active, passively leaves afterimages of your recent past. Cast the Spell to return to the oldest afterimage, teleporting to that location and resetting your Life, Mana and Energy Shield to the values they had at the time. Removes any upcoming damage delayed by Phased Form on use.","Temporal Rift","","Spell, Buff, Persistent","","","","","","","","","","","","","","","","","","","","","Persistent","","","","","","","Energy Shield","","","","","","","","","","","","","","https://cdn.poe2db.tw/image/Art/2DArt/SkillIcons/SorceressTemporalistTemporalRift.webp"
"1788936811-118","https://poe2db.tw/us/Gem#ItemSkillGemsSummary","Spell","","","","Time FreezeSpell, AoE, DurationRelease a large wave that stops time for all affected enemies for a duration. Duration is lower the more times the enemy has had time stopped for them.","Time Freeze","","Spell, AoE, Duration","","","","","","","","","","","","","","","","","","","","","","","","","","Duration","","","","","","","","","AoE","","","","","","","https://cdn.poe2db.tw/image/Art/2DArt/SkillIcons/SorceressTemporalistTimeStop.webp"
"1788936811-119","https://poe2db.tw/us/Gem#ItemSkillGemsSummary","Spell","","","","Time SnapSpellManipulate time, resetting the cooldowns of your other Skills.","Time Snap","","Spell","","","","","","","","","","","","","","","","","","","","","","","","","","","","","","","","","","","","","","","","","","https://cdn.poe2db.tw/image/Art/2DArt/SkillIcons/SorceressTemporalistReloadCooldown.webp"
"1788936811-120","https://poe2db.tw/us/Gem#ItemSkillGemsSummary","Shapeshift","","","","Demon FormShapeshift, BuffShapeshift into a demon, vastly boosting the power of your Spells. You gain Demonflame every second you remain in demon form, causing your Life to be lost at an ever-increasing rate. Maximum 10 Demonflame. Revert to human form if you reach 1 Life, use a Skill that isn't a Spell, or reactivate this Skill.","Demon Form","","Shapeshift, Buff","","","","","","","","","","","","","","","","","","","","","","","","","","","","","","","","","","","","","","","","","","https://cdn.poe2db.tw/image/Art/2DArt/SkillIcons/WitchTransformDemon.webp"
"1788936811-121","https://poe2db.tw/us/Gem#ItemSkillGemsSummary","Spell","","","","Sorcery WardSpell, Buff, Persistent, Lightning, Cold, FirePassively manifests a protective barrier which takes Elemental Damage from Hits for you until depleted. The barrier instantly recharges to its full value a short time after it stops taking damage or is fully depleted.","Sorcery Ward","","Spell, Buff, Persistent, Lightning, Cold, Fire","","","","","","","","","","","Lightning","","","","","","","","","","Persistent","","Cold","","","","","","","","","Fire","","","","","","","","","","https://cdn.poe2db.tw/image/Art/2DArt/SkillIcons/WitchunterSpellAegis.webp"
"1788936811-122","https://poe2db.tw/us/Gem#ItemSkillGemsSummary","Buff","","","","Time of NeedBuff, PersistentWhile active, periodically invokes divine blessings to heal you and remove Curses and Elemental Ailments from you.","","","Buff, Persistent","","","","","","","","","","","","","","","Time of Need","","","","","","Persistent","","","","","","","","","","","","","","","","","","","","","https://cdn.poe2db.tw/image/Art/2DArt/SkillIcons/TimeOfNeedSkill.webp"
"1788936811-123","https://poe2db.tw/us/Gem#ItemSkillGemsSummary","Buff","","","","Elemental InvocationBuff, Persistent, Trigger, Lightning, Cold, Fire, Invocation, MetaWhile active, gains Energy when you Freeze, Shock or Ignite an enemy. Using the Invocation once sufficient Energy is gathered will consume the Energy to trigger socketed Spells, and can trigger them multiple times if it has enough Energy.","Elemental Invocation","Energy","Buff, Persistent, Trigger, Lightning, Cold, Fire, Invocation, Meta","","","","","","","","","","","Lightning","","","","","","","","","","Persistent","","Cold","Meta","","","","","","","","Fire","Trigger","","","","","","","","","https://cdn.poe2db.tw/image/Art/2DArt/SkillIcons/ElementalInvocationSkill.webp"
"1788936811-124","https://poe2db.tw/us/Gem#ItemSkillGemsSummary","Buff","","","","AttritionBuff, PersistentWhile active, causes you to deal more Hit damage to Rare and Unique enemies the longer you've been fighting them, and gain Culling Strike against them once you've been fighting them for long enough.","Attrition","","Buff, Persistent","","","","","","","","","","","","","","","","","","","","","Persistent","","","","","","","","","","","","","","","","","","","","","https://cdn.poe2db.tw/image/Art/2DArt/SkillIcons/AttritionSkill.webp"
"1788936811-125","https://poe2db.tw/us/Gem#ItemSkillGemsSummary","Buff","","Elemental Conflux","","Elemental ConfluxBuff, Persistent, Lightning, Cold, Fire, DurationTap into a current of raw and unpredictable Elemental power, causing you to deal greatly more damage of a randomly chosen Element. The Element affected changes frequently, though the same Element can be affected multiple times in succession.","","","Buff, Persistent, Lightning, Cold, Fire, Duration","","","","","","","","","","","Lightning","","","","","","","","","","Persistent","","Cold","","","Duration","","","","","","Fire","","","","","","","","","","https://cdn.poe2db.tw/image/Art/2DArt/SkillIcons/ElementalConfluxSkill.webp"
"1788936811-126","https://poe2db.tw/us/Gem#ItemSkillGemsSummary","Buff","","","","Into the BreachBuff, Persistent, RemnantCreate a Breach around you, allowing you to see nearby Flames of Chayula. You are considered to be in a Breach while this skill is active.","Into the Breach","","Buff, Persistent, Remnant","","","","","","","","","","","","","","","","","","","","","Persistent","","","","","","","","","","","","","","","","Remnant","","","","","https://cdn.poe2db.tw/image/Art/2DArt/SkillIcons/MonkBreachWalk.webp"
"1788936811-127","https://poe2db.tw/us/Gem#ItemSkillGemsSummary","Minion","","","","Ancestral SpiritsMinion, Trigger, DurationThis skill is Triggered each time you summon a Totem, summoning an Ancestral Spirit Minion to fight for you. If the Totem dies then the Ancestral Spirit triggered by it's summoning will die too.","Ancestral Spirits","","Minion, Trigger, Duration","","","","","","","","","","","","","","","","","","","","","","","","","","Duration","","","","","","","Trigger","","","","","","","","","https://cdn.poe2db.tw/image/Art/2DArt/SkillIcons/BruteWarbringerDefenders.webp"
"1788936811-128","https://poe2db.tw/us/Gem#ItemSkillGemsSummary","Buff","","","","Ritual SacrificeBuff, DurationSacrifice the Corpse of a Rare Monster to grant you its Modifiers for a duration, or gain a single random Modifier at the cost of your own life force.","Ritual Sacrifice","","Buff, Duration","","","","","","","","","","","","","","","","","","","","","","","","","","Duration","","","","","Corpse","","","","","","","","","","","https://cdn.poe2db.tw/image/Art/2DArt/SkillIcons/PrimalistStabCorpseSkillIcon.webp"
"1788936811-129","https://poe2db.tw/us/Gem#ItemSkillGemsSummary","Buff","","","","BlinkBuff, Spell, TravelWhile active, replaces your dodge roll with a short-cooldown Spell that allows you to tunnel through space, instantly reappearing a medium distance away.","Blink","","Buff, Spell, Travel","","","","","","","","","","","","","","","","","","","","","","","","","","","Travel","","","","","","","","","","","","","","","https://cdn.poe2db.tw/image/Art/2DArt/SkillIcons/SorceressBlinkReservation.webp"
"1788936811-130","https://poe2db.tw/us/Gem#ItemSkillGemsSummary","Buff","","","","Charge RegulationBuff, PersistentWhile active, you gain powerful Buffs based on your active Charges. However, maintaining the Buff Consumes Charges every few seconds.","Charge Regulation","","Buff, Persistent","","","","","","","","","","","","","","","","","","","","Charges","Persistent","","","","","","","","","","","","","","","","","","","","","https://cdn.poe2db.tw/image/Art/2DArt/SkillIcons/ChargeMasteryDeath.webp"
"1788936811-131","https://poe2db.tw/us/Gem#ItemSkillGemsSummary","Buff","","","","Shard ScavengerBuff, Persistent, Physical, Lightning, Cold, Fire, DurationWhile active, Consuming Freeze, Shock, Ignite, or Fully Broken Armour on an enemy reloads your Crossbow, restores one cooldown use for your Grenades and grants a Buff causing Crossbow Attacks to not consume bolts for a duration. This can only occur once every few seconds.","Shard Scavenger","Buff","Buff, Persistent, Physical, Lightning, Cold, Fire, Duration","","","","","","","","","","","Lightning","","","","","Consuming","","Physical","","","Persistent","","Cold","","","Duration","","","","","","Fire","","","","","","","","","","https://cdn.poe2db.tw/image/Art/2DArt/SkillIcons/MercShardDespoiler.webp"
"1788936811-132","https://poe2db.tw/us/Gem#ItemSkillGemsSummary","Buff","","","","Overwhelming PresenceBuff, Persistent, AuraWhile active, emits an Aura that makes enemies in your Presence easier to Stun and inflict Elemental Ailments upon.","","","Buff, Persistent, Aura","","","","Presence","","","","","","","","","","","Overwhelming Presence","","","","","","Persistent","","","","","","","","Aura","Aura","","","","","","","","","","","","https://cdn.poe2db.tw/image/Art/2DArt/SkillIcons/OverwhelmingPressureSkill.webp"
"1788936811-133","https://poe2db.tw/us/Gem#ItemSkillGemsSummary","Buff","","","Alchemist's Boon","Alchemist's BoonBuff, Persistent, AuraWhile active, grants you Flask charges passively and causes Life and Mana recovery from your Flasks to also apply to Allies in your Presence.","","","Buff, Persistent, Aura","","","","Presence","","","","","","","","","","","","","","","","","Persistent","Allies","","","","","","","Aura","","","","","","","","","","","","","https://cdn.poe2db.tw/image/Art/2DArt/SkillIcons/AlchemistsBoonSkill.webp"
"1788936811-134","https://poe2db.tw/us/Gem#ItemSkillGemsSummary","Buff","","","","Reaper's InvocationBuff, Persistent, Trigger, Invocation, MetaWhile active, gains Energy when you kill an enemy with a Melee Attack. Using the Invocation once sufficient Energy is gathered will consume the Energy to trigger socketed Spells, and can trigger them multiple times if it has enough Energy.","Reaper's Invocation","","Buff, Persistent, Trigger, Invocation, Meta","","","","","","","","","","","","","","","","","","","","","Persistent","","","Meta","","","","","","","","","Trigger","","","","","","","","","https://cdn.poe2db.tw/image/Art/2DArt/SkillIcons/MeleeInvocationSkill.webp"
"1788936811-135","https://poe2db.tw/us/Gem#ItemSkillGemsSummary","Buff","","Sacrifice","","SacrificeBuff, Minion, PersistentWhile active, your undead Reviving Minions can be used in place of Corpses by your skills, but your Minions Revive more slowly.","","","Buff, Minion, Persistent","","","","","","","","","","","","","","","","","","","","","Persistent","","","","","","","","","","Corpses","","","","","","","","","","","https://cdn.poe2db.tw/image/Art/2DArt/SkillIcons/HarvesterSkill.webp"
"1788936811-136","https://poe2db.tw/us/Gem#ItemSkillGemsSummary","Buff","","Archmage","","ArchmageBuff, Persistent, LightningWhile active, causes your Non-Channelling Spells to cost additional mana and deal extra Lightning damage, both based on your maximum Mana.","","","Buff, Persistent, Lightning","","","","","","","","","","","Lightning","","","","","","","","","","Persistent","","","","","","","","","","","","","","","","","","","","","https://cdn.poe2db.tw/image/Art/2DArt/SkillIcons/ArchmageSkill.webp"
"1788936811-137","https://poe2db.tw/us/Gem#ItemSkillGemsSummary","Buff","","","","BerserkBuff, PersistentWhile active, strengthens your Rage, but causes you to lose Life while not losing Rage.","","","Buff, Persistent","","","","","","","","","","","","","","","Berserk","","","","","","Persistent","","","","","","","","","","","","","","","","","","","","","https://cdn.poe2db.tw/image/Art/2DArt/SkillIcons/BeserkSkill.webp"
"1788936811-138","https://poe2db.tw/us/Gem#ItemSkillGemsSummary","Buff","","","Herald of Plague","Herald of PlagueBuff, Persistent, Chaos, HeraldWhile active, killing a Poisoned enemy spreads its Poison to other nearby enemies, and has a chance to also Hinder them.","","","Buff, Persistent, Chaos, Herald","Herald","","","","","","","","","","","","Chaos","","","","","","","","Persistent","","","","Hinder","","","","","","","","","","","","","","","","","https://cdn.poe2db.tw/image/Art/2DArt/SkillIcons/HeraldOfAgonySkill.webp"
"1788936811-139","https://poe2db.tw/us/Gem#ItemSkillGemsSummary","Buff","","","","Herald of BloodBuff, Attack, Persistent, AoE, Physical, Herald, PayoffWhile active, killing an enemy with Blood Loss will cause a bloody explosion that deals Physical Attack damage to surrounding enemies. This damage is not based on your Weapon, but is partially based on their accumulated Blood Loss. The explosion destroys their Corpse if the enemy was Normal or Magic, and has a chance to Aggravate Bleeding.","Herald of Blood","Aggravate","Buff, Attack, Persistent, AoE, Physical, Herald, Payoff","Herald","","","","","","","","","","","","","","","","","Physical","","","Persistent","","","","","","","","","","Corpse","","","","AoE","Physical","","","","","","https://cdn.poe2db.tw/image/Art/2DArt/SkillIcons/HeraldOfBloodSkill.webp"
"1788936811-140","https://poe2db.tw/us/Gem#ItemSkillGemsSummary","Buff","","Withering Presence","","Withering PresenceBuff, Persistent, Aura, Chaos, DurationWhile active, emits an Aura that periodically Withers enemies in your Presence.","","","Buff, Persistent, Aura, Chaos, Duration","","","","Presence","","","","","","","","","Chaos","","","","","","","","Persistent","","","","","Duration","","","Aura","Aura","","","","","","","","","","","","https://cdn.poe2db.tw/image/Art/2DArt/SkillIcons/WitchWitheringPresence.webp"
"1788936811-141","https://poe2db.tw/us/Gem#ItemSkillGemsSummary","Buff","","Ravenous Swarm","","Ravenous SwarmBuff, Minion, Persistent, Physical, Chaos, DurationWhile active and enemies are present, swarms of insects emerge from your body to pursue nearby enemies. The swarms are untargetable Minions that Attack and Poison enemies.","","","Buff, Minion, Persistent, Physical, Chaos, Duration","","","","","","","","","","","","","Chaos","","","","","Physical","","","Persistent","","","","","Duration","","","","","","","","","","","","","","","","https://cdn.poe2db.tw/image/Art/2DArt/SkillIcons/WitchRavenousSwarm.webp"
"1788936811-142","https://poe2db.tw/us/Gem#ItemSkillGemsSummary","Buff","","","Mirage Archer","Mirage ArcherBuff, Persistent, Trigger, Duration, MetaWhile active, dodge rolling will create a Mirage that uses socketed ranged Attacks for a short duration, then vanish.","","","Buff, Persistent, Trigger, Duration, Meta","","","","","","","","","","","","","","","","","","","","","Persistent","","","Meta","","Duration","","","","","","","Trigger","","","","","","","","","https://cdn.poe2db.tw/image/Art/2DArt/SkillIcons/LingeringMirageSkill.webp"
"1788936811-143","https://poe2db.tw/us/Gem#ItemSkillGemsSummary","Buff","","","Combat Frenzy","Combat FrenzyBuff, PersistentWhile active, grants you a Frenzy Charge when you Freeze, Electrocute or Pin an enemy. This can only occur once every few seconds.","","","Buff, Persistent","","","","","","","","","","","","","","","","","","","","Frenzy Charge","Persistent","","","","","","","","","","","","","","","","","","","","","https://cdn.poe2db.tw/image/Art/2DArt/SkillIcons/RangerCombatFrenzySkill.webp"
"1788936811-144","https://poe2db.tw/us/Gem#ItemSkillGemsSummary","Buff","","","","Cast on BlockBuff, Persistent, Trigger, MetaWhile active, gains Energy when you Block and triggers socketed Spells on reaching maximum Energy.","Cast on Block","","Buff, Persistent, Trigger, Meta","","","","","","","","","","","","","","","","","","","","","Persistent","","","Meta","","","","","","","","","Trigger","","","","","","","","","https://cdn.poe2db.tw/image/Art/2DArt/SkillIcons/CastOnMeleeBlockSkill.webp"
"1788936811-145","https://poe2db.tw/us/Gem#ItemSkillGemsSummary","Spell","","Ember Fusillade","","Ember FusilladeSpell, AoE, Projectile, Trigger, Fire, Duration, RepeatableConjure a blazing Ember that hovers above you. After a short duration, the Ember launches at an enemy, dealing Fire damage in an area on impact and prioritising the last enemy targeted. Recasting this spell resets the duration for all active Embers. Multiple Embers fired in the same Fusillade will attempt to target different enemies. Consumes a Lightning Infusion if possible to cause the entire Fusillade to create beams that Chain to enemies.","","","Spell, AoE, Projectile, Trigger, Fire, Duration, Repeatable","","","","","","","Infusion","","","","","Repeatable","","","","Consumes","Chain","","","","","","","","","Duration","","","","","","Fire","Trigger","","AoE","","","Projectile","","","","https://cdn.poe2db.tw/image/Art/2DArt/SkillIcons/SorceressBlazingCluster.webp"
"1788936811-146","https://poe2db.tw/us/Gem#ItemSkillGemsSummary","Spell","","Lightning Bolt","","Lightning BoltSpell, AoE, Trigger, Lightning, RepeatableCall down a Shocking bolt of Lightning to strike enemies in a small area.","","","Spell, AoE, Trigger, Lightning, Repeatable","","","","","","","","","","","Lightning","Repeatable","","","","","","","","","","","","","","","","","","","","","Trigger","","AoE","","","","","","","https://cdn.poe2db.tw/image/Art/2DArt/SkillIcons/LightningBoltSkillStaff.webp"
"1788936811-147","https://poe2db.tw/us/Gem#ItemSkillGemsSummary","Buff","","","","Blood BoilBuff, Persistent, AoE, Physical, DurationEnemies in your Presence accumulate blood boils periodically. When they die, the boils pop applying Corrupted Blood to enemies near them.","Blood Boil","","Buff, Persistent, AoE, Physical, Duration","","","","Presence","","","","","","","","","","","","","","Physical","","","Persistent","","","","","Duration","","","","","","","","","AoE","","","","","","","https://cdn.poe2db.tw/image/Art/2DArt/SkillIcons/PrimalistBloodBoilsSkillIcon.webp"
"1788936811-148","https://poe2db.tw/us/Gem#ItemSkillGemsSummary","Attack","","","","Shattering SpiteAttack, AoE, Physical, Lightning, FireStamp your spear, destroying all Bloodstone Lances on each enemy in your Presence to cause a damaging explosion around that enemy. Each explosion gains new benefits when reaching higher thresholds of Bloodstone Lances removed from an enemy, causing them to deal more damage, have increased area of effect, and Leech Life from enemies caught in the blast.","Shattering Spite","","Attack, AoE, Physical, Lightning, Fire","","","","Presence","","","","","","","Lightning","","","","","","","Physical","","","","","","","","","","","","","","Fire","","","AoE","","","","","","","https://cdn.poe2db.tw/image/Art/2DArt/SkillIcons/AtzirisContempt.webp"
"1788936811-149","https://poe2db.tw/us/Gem#ItemSkillGemsSummary","Attack","","","","Righteous DescentAttack, AoE, Melee, Slam, Physical, Lightning, TravelLeap into the air carried by divine wings, damaging enemies with your spear where you land. If there is a Fragment of Divinity near you or the targeted location, this attack will Consume it when you leap to become Empowered, dealing more damage and granting life and mana recovery. This skill does not use up its Cooldown when empowered.","Righteous Descent","","Attack, AoE, Melee, Slam, Physical, Lightning, Travel","","","","","","","","","","","Lightning","","","","","Consume","","Physical","","","","","","","","","Travel","","","","","","","","AoE","","","","","Melee","","https://cdn.poe2db.tw/image/Art/2DArt/SkillIcons/ChallengersAscentSkill.webp"
"1788936811-150","https://poe2db.tw/us/Gem#ItemSkillGemsSummary","Attack","","","","Vivid StampedeAttack, AoE, Trigger, Lightning, DurationCall upon Spirits of the Stag, sending them leaping forward. Each Stag releases a damaging shockwave each time it lands, and any Stags that travel the maximum possible distance also leave behind Shocked Ground.","Vivid Stampede","","Attack, AoE, Trigger, Lightning, Duration","","","","","","","","","","","Lightning","","","","","","","","","","","","","","","Duration","","","","","","","Trigger","","AoE","","","","","","","https://cdn.poe2db.tw/image/Art/2DArt/SkillIcons/WildspeakerVividStagsSkill.webp"
"1788936811-151","https://poe2db.tw/us/Gem#ItemSkillGemsSummary","Minion","","","","Wild ProtectorMinion, Companion, Persistent, PhysicalCall upon a Bear Spirit Companion to maul your foes. The Bear Spirit leaps at enemies to Maim them, Leeches Life with its slam, and periodically roars to Intimidate enemies. The Bear Spirit does not count toward your Companion limit.","Wild Protector","","Minion, Companion, Persistent, Physical","","","","","","","","","","Companion","","","","","","","","Physical","","","Persistent","","","","","","","","","","","","","","","","","","","","","https://cdn.poe2db.tw/image/Art/2DArt/SkillIcons/WildspeakerBearSkill.webp"
"1788936811-152","https://poe2db.tw/us/Gem#ItemSkillGemsSummary","Attack","","","","Hollow FormAttack, Melee, Sustained, Channelling, MetaChannel to create fleeting images of your astral self near the target location. The images perform a Socketed Melee Attack once then vanish, targeting the closest enemy if possible. The images cannot perform Channelled Skills or Conditional Skills. Consuming a Power Charge creates additional images.","Hollow Form","","Attack, Melee, Sustained, Channelling, Meta","","","","","","Sustained","","","","","","","","","","","","","","Power Charge","","","","Meta","","","","","","","","","","Channelling","","","","","","Melee","","https://cdn.poe2db.tw/image/Art/2DArt/SkillIcons/MartialArtistMantraofIllusionsSkill.webp"
"1788936811-153","https://poe2db.tw/us/Gem#ItemSkillGemsSummary","Attack","","","","Hollow FocusAttack, Buff, Persistent, AoE, DurationWhile active, ethereal bells periodically appear near you. Your Hits immediately destroy the bells, creating a shockwave that damages nearby enemies and causes a Heavy Stun on enemies that are Primed for Stun. The bells are themselves always Primed for Stun, they can be Culled, and Hits against them are always Critical Hits.","Hollow Focus","","Attack, Buff, Persistent, AoE, Duration","","","","","","","","","","","","","","","","","","","","","Persistent","","","","","Duration","","","","","","","","","AoE","","","","","","","https://cdn.poe2db.tw/image/Art/2DArt/SkillIcons/MartialArtistSpectralBellSkill.webp"
"1788936811-154","https://poe2db.tw/us/Gem#ItemSkillGemsSummary","Attack","","","","Hollow ResonanceAttack, AoE, TriggerAttaches an ethereal bell to your back. Critical Hits with other Skills will cause the bell to ring out, damaging nearby enemies.","Hollow Resonance","","Attack, AoE, Trigger","","","","","","","","","","","","","","","","","","","","","","","","","","","","","","","","","Trigger","","AoE","","","","","","","https://cdn.poe2db.tw/image/Art/2DArt/SkillIcons/MartialArtistCarrySpectralBellSkill.webp"
"1788936811-155","https://poe2db.tw/us/Gem#ItemSkillGemsSummary","Buff","","","","Mirage DeadeyeBuff, Persistent, Trigger, Duration, MetaWhile active, firing a ranged Projectile Attack will create a Mirage that uses socketed ranged Attacks for a short duration, then vanish.","Mirage Deadeye","","Buff, Persistent, Trigger, Duration, Meta","","","","","","","","","","","","","","","","","","","","","Persistent","","","Meta","","Duration","","","","","","","Trigger","","","","","","","","","https://cdn.poe2db.tw/image/Art/2DArt/SkillIcons/RangerDeadeyeMirageSkill.webp"
"1788936811-156","https://poe2db.tw/us/Gem#ItemSkillGemsSummary","Spell","","","","Inevitable AgonySpell, AoE, Duration, RepeatableDebuff all targets in an area, causing a portion of Damage they take from Hits to be tracked by the Debuff. When the debuff's duration expires or can kill the target, the target loses life equal to that tracked damage all at once.","Inevitable Agony","","Spell, AoE, Duration, Repeatable","","","","","","","","","","","","Repeatable","","","","","","","","","","","","","","Duration","","","","","","","","","AoE","","","","","","","https://cdn.poe2db.tw/image/Art/2DArt/SkillIcons/TemporalistSynchronisationofPainSkill.webp"
"1788936811-157","https://poe2db.tw/us/Gem#ItemSkillGemsSummary","Buff","","","","Called ShotsBuff, Persistent, AoE, MetaApplies a socketed Mark Skill to a nearby unmarked Enemy every few seconds. Consuming socketed Marks will cause them to be reapplied to an unmarked Enemy. This reapplication can happen at most once every few seconds.","Called Shots","","Buff, Persistent, AoE, Meta","","","","","","","","","","","","","","","","Consuming","","","","","Persistent","","","Meta","","","","","","","","","","","AoE","","","","","","","https://cdn.poe2db.tw/image/Art/2DArt/SkillIcons/DeadeyeMarkMetagemSkill.webp"
"1788936811-158","https://poe2db.tw/us/Gem#ItemSkillGemsSummary","Buff","","","","Herald of AshBuff, Persistent, AoE, Fire, Duration, HeraldWhile active, enemies you sufficiently Overkill with non-Herald Attacks will cause an explosion that Ignites nearby enemies based on the Overkill damage dealt.","Herald of Ash","","Buff, Persistent, AoE, Fire, Duration, Herald","Herald","Herald","","","","","","","","","","","","","","","","","","","Persistent","","","","","Duration","","","","","","Fire","","","AoE","","","","","","","https://cdn.poe2db.tw/image/Art/2DArt/SkillIcons/HeraldOfAshSkill.webp"
"1788936811-159","https://poe2db.tw/us/Gem#ItemSkillGemsSummary","Buff","","","","Herald of IceBuff, Attack, Persistent, AoE, Cold, Herald, PayoffWhile active, Shattering an enemy with a non-Herald Attack Hit will cause an icy explosion that deals Attack damage to surrounding enemies.","Herald of Ice","","Buff, Attack, Persistent, AoE, Cold, Herald, Payoff","Herald","Herald","","","","","","","","","","","","","","","","","","","Persistent","","Cold","","","","","","","","","","","","AoE","","","","","","","https://cdn.poe2db.tw/image/Art/2DArt/SkillIcons/HeraldOfIceSkill.webp"
"1788936811-160","https://poe2db.tw/us/Gem#ItemSkillGemsSummary","Buff","","","","Herald of ThunderBuff, Attack, Persistent, AoE, Lightning, Herald, PayoffWhile active, killing Shocked enemies with a non-Herald Attack Hit will cause subsequent Attack Hits to release lightning bolts which dealAttack damage to all surrounding enemies.","Herald of Thunder","","Buff, Attack, Persistent, AoE, Lightning, Herald, Payoff","Herald","Herald","","","","","","","","","Lightning","","","","","","","","","","Persistent","","","","","","","","","","","","","","AoE","","","","","","","https://cdn.poe2db.tw/image/Art/2DArt/SkillIcons/HeraldOfThunderSkill.webp"
"1788936811-161","https://poe2db.tw/us/Gem#ItemSkillGemsSummary","Buff","","","","Withering PresenceBuff, Persistent, Aura, Chaos, DurationWhile active, emits an Aura that periodically Withers enemies in your Presence.","Withering Presence","","Buff, Persistent, Aura, Chaos, Duration","","","","Presence","","","","","","","","","Chaos","","","","","","","","Persistent","","","","","Duration","","","Aura","Aura","","","","","","","","","","","","https://cdn.poe2db.tw/image/Art/2DArt/SkillIcons/WitchWitheringPresence.webp"
"1788936811-162","https://poe2db.tw/us/Gem#ItemSkillGemsSummary","Attack","","","","ParryAttack, Melee, Physical, Duration, ChannellingReady your Buckler to parry the next Hit you would take, Blocking the Hit and retaliating with a quick sweep that leaves enemies off balance, causing them to take massively increased Attack damage for a short duration. Parrying causes you to accumulate Heavy Stun buildup. You cannot Evade a Hit you could parry, but Evasion instead grants an equal chance to avoid this Heavy Stun buildup.","Parry","Hit","Attack, Melee, Physical, Duration, Channelling","","","","","","","","","","","","","","","","","","Physical","","","","","","","","Duration","","","","","","","","Channelling","","","","","","Melee","","https://cdn.poe2db.tw/image/Art/2DArt/SkillIcons/HuntressBucklerParry.webp"
"1788936811-163","https://poe2db.tw/us/Gem#ItemSkillGemsSummary","Buff","","","","Cast on Charm UseBuff, Persistent, Trigger, MetaWhile active, gains Energy when one of your Charms is used and triggers socketed Spells on reaching maximum Energy.","Cast on Charm Use","","Buff, Persistent, Trigger, Meta","","","","","","","","","","","","","","","","","","","","","Persistent","","","Meta","","","","","","","","","Trigger","","","","","","","","","https://cdn.poe2db.tw/image/Art/2DArt/SkillIcons/CastOnCharm.webp"
"1788936811-164","https://poe2db.tw/us/Gem#ItemSkillGemsSummary","Buff","","","","TrinityBuff, Persistent, Lightning, Cold, FireBecome attuned to all Elements building up Fire, Cold and Lightning Affinity based off the highest Elemental Damage type dealt by your Hits. Your Elemental Damage is enhanced the more Affinity of any type you have.","Trinity","","Buff, Persistent, Lightning, Cold, Fire","","","","","","","","","","","Lightning","","","","","","","","","","Persistent","","Cold","","","","","","","","","Fire","","","","","","","","","","https://cdn.poe2db.tw/image/Art/2DArt/SkillIcons/HuntressTrinitySkillIcon.webp"
"1788936811-165","https://poe2db.tw/us/Gem#ItemSkillGemsSummary","Attack","","","Trail of Caltrops","Trail of CaltropsAttack, Buff, Persistent, AoE, Projectile, Trigger, Physical, Duration, HazardWhile active, scatters caltrops in your wake when you dodge.","","","Attack, Buff, Persistent, AoE, Projectile, Trigger, Physical, Duration, Hazard","","","","","","","","","","","","","","","","","","Physical","","","Persistent","","","","","Duration","","","","","","","Trigger","","AoE","","","Projectile","","","","https://cdn.poe2db.tw/image/Art/2DArt/SkillIcons/CaltropsOnDodgeSkillIcon.webp"
"1788936811-166","https://poe2db.tw/us/Gem#ItemSkillGemsSummary","Attack","","","","Elemental SurgeAttack, AoE, Trigger, Lightning, Cold, FireGrants your weapon Surges. Non-Melee Projectile Attacks with that weapon Consume Surges to cause the Projectiles fired to explode at the end of their flight.","Elemental Surge","","Attack, AoE, Trigger, Lightning, Cold, Fire","","","","","","","","","","","Lightning","","","","","","","","","","","","Cold","","","","","","","","","Fire","Trigger","","AoE","","","","","","","https://cdn.poe2db.tw/image/Art/2DArt/SkillIcons/AmazonElementalInfusionSkillIcon.webp"
"1788936811-167","https://poe2db.tw/us/Gem#ItemSkillGemsSummary","Attack","","","","Chaotic SurgeAttack, AoE, Trigger, ChaosGrants your weapon Surges. Non-Melee Projectile Attacks with that weapon Consume Surges to cause the Projectiles fired to explode at the end of their flight.","Chaotic Surge","","Attack, AoE, Trigger, Chaos","","","","","","","","","","","","","Chaos","","","","","","","","","","","","","","","","","","","","Trigger","","AoE","","","","","","","https://cdn.poe2db.tw/image/Art/2DArt/SkillIcons/SpireofIreSkillIcon.webp"
"1788936811-168","https://poe2db.tw/us/Gem#ItemSkillGemsSummary","Buff","","","","Thundergod's WrathBuff, Persistent, Trigger, Lightning, MetaWhile active, gains Energy when you Hit enemies with Melee Attacks and triggers socketed Lightning spells on reaching maximum Energy.","Thundergod's Wrath","","Buff, Persistent, Trigger, Lightning, Meta","","","","","","","","","","","Lightning","","","","","","","","","","Persistent","","","Meta","","","","","","","","","Trigger","","","","","","","","","https://cdn.poe2db.tw/image/Art/2DArt/SkillIcons/CastLightningSpellOnHitSkill.webp"
"1788936811-169","https://poe2db.tw/us/Gem#ItemSkillGemsSummary","Buff","","","","Fire Spell on HitBuff, Persistent, Trigger, Fire, MetaWhile active, gains Energy when you Hit enemies with Melee Attacks and triggers socketed Fire spells on reaching maximum Energy.","Fire Spell on Hit","","Buff, Persistent, Trigger, Fire, Meta","","","","","","","","","","","","","","","","","","","","","Persistent","","","Meta","","","","","","","","Fire","Trigger","","","","","","","","","https://cdn.poe2db.tw/image/Art/2DArt/SkillIcons/SmithOfKitavaTriggerFireballsSkillIcon.webp"
"1788936811-170","https://poe2db.tw/us/Gem#ItemSkillGemsSummary","Minion","","","","Manifest WeaponMinion, Companion, PersistentManifest a copy of your main hand Melee Martial Weapon as an immortal Companion to fight by your side. In addition to its standard Strikes, the Manifested Weapon gains an additional Attack depending on its weapon type.","Manifest Weapon","","Minion, Companion, Persistent","","","","","","","","","","Companion","","","","","","","","","","","Persistent","","","","","","","","","","","","","","","","","","","","Strikes","https://cdn.poe2db.tw/image/Art/2DArt/SkillIcons/SmithOfKitavaCreateWeaponSkillIcon.webp"
"1788936811-171","https://poe2db.tw/us/Gem#ItemSkillGemsSummary","Minion","","","","Supporting FireMinion, PersistentRecruit artillery Minions that take up positions behind you. They will lie in wait for your Command, then fire volleys of arrows at the target location.","Supporting Fire","","Minion, Persistent","","","","","Command","","","","","","","","","","","","","","","","Persistent","","","","","","","","","","","","","","","","","","","","","https://cdn.poe2db.tw/image/Art/2DArt/SkillIcons/TacticianDeathFromAboveSkillIcon.webp"
"1788936811-172","https://poe2db.tw/us/Gem#ItemSkillGemsSummary","Attack","","","","Temper WeaponAttack, Buff, AoE, Melee, Trigger, Fire, ChannellingChannel to temper your main hand Melee Martial Weapon. Each hit of the hammer against the anvil Empowers subsequent Attacks to Combust when Hitting enemies.","Temper Weapon","","Attack, Buff, AoE, Melee, Trigger, Fire, Channelling","","","","","","","","","","","","","","","","","","","","","","","","","","","","","","","","Fire","Trigger","Channelling","AoE","","","","","Melee","","https://cdn.poe2db.tw/image/Art/2DArt/SkillIcons/SmithOfKitavaImbueWeaponSkillIcon.webp"
"1788936811-173","https://poe2db.tw/us/Gem#ItemSkillGemsSummary","Spell","","Convalescence","","ConvalescenceSpell, Buff, Persistent, DurationWhile active, grants a skill that you can use to instantly begin Recharging Energy Shield and gain a Buff for a duration that prevents that Recharge being interrupted. The Buff is removed at maximum Energy Shield and the skill cannot be used while Energy Shield is full.","","","Spell, Buff, Persistent, Duration","","","","","","","","","","","","","","","","","","","","","Persistent","","","","","Duration","","Energy Shield","","","","","","","","","","","","","","https://cdn.poe2db.tw/image/Art/2DArt/SkillIcons/ConvalescenceSkillIcon.webp"
"1788936811-174","https://poe2db.tw/us/Gem#ItemSkillGemsSummary","Spell","","","","UnleashSpell, Buff, DurationAugment yourself with temporal magic for a short duration, Empowering the next Repeatable Spell you cast to Repeat multiple times. Cannot Empower Skills with a Cooldown.","Unleash","","Spell, Buff, Duration","","","","","","","","","","","","","","","","","","","","","","","","","","Duration","","","","","","","","","","","","","","","","https://cdn.poe2db.tw/image/Art/2DArt/SkillIcons/SorceressTemporalistUnleash.webp"
"1788936811-175","https://poe2db.tw/us/Gem#ItemSkillGemsSummary","Attack","","","","Void IllusionAttack, Buff, Persistent, AoE, Trigger, DurationWhile active, creates a short-lived illusory copy of yourself whenever you dodge roll. The copy can be damaged by enemies, and copies that are destroyed by an enemy will cause damaging explosions. Copies created this way have 1 Life.","Void Illusion","","Attack, Buff, Persistent, AoE, Trigger, Duration","","","","","","","","","","","","","","","","","","","","","Persistent","","","","","Duration","","","","","","","Trigger","","AoE","","","","","","","https://cdn.poe2db.tw/image/Art/2DArt/SkillIcons/MonkVoidIllusion.webp"
"1788936811-176","https://poe2db.tw/us/Gem#ItemSkillGemsSummary","Attack","","","","Gemini SurgeAttack, AoE, Trigger, Cold, FireGrants your weapon Surges. Non-Melee Projectile Attacks with that weapon Consume Surges to cause the Projectiles fired to explode at the end of their flight.","Gemini Surge","","Attack, AoE, Trigger, Cold, Fire","","","","","","","","","","","","","","","","","","","","","","","Cold","","","","","","","","","Fire","Trigger","","AoE","","","","","","","https://cdn.poe2db.tw/image/Art/2DArt/SkillIcons/AmazonElementalInfusionSkillIcon.webp"
"1788936811-177","https://poe2db.tw/us/Gem#ItemSkillGemsSummary","Attack","","","","Bursting Fen ToadAttack, AoE, Trigger, Physical, ChaosThis skill creates a toad that jumps around briefly, the toad then explodes, dealing Attack damage in an area and inflicting Poison.  Damage you deal with this skill is not based on your Weapon.","Bursting Fen Toad","","Attack, AoE, Trigger, Physical, Chaos","","","","","","","","","","","","","Chaos","","","","","Physical","","","","","","","","","","","","","","","Trigger","","AoE","","","","","","","https://cdn.poe2db.tw/image/Art/2DArt/SkillIcons/MurkshaftToads.webp"
"1788936811-178","https://poe2db.tw/us/Gem#ItemSkillGemsSummary","Buff","","","","Iron WardBuff, Persistent, AoE, Physical, NovaWhile active, stores a percentage of the Physical damage that is prevented by your Armour or other sources of damage reduction. Using this Skill releases the stored damage as a nova of spikes.","","","Buff, Persistent, AoE, Physical, Nova","","","Nova","","","","","","","","","","","","Iron Ward","","","Physical","","","Persistent","","","","","","","","","","","","","","AoE","Physical","","","","","","https://cdn.poe2db.tw/image/Art/2DArt/SkillIcons/WardingSteel.webp"
"1788936811-179","https://poe2db.tw/us/Gem#ItemSkillGemsSummary","Spell","","Icestorm","","IcestormSpell, AoE, Sustained, Cold, Duration, Payoff, Repeatable, StormConjure a hail of icy bolts over the targeted area. Chill and Freeze on enemies in front of you are Consumed to fuel the Icestorm by creating improved bolts.","","","Spell, AoE, Sustained, Cold, Duration, Payoff, Repeatable, Storm","","","","","","Sustained","","","","","","Repeatable","","","","Consumed","","","","","","","Cold","","","Duration","","","","","","","","","AoE","","","","","","","https://cdn.poe2db.tw/image/Art/2DArt/SkillIcons/IceStormSkillStaff.webp"
"1788936811-180","https://poe2db.tw/us/Gem#ItemSkillGemsSummary","Spell","","","","Pinnacle of PowerSpell, Buff, Lightning, Cold, Fire, Duration, ConditionalConsume all Power Charges to master the elements, gaining Elemental Damage and the ability to apply Elemental Ailments with other damage types. Can only be used while you have maximum Power Charges.","Pinnacle of Power","","Spell, Buff, Lightning, Cold, Fire, Duration, Conditional","","","","","","","","","","","Lightning","","","","","","","","","Power Charges","","","Cold","","","Duration","","","","","","Fire","","","","","","","","","","https://cdn.poe2db.tw/image/Art/2DArt/SkillIcons/ElementalPowerSkillWand.webp"
"1788936811-181","https://poe2db.tw/us/Gem#ItemSkillGemsSummary","Attack","","","","RequiemAttack, AoE, Ammunition, Projectile, Cold, ConditionalYour weapon passively accumulates anguish from the tormented souls within. When fully charged, use this skill to compose the Requiem, transforming your Crossbow shot into a torrent of anguish for a short, fixed amount of time. Does not use Ammunition.","Requiem","","Attack, AoE, Ammunition, Projectile, Cold, Conditional","","","","","","","","","","","","","","","","","","","","","","","Cold","","","","","","","","","","","","AoE","","","Projectile","","","","https://cdn.poe2db.tw/image/Art/2DArt/SkillIcons/RequiemChargeSkillCrossbow.webp"
"1788936811-182","https://poe2db.tw/us/Gem#ItemSkillGemsSummary","Spell","","Heart of Ice","","Heart of IceSpell, Buff, Persistent, Aura, ColdChills all enemies in your Presence.","","","Spell, Buff, Persistent, Aura, Cold","","","","Presence","","","","","","","","","","","","","","","","","Persistent","","Cold","","","","","","Aura","","","","","","","","","","","","","https://cdn.poe2db.tw/image/Art/2DArt/SkillIcons/ChillingAuraSkillStaff.webp"
"1788936811-183","https://poe2db.tw/us/Gem#ItemSkillGemsSummary","Buff","","Fulmination","","FulminationBuff, Persistent, Aura, LightningWhile active, the first time any Skill Hits a Shocked enemy in your Presence, that Skill also Hits other Shocked enemies in your Presence, up to a maximum.","","","Buff, Persistent, Aura, Lightning","","","","Presence","","","","","","","Lightning","","","","","","","","","","Persistent","","","","","","","","Aura","","","","","","","","","","","","","https://cdn.poe2db.tw/image/Art/2DArt/SkillIcons/WrathAuraWeaponSkill.webp"
"1788936811-184","https://poe2db.tw/us/Gem#ItemSkillGemsSummary","Buff","","","","Primal BountyBuff, TriggerEmpowers the next Projectile Skill you use, causing it to create additional Projectiles and fly faster.","Primal Bounty","","Buff, Trigger","","","","","","","","","","","","","","","","","","","","","","","","","","","","","","","","","Trigger","","","","","","","","","https://cdn.poe2db.tw/image/Art/2DArt/SkillIcons/WildspeakerOwlFeathersSkill.webp"
"1788936811-185","https://poe2db.tw/us/Gem#ItemSkillGemsSummary","Spell","","Feast of Flesh","","Feast of FleshSpell, Buff, AoE, Nova, RepeatableConsume Corpses near you to recover Life and Mana over a short time per Corpse Consumed.","","","Spell, Buff, AoE, Nova, Repeatable","","","Nova","","","","","","","","","Repeatable","","","","Consume","","","","","","","","","","","","","","","Corpses","","","","AoE","","","","","","","https://cdn.poe2db.tw/image/Art/2DArt/SkillIcons/WeaponFeastofFlesh.webp"
"1788936811-186","https://poe2db.tw/us/Gem#ItemSkillGemsSummary","Command","","","","Navira's OasisCommand, AoE, Duration","Navira's Oasis","","Command, AoE, Duration","","","","","","","","","","","","","","","","","","","","","","","","","","Duration","","","","","","","","","AoE","","","","","","","https://cdn.poe2db.tw/image/Art/2DArt/SkillIcons/Rolldodge.webp"
"1788936811-187","https://poe2db.tw/us/Gem#ItemSkillGemsSummary","Buff","","Spellslinger","","SpellslingerBuff, Persistent, Trigger, Invocation, MetaWhile active, gains Energy when you cast Spells. Using the Invocation once sufficient Energy is gathered will consume the Energy to trigger socketed Spells, and can trigger them multiple times if it has enough Energy.","","","Buff, Persistent, Trigger, Invocation, Meta","","","","","","","","","","","","","","","","","","","","","Persistent","","","Meta","","","","","","","","","Trigger","","","","","","","","","https://cdn.poe2db.tw/image/Art/2DArt/SkillIcons/SpellslingerWeaponSkill.webp"
"1788936811-188","https://poe2db.tw/us/Gem#ItemSkillGemsSummary","Buff","","","","Crackling PalmBuff, Attack, Persistent, AoE, LightningWhen you Hit with Unarmed Melee Attacks, calls down lightning bolts which deal Unarmed Attack damage to all surrounding enemies.","Crackling Palm","","Buff, Attack, Persistent, AoE, Lightning","","","","","","","","","","","Lightning","","","","","","","","","","Persistent","","","","","","","","","","","","","","AoE","","","","","","","https://cdn.poe2db.tw/image/Art/2DArt/SkillIcons/ThunderfistUniqueSkill.webp"
"1788936811-189","https://poe2db.tw/us/Gem#ItemSkillGemsSummary","Buff","","","","Future-PastBuff, Persistent, DurationHinekora observes your Future-Past granting you the opportunity to subvert a lesser fate. After a period of Hindsight, she will grant you her Foresight, which prevents you from avoiding Hits while Dodge Rolling. When you are Hit while Dodge Rolling, Hinekora restores you to full Life immediately before taking damage from the Hit, and grants you Sight Beyond Sight, which prevents you from dying.","Future-Past","","Buff, Persistent, Duration","","","","","","","","","","","","","","","","","","","","","Persistent","","","","","Duration","","","","","","","","","","","","","","","","https://cdn.poe2db.tw/image/Art/2DArt/SkillIcons/HinekorasSightUnique.webp"
"1788936811-190","https://poe2db.tw/us/Gem#ItemSkillGemsSummary","Channelling","","","","Runic TemperingChannellingChannel to imbue your armour with Runic Plates. When you are Hit while you have these plates, some of the damage you would take will be prevented, and this skill will cause backlash, dealing your Thorns damage in an area around your attacker.","Runic Tempering","","Channelling","","","","","","","","","","","","","","","","","","","","","","","","","","","","","","","","","","Channelling","","","","","","","","https://cdn.poe2db.tw/image/Art/2DArt/SkillIcons/SerlesMasterwork.webp"
"1788936811-191","https://poe2db.tw/us/Gem#ItemSkillGemsSummary","Buff","","Siphon Elements","","Siphon ElementsBuff, Persistent, Lightning, Cold, Fire, RemnantWhile active, has a chance to create an Infusion Remnant when you Freeze, Shock or Ignite a target.","","","Buff, Persistent, Lightning, Cold, Fire, Remnant","","","","","","","Infusion","","","","Lightning","","","","","","","","","","Persistent","","Cold","","","","","","","","","Fire","","","","","Remnant","","","","","https://cdn.poe2db.tw/image/Art/2DArt/SkillIcons/SiphonElements.webp"
"1788936811-192","https://poe2db.tw/us/Gem#ItemSkillGemsSummary","Buff","","","","BriarpatchBuff, Spell, Persistent, AoE, Sustained, Physical, Duration, PlantWhile active, a portion of the Physical Attack damage you deal is stored. Casting a Spell uses the stored damage to create a patch of Thorny Ground that deals Spell damage to moving enemies.","Briarpatch","","Buff, Spell, Persistent, AoE, Sustained, Physical, Duration, Plant","","","","","","Sustained","","","","","","","","","","","","Physical","","","Persistent","","","","","Duration","","","","","","","","","AoE","Physical","","","","","","https://cdn.poe2db.tw/image/Art/2DArt/SkillIcons/DruidBriarpatch.webp"
"1788936811-193","https://poe2db.tw/us/Gem#ItemSkillGemsSummary","Buff","","","","Eternal RageBuff, PersistentWhile active, you constantly regenerate Rage.","","","Buff, Persistent","","","","","","","","","","","","","","","Eternal Rage","","","","","","Persistent","","","","","","","","","","","","","","","","","","","","","https://cdn.poe2db.tw/image/Art/2DArt/SkillIcons/CeaselessRageSkill.webp"
"1788936811-194","https://poe2db.tw/us/Gem#ItemSkillGemsSummary","Buff","","","","Savage FuryBuff, Persistent, DurationWhile active, your Fury builds from Attacking enemies. Using this Skill releases your Fury to send you into a bestial frenzy, gaining damage and Onslaught but constantly losing life and forcing you into animal form. The frenzy ends immediately if you return to human form. You cannot gain Fury while in a frenzy.","Savage Fury","","Buff, Persistent, Duration","","","","","","","","","","","","","","","","","","","","","Persistent","","","","","Duration","","","","","","","","","","","","","","","","https://cdn.poe2db.tw/image/Art/2DArt/SkillIcons/DruidWildBeast.webp"
"1788936811-195","https://poe2db.tw/us/Gem#ItemSkillGemsSummary","Spell","","","","The Stars AnswerSpell, Buff, AoE, Trigger, Physical, Cold, DurationLeash the stars themselves by leveraging your vast magical power, repeatedly Triggering Starfall targeting an enemy in an area around you, or a random location in that area if no enemies can be targeted.","The Stars Answer","","Spell, Buff, AoE, Trigger, Physical, Cold, Duration","","","","","","","","","","","","","","","","","","Physical","","","","","Cold","","","Duration","","","","","","","Trigger","","AoE","","","","","","","https://cdn.poe2db.tw/image/Art/2DArt/SkillIcons/Runeseeker.webp"
"1788936811-196","https://poe2db.tw/us/Gem#ItemSkillGemsSummary","Buff","","","","ApocalypseBuff, Spell, AoE, Trigger, Lightning, Cold, Fire, Duration, Conditional, StormBuild Glory by Hitting enemies with Elemental damage. When you have maximum Glory, you may become the walking Apocalypse for a duration, Triggering one of multiple powerful Elemental Skills at an interval while this Buff lasts.","Apocalypse","","Buff, Spell, AoE, Trigger, Lightning, Cold, Fire, Duration, Conditional, Storm","","","","","","","","","","","Lightning","","","","","","","","","","","","Cold","","","Duration","","","","","","Fire","Trigger","","AoE","","","","","","","https://cdn.poe2db.tw/image/Art/2DArt/SkillIcons/DruidShamanUnleashtheElementsSkill.webp"
"1788936811-197","https://poe2db.tw/us/Gem#ItemSkillGemsSummary","Buff","","Mirror of Refraction","","Mirror of RefractionBuff, Persistent, DurationMirrors of Refraction appear in your Presence periodically. Hitting a mirror with a Spell Projectile causes it to shatter, copying the projectiles in a nova around the destroyed mirror. Copied Projectiles may be copied again when colliding with other mirrors.","","","Buff, Persistent, Duration","","","","Presence","","","","","","","","","","","","","","","","","Persistent","","","","","Duration","","","","","","","","","","","","","","","","https://cdn.poe2db.tw/image/Art/2DArt/SkillIcons/AtzirisRule.webp"
"1788936811-198","https://poe2db.tw/us/Gem#ItemSkillGemsSummary","Buff","","","","BarkskinBuff, Persistent, DurationWhile active, taking Hit damage from enemies to your Energy Shield causes you to gain Armour for a short duration. Armour gained from multiple Hits can stack. The total Armour gained from this Skill cannot exceed the Item Armour on your Equipped Armour Items.","Barkskin","Equipped Armour Items","Buff, Persistent, Duration","","","","","","","","","","","","","","","","","","","","","Persistent","","","","","Duration","","Energy Shield","","","","","","","","","","","","","","https://cdn.poe2db.tw/image/Art/2DArt/SkillIcons/DruidBarkSkin.webp"
"1788936811-199","https://poe2db.tw/us/Gem#ItemSkillGemsSummary","Buff","","","","Feral InvocationBuff, Persistent, Invocation, MetaWhile active, gains Energy when you spend Mana. Using the Invocation once sufficient Energy is gathered will consume the Energy to create visages which attack once with a socketed Shapeshifting Attack, creating multiple visages if it has enough Energy.","Feral Invocation","","Buff, Persistent, Invocation, Meta","","","","","","","","","","","","","","","","","","","","","Persistent","","","Meta","","","","","","","","","","","","","","","","","","https://cdn.poe2db.tw/image/Art/2DArt/SkillIcons/DruidFeralInvocation.webp"
"1788936811-200","https://poe2db.tw/us/Gem#ItemSkillGemsSummary","Buff","","","","Archon of ChayulaBuff, Attack, AoE, Trigger, Physical, Chaos, Duration, Conditional, StormBuild Glory by dealing Chaos damage to enemies. When you have maximum Glory, you can entreat the Dreamer to inhabit you, briefly becoming his Archon.","Archon of Chayula","","Buff, Attack, AoE, Trigger, Physical, Chaos, Duration, Conditional, Storm","","","","","","","","","Chaos","","","","Chaos","","","","","Physical","","","","","","","","Duration","","","","","","","Trigger","","AoE","","","","","","","https://cdn.poe2db.tw/image/Art/2DArt/SkillIcons/AcolyteOfChayulaSpecialNodeSkill.webp"
"1788936811-201","https://poe2db.tw/us/Gem#ItemSkillGemsSummary","Buff","","","","Wildwood's GiftsBuff, Persistent, RemnantYou are chosen by Azmerian spirits who provide guidance, allowing you to see nearby Ancient Blooms.","Wildwood's Gifts","","Buff, Persistent, Remnant","","","","","","","","","","","","","","","","","","","","","Persistent","","","","","","","","","","","","","","","","Remnant","","","","","https://cdn.poe2db.tw/image/Art/2DArt/SkillIcons/TheHollowMaskSkill.webp"
"1788936811-202","https://poe2db.tw/us/Gem#ItemSkillGemsSummary","Attack","","","","Starborn OnslaughtAttack, AoE, Melee, Slam, Physical, Cold, DurationBuild up Glory by Freezing or Chilling enemies. When you have maximum Glory you may jump backwards loosing your Mace with the force of a falling comet onto your target. The impact releases Fissures and causes stars to fall in the area for a brief period.","Starborn Onslaught","","Attack, AoE, Melee, Slam, Physical, Cold, Duration","","","","","","","","","","","","","","","","","","Physical","","","","","Cold","","","Duration","","","","","","","","","AoE","","","","","Melee","","https://cdn.poe2db.tw/image/Art/2DArt/SkillIcons/HimindrygrSkillIcon.webp"
"1788936811-203","https://poe2db.tw/us/Gem#ItemSkillGemsSummary","Buff","","","","Azmerian SwarmsBuff, Minion, Persistent, Physical, Lightning, Cold, Fire, DurationWhile active, summons short-lived Azmerian Swarms when you kill enemies affected by Elemental Ailments or hit Rare or Unique enemies affected by Elemental Ailments. The swarms are untargetable Minions that pursue nearby enemies to Attack them and inflict Faerie Fire on Hit.","Azmerian Swarms","","Buff, Minion, Persistent, Physical, Lightning, Cold, Fire, Duration","","","","","","","","","","","Lightning","","","","","","","Physical","","","Persistent","","Cold","","","Duration","","","","","","Fire","","","","","","","","","","https://cdn.poe2db.tw/image/Art/2DArt/SkillIcons/FluttermothSkillIcon.webp"
"1788936811-204","https://poe2db.tw/us/Gem#ItemSkillGemsSummary","Buff","","","","Harbinger of MadnessBuff, Persistent, AoE, PhysicalDraws out the latent fears of enemies you kill and Rare or Unique enemies you Hit, turning them into unstable apparitions which charge towards enemies and then explode.","Harbinger of Madness","","Buff, Persistent, AoE, Physical","","","","","","","","","","","","","","","","","","Physical","","","Persistent","","","","","","","","","","","","","","AoE","","","","","","","https://cdn.poe2db.tw/image/Art/2DArt/SkillIcons/Murkmaw.webp"
"1788936811-205","https://poe2db.tw/us/Gem#ItemSkillGemsSummary","Attack","","","","Soaring MidnightAttack, AoE, Melee, Slam, Projectile, Physical, Cold, TravelHurl your Shield as a Projectile which Returns to you at the end of its flight. While the Shield is in flight, this skill is replaced with Embrace the Fall. This skill's cooldown is skipped if you catch the Shield as it Returns, or destroy an Ice Crystal with the Embrace the Fall.","Soaring Midnight","","Attack, AoE, Melee, Slam, Projectile, Physical, Cold, Travel","","","","","","","","","","","","","","","","","","Physical","","","","","Cold","","","","Travel","","","","","","","","AoE","","","Projectile","","Melee","","https://cdn.poe2db.tw/image/Art/2DArt/SkillIcons/ShieldNightfall1.webp"
"1788936811-206","https://poe2db.tw/us/Gem#ItemSkillGemsSummary","Minion","","","","Spirit VesselMinion, Companion, Persistent, MetaSummons a Shapeshifting Spirit Vessel Companion that uses copies of socketed Bear, Werewolf, and Wyvern Skills.","Spirit Vessel","","Minion, Companion, Persistent, Meta","","","","","","","","","","Companion","","","","","","","","","","","Persistent","","","Meta","","","","","","","","","","","","","","","","","","https://cdn.poe2db.tw/image/Art/2DArt/SkillIcons/TheAncientOrder.webp"
"1788936811-207","https://poe2db.tw/us/Gem#ItemSkillGemsSummary","Buff","","","","Midnight ZenithBuff, Persistent, AoE, Cold, DurationWhile active, Critical Hits with other skills that kill targets, or hit powerful targets cause you to gain Arctic Petals. Once you have enough Arctic Petals they will be Consumed to create Ice Crystals near the most recent target.","Midnight Zenith","","Buff, Persistent, AoE, Cold, Duration","","","","","","","","","","","","","","","","Consumed","","","","","Persistent","","Cold","","","Duration","","","","","","","","","AoE","","","","","","","https://cdn.poe2db.tw/image/Art/2DArt/SkillIcons/NattblomSkillIcon.webp"
"1788936811-208","https://poe2db.tw/us/Gem#ItemSkillGemsSummary","Buff","","","","Virtuous BarrierBuff, PersistentWhile active, conjures a glittering barrier that accumulates protective gemstone Motes of each Attribute type over time, but loses a random Mote when you are Hit.","Virtuous Barrier","","Buff, Persistent","","","","","","","","","","","","","","","","","","","","","Persistent","","","","","","","","","","","","","","","","","","","","","https://cdn.poe2db.tw/image/Art/2DArt/SkillIcons/GemBarrier.webp"
"1788936811-209","https://poe2db.tw/us/Gem#ItemSkillGemsSummary","Attack","","","","Molten ShowerAttack, AoE, Projectile, Trigger, FireFires molten Projectiles from the enemy hit, which will explode when they land nearby, dealing Attack damage in an area.","Molten Shower","","Attack, AoE, Projectile, Trigger, Fire","","","","","","","","","","","","","","","","","","","","","","","","","","","","","","","","Fire","Trigger","","AoE","","","Projectile","","","","https://cdn.poe2db.tw/image/Art/2DArt/SkillIcons/VolcanicEruptionSkillIcon.webp"
"1788936811-210","https://poe2db.tw/us/Gem#ItemSkillGemsSummary","Buff","","","","Herald of the Royal QueenBuff, Attack, Persistent, AoE, Physical, Herald, PayoffKilling an enemy with Blood Loss will cause a bloody explosion that deals Physical Attack damage to surrounding enemies. This damage is not based on your Weapon Damage, but is based on their accumulated Blood Loss. The explosion destroys their Corpse if the enemy was Normal or Magic.","Herald of the Royal Queen","","Buff, Attack, Persistent, AoE, Physical, Herald, Payoff","Herald","","","","","","","","","","","","","","","","","Physical","","","Persistent","","","","","","","","","","Corpse","","","","AoE","Physical","","","","","","https://cdn.poe2db.tw/image/Art/2DArt/SkillIcons/AtziriHeraldOfBlood.webp"
"1788936811-211","https://poe2db.tw/us/Gem#ItemSkillGemsSummary","Buff","","","","Queen's ProcessionBuff, Attack, Persistent, AoE, PhysicalWhile active, Sprinting turns you into a locust swarm which deals Physical Attack damage, which is not based on your Weapon's damage, in an area around you. You take damage and gain Heavy Stun buildup if this Hits any targets, but damage you take from other sources while sprinting will not apply Heavy Stun or interrupt your sprinting.","Queen's Procession","","Buff, Attack, Persistent, AoE, Physical","","","","","","","","","","","","","","","","","","Physical","","","Persistent","","","","","","","","","","","","","","AoE","Physical","","","","","","https://cdn.poe2db.tw/image/Art/2DArt/SkillIcons/RitualistQueenInTheMistsSkill.webp"
