web_scraper_order,web_scraper_start_url,name,name2,name3,name4,name5,name6,name7,name8,name9,name10,name11,name12,name13,name14,name15,name16,name17,name18,name19,name20,name21,name22,name23,name24,name25,name26,name27,name28,name29,name30,name31,name32,name33,name34,name35,name36,name37,name38,name39,name40,name41,name42,name43,name44,name45,name46,image
"1788937157-1","https://poe2db.tw/us/Skill_Gems","Boneshatter","Boneshatter (1)Attack, AoE, Melee, Strike","Attack, AoE, Melee, Strike","","","","","","","","","","","","","","","","","","","","","","","","","AoE","Attack","","","Melee","","","","","","","","","","","","","Strike","","https://cdn.poe2db.tw/image/Art/2DArt/SkillIcons/BruteBoneshatter.webp"
"1788937157-2","https://poe2db.tw/us/Skill_Gems","Earthquake","Earthquake (1)Attack, AoE, Melee, Slam, Duration","Attack, AoE, Melee, Slam, Duration","","","","","Slam","","","","","","","","","","","","","","Duration","","","","","","AoE","Attack","","","Melee","","","","","","","","","","","","","","","https://cdn.poe2db.tw/image/Art/2DArt/SkillIcons/BruteEarthquake.webp"
"1788937157-3","https://poe2db.tw/us/Skill_Gems","Rolling Slam","Rolling Slam (1)Attack, AoE, Melee, Slam","Attack, AoE, Melee, Slam","","","","","Slam","","","","","","","","","","","","","","","","","","","","AoE","Attack","","","Melee","","","","","","","","","","","","","","","https://cdn.poe2db.tw/image/Art/2DArt/SkillIcons/BruteDoubleSlam.webp"
"1788937157-4","https://poe2db.tw/us/Skill_Gems","Armour Breaker","Armour Breaker (3)Attack, AoE, Melee, Strike, Physical","Attack, AoE, Melee, Strike, Physical","","","","","","","","","","","","","","","","","","","","","","","","Physical","AoE","Attack","","","Melee","","","","","","","","","","","","","Strike","","https://cdn.poe2db.tw/image/Art/2DArt/SkillIcons/BruteHeavyStrike.webp"
"1788937157-5","https://poe2db.tw/us/Skill_Gems","Infernal Cry","Infernal Cry (3)Warcry, AoE, Trigger, Fire, Duration, Nova","Warcry, AoE, Trigger, Fire, Duration, Nova","Warcry","","","","","","","","","","Nova","","","","","","","","Duration","","","","","","AoE","","","Fire","","","","","","","Trigger","","","","","","","","","https://cdn.poe2db.tw/image/Art/2DArt/SkillIcons/BruteInfernalCry.webp"
"1788937157-6","https://poe2db.tw/us/Skill_Gems","Shield Charge","Shield Charge (3)Attack, AoE, Melee, Physical, Channelling, Travel","Attack, AoE, Melee, Physical, Channelling, Travel","","","","","","","","","","","","","","","","","","","","Channelling","","","","Physical","AoE","Attack","","","Melee","","Travel","","","","","","","","","","","","","https://cdn.poe2db.tw/image/Art/2DArt/SkillIcons/BruteShieldCharge.webp"
"1788937157-7","https://poe2db.tw/us/Skill_Gems","Shockwave Totem","Shockwave Totem (3)Attack, Totem, AoE, Melee, Slam, Duration, Nova","Attack, Totem, AoE, Melee, Slam, Duration, Nova","","","","","Slam","","","Totem","","","Nova","","","","","","","","Duration","","","","","","AoE","Attack","","","Melee","","","","","","","","","","","","","","","https://cdn.poe2db.tw/image/Art/2DArt/SkillIcons/BruteShockwaveTotem.webp"
"1788937157-8","https://poe2db.tw/us/Skill_Gems","Herald of Ash","Herald of Ash (4)Buff, Persistent, AoE, Fire, Duration, Herald","Buff, Persistent, AoE, Fire, Duration, Herald","","Herald","","","","","","","","","","","","","","","","","Duration","","","","","","AoE","","Buff","Fire","","Persistent","","","","","","","","","","","","","","https://cdn.poe2db.tw/image/Art/2DArt/SkillIcons/HeraldOfAshSkill.webp"
"1788937157-9","https://poe2db.tw/us/Skill_Gems","Iron Ward","Iron Ward (4)Buff, Persistent, AoE, Physical, Nova","Buff, Persistent, AoE, Physical, Nova","","","","","","","","","","","Nova","","","","","","","","","","","","","Physical","AoE","","Buff","","","Persistent","","","","","","","","","","","","","","https://cdn.poe2db.tw/image/Art/2DArt/SkillIcons/WardingSteel.webp"
"1788937157-10","https://poe2db.tw/us/Skill_Gems","Magma Barrier","Magma Barrier (4)Buff, Attack, Persistent, AoE, Melee, Trigger, Fire","Buff, Attack, Persistent, AoE, Melee, Trigger, Fire","","","","","","","","","","","","","","","","","","","","","","","","","AoE","Attack","Buff","Fire","Melee","Persistent","","","","","Trigger","","","","","","","","","https://cdn.poe2db.tw/image/Art/2DArt/SkillIcons/BruteMagmaBarrier.webp"
"1788937157-11","https://poe2db.tw/us/Skill_Gems","Scavenged Plating","Scavenged Plating (4)Buff, Persistent, Physical, Duration","Buff, Persistent, Physical, Duration","","","","","","","","","","","","","","","","","","","Duration","","","","","Physical","","","Buff","","","Persistent","","","","","","","","","","","","","","https://cdn.poe2db.tw/image/Art/2DArt/SkillIcons/BruteScavengedPlating.webp"
"1788937157-12","https://poe2db.tw/us/Skill_Gems","Molten Blast","Molten Blast (5)Attack, AoE, Projectile, Fire","Attack, AoE, Projectile, Fire","","","","","","","","","","","","","","","","Projectile","","","","","","","","","AoE","Attack","","Fire","","","","","","","","","","","","","","","","https://cdn.poe2db.tw/image/Art/2DArt/SkillIcons/BruteMoltenBlast.webp"
"1788937157-13","https://poe2db.tw/us/Skill_Gems","Perfect Strike","Perfect Strike (5)Attack, AoE, Melee, Strike, Fire, Channelling","Attack, AoE, Melee, Strike, Fire, Channelling","","","","","","","","","","","","","","","","","","","","Channelling","","","","","AoE","Attack","","Fire","Melee","","","","","","","","","","","","","Strike","","https://cdn.poe2db.tw/image/Art/2DArt/SkillIcons/BrutePerfectStrike.webp"
"1788937157-14","https://poe2db.tw/us/Skill_Gems","Resonating Shield","Resonating Shield (5)Attack, AoE, Melee, Sustained, Physical, Channelling","Attack, AoE, Melee, Sustained, Physical, Channelling","","","","","","","","","","","","","","Sustained","","","","","","Channelling","","","","Physical","AoE","Attack","","","Melee","","","","","","","","","","","","","","","https://cdn.poe2db.tw/image/Art/2DArt/SkillIcons/BruteResonatingShield.webp"
"1788937157-15","https://poe2db.tw/us/Skill_Gems","Earthshatter","Earthshatter (7)Attack, AoE, Melee, Slam, Duration","Attack, AoE, Melee, Slam, Duration","","","","","Slam","","","","","","","","","","","","","","Duration","","","","","","AoE","Attack","","","Melee","","","","","","","","","","","","","","","https://cdn.poe2db.tw/image/Art/2DArt/SkillIcons/BruteEarthshatter.webp"
"1788937157-16","https://poe2db.tw/us/Skill_Gems","Leap Slam","Leap Slam (7)Attack, AoE, Melee, Slam, Travel, Payoff","Attack, AoE, Melee, Slam, Travel, Payoff","","","","","Slam","","","","","Payoff","","","","","","","","","","","","","","","AoE","Attack","","","Melee","","Travel","","","","","","","","","","","","","https://cdn.poe2db.tw/image/Art/2DArt/SkillIcons/BruteLeapSlam.webp"
"1788937157-17","https://poe2db.tw/us/Skill_Gems","Shield Wall","Shield Wall (7)Attack, AoE, Melee, Physical, Duration","Attack, AoE, Melee, Physical, Duration","","","","","","","","","","","","","","","","","","","Duration","","","","","Physical","AoE","Attack","","","Melee","","","","","","","","","","","","","","","https://cdn.poe2db.tw/image/Art/2DArt/SkillIcons/BruteShieldWall.webp"
"1788937157-18","https://poe2db.tw/us/Skill_Gems","Volcanic Fissure","Volcanic Fissure (7)Attack, AoE, Melee, Slam, Sustained, Fire, Duration","Attack, AoE, Melee, Slam, Sustained, Fire, Duration","","","","","Slam","","","","","","","","","Sustained","","","","","Duration","","","","","","AoE","Attack","","Fire","Melee","","","","","","","","","","","","","","","https://cdn.poe2db.tw/image/Art/2DArt/SkillIcons/BruteVolcanicFissure.webp"
"1788937157-19","https://poe2db.tw/us/Skill_Gems","Overwhelming Presence","Overwhelming Presence (8)Buff, Persistent, Aura","Buff, Persistent, Aura","","","","","","","","","Aura","","","","","","","","","","","","","","","","","","Buff","","","Persistent","","","","","","","","","","","","","","https://cdn.poe2db.tw/image/Art/2DArt/SkillIcons/OverwhelmingPressureSkill.webp"
"1788937157-20","https://poe2db.tw/us/Skill_Gems","Time of Need","Time of Need (8)Buff, Persistent","Buff, Persistent","","","","","","","","","","","","","","","","","","","","","","","","","","","Buff","","","Persistent","","","","","","","","","","","","","","https://cdn.poe2db.tw/image/Art/2DArt/SkillIcons/TimeOfNeedSkill.webp"
"1788937157-21","https://poe2db.tw/us/Skill_Gems","Forge Hammer","Forge Hammer (9)Attack, AoE, Melee, Slam, Fire, Duration","Attack, AoE, Melee, Slam, Fire, Duration","","","","","Slam","","","","","","","","","","","","","","Duration","","","","","","AoE","Attack","","Fire","Melee","","","","","","","","","","","","","","","https://cdn.poe2db.tw/image/Art/2DArt/SkillIcons/WarriorForgeHammer.webp"
"1788937157-22","https://poe2db.tw/us/Skill_Gems","Fortifying Cry","Fortifying Cry (9)Warcry, Attack, AoE, Melee, Trigger, Physical, Duration, Nova","Warcry, Attack, AoE, Melee, Trigger, Physical, Duration, Nova","Warcry","","","","","","","","","","Nova","","","","","","","","Duration","","","","","Physical","AoE","Attack","","","Melee","","","","","","Trigger","","","","","","","","","https://cdn.poe2db.tw/image/Art/2DArt/SkillIcons/WarriorShieldingCry.webp"
"1788937157-23","https://poe2db.tw/us/Skill_Gems","Sunder","Sunder (9)Attack, AoE, Melee, Slam, Duration, Payoff","Attack, AoE, Melee, Slam, Duration, Payoff","","","","","Slam","","","","","Payoff","","","","","","","","","Duration","","","","","","AoE","Attack","","","Melee","","","","","","","","","","","","","","","https://cdn.poe2db.tw/image/Art/2DArt/SkillIcons/BruteSunder.webp"
"1788937157-24","https://poe2db.tw/us/Skill_Gems","Seismic Cry","Seismic Cry (11)Warcry, AoE, Physical, Nova","Warcry, AoE, Physical, Nova","Warcry","","","","","","","","","","Nova","","","","","","","","","","","","","Physical","AoE","","","","","","","","","","","","","","","","","","","https://cdn.poe2db.tw/image/Art/2DArt/SkillIcons/BruteSeismicCry.webp"
"1788937157-25","https://poe2db.tw/us/Skill_Gems","Stampede","Stampede (11)Attack, AoE, Melee, Slam, Duration, Travel","Attack, AoE, Melee, Slam, Duration, Travel","","","","","Slam","","","","","","","","","","","","","","Duration","","","","","","AoE","Attack","","","Melee","","Travel","","","","","","","","","","","","","https://cdn.poe2db.tw/image/Art/2DArt/SkillIcons/BruteStampede.webp"
"1788937157-26","https://poe2db.tw/us/Skill_Gems","Supercharged Slam","Supercharged Slam (11)Attack, AoE, Melee, Slam, Channelling, Staged","Attack, AoE, Melee, Slam, Channelling, Staged","","","","Staged","Slam","","","","","","","","","","","","","","","Channelling","","","","","AoE","Attack","","","Melee","","","","","","","","","","","","","","","https://cdn.poe2db.tw/image/Art/2DArt/SkillIcons/BruteSuperchargedSlam.webp"
"1788937157-27","https://poe2db.tw/us/Skill_Gems","Ancestral Cry","Ancestral Cry (13)Warcry, Attack, Buff, AoE, Melee, Slam, Projectile, Trigger, Fire, Duration, Nova, Conditional","Warcry, Attack, Buff, AoE, Melee, Slam, Projectile, Trigger, Fire, Duration, Nova, Conditional","Warcry","","","","Slam","","","","","","Nova","","","","","Projectile","","","Duration","","","","","","AoE","Attack","Buff","Fire","Melee","","","","Conditional","","Trigger","","","","","","","","","https://cdn.poe2db.tw/image/Art/2DArt/SkillIcons/WarriorAncestralCry.webp"
"1788937157-28","https://poe2db.tw/us/Skill_Gems","Ancestral Warrior Totem","Ancestral Warrior Totem (13)Totem, Attack, AoE, Melee, Duration, Conditional, Meta","Totem, Attack, AoE, Melee, Duration, Conditional, Meta","","","","","","","","Totem","","","","","","","","","","","Duration","","","","","","AoE","Attack","","","Melee","","","","Conditional","","","","","","Meta","","","","","https://cdn.poe2db.tw/image/Art/2DArt/SkillIcons/BruteAncestralWarriorTotem.webp"
"1788937157-29","https://poe2db.tw/us/Skill_Gems","Hammer of the Gods","Hammer of the Gods (13)Attack, AoE, Melee, Slam, Duration, Conditional","Attack, AoE, Melee, Slam, Duration, Conditional","","","","","Slam","","","","","","","","","","","","","","Duration","","","","","","AoE","Attack","","","Melee","","","","Conditional","","","","","","","","","","","https://cdn.poe2db.tw/image/Art/2DArt/SkillIcons/BruteHammerOfTheGods.webp"
"1788937157-30","https://poe2db.tw/us/Skill_Gems","Berserk","Berserk (14)Buff, Persistent","Buff, Persistent","","","","","","","","","","","","","","","","","","","","","","","","","","","Buff","","","Persistent","","","","","","","","","","","","","","https://cdn.poe2db.tw/image/Art/2DArt/SkillIcons/BeserkSkill.webp"
"1788937157-31","https://poe2db.tw/us/Skill_Gems","Eternal Rage","Eternal Rage (14)Buff, Persistent","Buff, Persistent","","","","","","","","","","","","","","","","","","","","","","","","","","","Buff","","","Persistent","","","","","","","","","","","","","","https://cdn.poe2db.tw/image/Art/2DArt/SkillIcons/CeaselessRageSkill.webp"
"1788937157-32","https://poe2db.tw/us/Skill_Gems","Companion: {0}","Companion: {0} (1)Minion, Companion, Persistent","Minion, Companion, Persistent","","","","","","","","","","","","","","","","","","","","","","","","","","","","","","Persistent","","","","","","Minion","","","","Companion","","","","https://cdn.poe2db.tw/image/Art/2DArt/SkillIcons/HuntressSummonCompanion.webp"
"1788937157-33","https://poe2db.tw/us/Skill_Gems","Disengage","Disengage (1)Attack, AoE, Melee, Strike, Travel","Attack, AoE, Melee, Strike, Travel","","","","","","","","","","","","","","","","","","","","","","","","","AoE","Attack","","","Melee","","Travel","","","","","","","","","","","Strike","","https://cdn.poe2db.tw/image/Art/2DArt/SkillIcons/ImpaleSkillIcon.webp"
"1788937157-34","https://poe2db.tw/us/Skill_Gems","Escape Shot","Escape Shot (1)Attack, AoE, Projectile, Trigger, Cold","Attack, AoE, Projectile, Trigger, Cold","","","","","","","","","","","","","","","","Projectile","","","","","","","","","AoE","Attack","","","","","","","","","Trigger","","Cold","","","","","","","https://cdn.poe2db.tw/image/Art/2DArt/SkillIcons/RangerFrostEscapeShot.webp"
"1788937157-35","https://poe2db.tw/us/Skill_Gems","Explosive Spear","Explosive Spear (1)Attack, AoE, Projectile, Fire, Duration, Detonator, Repeatable","Attack, AoE, Projectile, Fire, Duration, Detonator, Repeatable","","","","","","","","","","","","Repeatable","","","","Projectile","","Detonator","Duration","","","","","","AoE","Attack","","Fire","","","","","","","","","","","","","","","","https://cdn.poe2db.tw/image/Art/2DArt/SkillIcons/HuntressRemoteMineSpear.webp"
"1788937157-36","https://poe2db.tw/us/Skill_Gems","Lightning Arrow","Lightning Arrow (1)Attack, AoE, Projectile, Lightning, Chaining, Repeatable","Attack, AoE, Projectile, Lightning, Chaining, Repeatable","","","","","","","","","","","","Repeatable","Chaining","","","Projectile","","","","","","","Lightning","","AoE","Attack","","","","","","","","","","","","","","","","","","https://cdn.poe2db.tw/image/Art/2DArt/SkillIcons/RangerLightningArrow.webp"
"1788937157-37","https://poe2db.tw/us/Skill_Gems","Lightning Rod","Lightning Rod (1)Attack, AoE, Projectile, Sustained, Lightning, Duration, Repeatable","Attack, AoE, Projectile, Sustained, Lightning, Duration, Repeatable","","","","","","","","","","","","Repeatable","","Sustained","","Projectile","","","Duration","","","","Lightning","","AoE","Attack","","","","","","","","","","","","","","","","","","https://cdn.poe2db.tw/image/Art/2DArt/SkillIcons/RangerLightningRodRainSkill.webp"
"1788937157-38","https://poe2db.tw/us/Skill_Gems","Poisonburst Arrow","Poisonburst Arrow (1)Attack, AoE, Projectile, Chaos, Duration, Repeatable","Attack, AoE, Projectile, Chaos, Duration, Repeatable","","","","","","","","","","","","Repeatable","","","","Projectile","","","Duration","","Chaos","","","","AoE","Attack","","","","","","","","","","","","","","","","","","https://cdn.poe2db.tw/image/Art/2DArt/SkillIcons/RangerPoisonBurstArrow.webp"
"1788937157-39","https://poe2db.tw/us/Skill_Gems","Twister","Twister (1)Attack, AoE, Projectile, Duration, Repeatable, Wind","Attack, AoE, Projectile, Duration, Repeatable, Wind","","","","","","Wind","","","","","","Repeatable","","","","Projectile","","","Duration","","","","","","AoE","Attack","","","","","","","","","","","","","","","","","","https://cdn.poe2db.tw/image/Art/2DArt/SkillIcons/TwisterSkillIcon.webp"
"1788937157-40","https://poe2db.tw/us/Skill_Gems","Whirling Slash","Whirling Slash (1)Attack, AoE, Melee, Strike, Staged, Wind","Attack, AoE, Melee, Strike, Staged, Wind","","","","Staged","","Wind","","","","","","","","","","","","","","","","","","","AoE","Attack","","","Melee","","","","","","","","","","","","","Strike","","https://cdn.poe2db.tw/image/Art/2DArt/SkillIcons/HuntressWhirlingSlash.webp"
"1788937157-41","https://poe2db.tw/us/Skill_Gems","Cull The Weak","Cull The Weak (3)Attack, AoE, Melee, Strike","Attack, AoE, Melee, Strike","","","","","","","","","","","","","","","","","","","","","","","","","AoE","Attack","","","Melee","","","","","","","","","","","","","Strike","","https://cdn.poe2db.tw/image/Art/2DArt/SkillIcons/FrenziedLungeSkillIcon.webp"
"1788937157-42","https://poe2db.tw/us/Skill_Gems","Fangs of Frost","Fangs of Frost (3)Attack, AoE, Melee, Strike, Cold","Attack, AoE, Melee, Strike, Cold","","","","","","","","","","","","","","","","","","","","","","","","","AoE","Attack","","","Melee","","","","","","","","Cold","","","","","Strike","","https://cdn.poe2db.tw/image/Art/2DArt/SkillIcons/FangsofFrostSkillIcon.webp"
"1788937157-43","https://poe2db.tw/us/Skill_Gems","Freezing Salvo","Freezing Salvo (3)Attack, AoE, Projectile, Cold, Repeatable","Attack, AoE, Projectile, Cold, Repeatable","","","","","","","","","","","","Repeatable","","","","Projectile","","","","","","","","","AoE","Attack","","","","","","","","","","","Cold","","","","","","","https://cdn.poe2db.tw/image/Art/2DArt/SkillIcons/RangerFreezingSalvoSkill.webp"
"1788937157-44","https://poe2db.tw/us/Skill_Gems","Lightning Spear","Lightning Spear (3)Attack, AoE, Projectile, Lightning, Repeatable","Attack, AoE, Projectile, Lightning, Repeatable","","","","","","","","","","","","Repeatable","","","","Projectile","","","","","","","Lightning","","AoE","Attack","","","","","","","","","","","","","","","","","","https://cdn.poe2db.tw/image/Art/2DArt/SkillIcons/HuntressStormSpear.webp"
"1788937157-45","https://poe2db.tw/us/Skill_Gems","Rake","Rake (3)Attack, AoE, Melee, Strike, Physical","Attack, AoE, Melee, Strike, Physical","","","","","","","","","","","","","","","","","","","","","","","","Physical","AoE","Attack","","","Melee","","","","","","","","","","","","","Strike","","https://cdn.poe2db.tw/image/Art/2DArt/SkillIcons/HuntressBloodHunt.webp"
"1788937157-46","https://poe2db.tw/us/Skill_Gems","Snipe","Snipe (3)Attack, AoE, Projectile, Cold, Channelling, Payoff, Repeatable","Attack, AoE, Projectile, Cold, Channelling, Payoff, Repeatable","","","","","","","","","","Payoff","","Repeatable","","","","Projectile","","","","Channelling","","","","","AoE","Attack","","","","","","","","","","","Cold","","","","","","","https://cdn.poe2db.tw/image/Art/2DArt/SkillIcons/RangerSnipeShotArrow.webp"
"1788937157-47","https://poe2db.tw/us/Skill_Gems","Stormcaller Arrow","Stormcaller Arrow (3)Attack, AoE, Projectile, Lightning, Duration, Repeatable","Attack, AoE, Projectile, Lightning, Duration, Repeatable","","","","","","","","","","","","Repeatable","","","","Projectile","","","Duration","","","","Lightning","","AoE","Attack","","","","","","","","","","","","","","","","","","https://cdn.poe2db.tw/image/Art/2DArt/SkillIcons/RangerShockingArrow.webp"
"1788937157-48","https://poe2db.tw/us/Skill_Gems","Vine Arrow","Vine Arrow (3)Attack, AoE, Projectile, Chaos, Duration, Repeatable, Plant","Attack, AoE, Projectile, Chaos, Duration, Repeatable, Plant","","","","","","","Plant","","","","","Repeatable","","","","Projectile","","","Duration","","Chaos","","","","AoE","Attack","","","","","","","","","","","","","","","","","","https://cdn.poe2db.tw/image/Art/2DArt/SkillIcons/RangerPoisonVineArrowSkill.webp"
"1788937157-49","https://poe2db.tw/us/Skill_Gems","Herald of Thunder","Herald of Thunder (4)Buff, Attack, Persistent, AoE, Lightning, Herald, Payoff","Buff, Attack, Persistent, AoE, Lightning, Herald, Payoff","","Herald","","","","","","","","Payoff","","","","","","","","","","","","","Lightning","","AoE","Attack","Buff","","","Persistent","","","","","","","","","","","","","","https://cdn.poe2db.tw/image/Art/2DArt/SkillIcons/HeraldOfThunderSkill.webp"
"1788937157-50","https://poe2db.tw/us/Skill_Gems","Plague Bearer","Plague Bearer (4)Buff, Persistent, AoE, Physical, Chaos, Nova","Buff, Persistent, AoE, Physical, Chaos, Nova","","","","","","","","","","","Nova","","","","","","","","","","Chaos","","","Physical","AoE","","Buff","","","Persistent","","","","","","","","","","","","","","https://cdn.poe2db.tw/image/Art/2DArt/SkillIcons/RangerPlagueBearerSkill.webp"
"1788937157-51","https://poe2db.tw/us/Skill_Gems","Wind Dancer","Wind Dancer (4)Buff, Attack, Persistent, AoE, Melee, Trigger, Staged","Buff, Attack, Persistent, AoE, Melee, Trigger, Staged","","","","Staged","","","","","","","","","","","","","","","","","","","","","AoE","Attack","Buff","","Melee","Persistent","","","","","Trigger","","","","","","","","","https://cdn.poe2db.tw/image/Art/2DArt/SkillIcons/RangerWindDancerSkill.webp"
"1788937157-52","https://poe2db.tw/us/Skill_Gems","Barrage","Barrage (5)Spell, Buff, Duration","Spell, Buff, Duration","","","","","","","","","","","","","","","","","","","Duration","","","Spell","","","","","Buff","","","","","","","","","","","","","","","","","https://cdn.poe2db.tw/image/Art/2DArt/SkillIcons/RangerBarrageSkill.webp"
"1788937157-53","https://poe2db.tw/us/Skill_Gems","Electrocuting Arrow","Electrocuting Arrow (5)Attack, AoE, Projectile, Lightning, Duration, Repeatable","Attack, AoE, Projectile, Lightning, Duration, Repeatable","","","","","","","","","","","","Repeatable","","","","Projectile","","","Duration","","","","Lightning","","AoE","Attack","","","","","","","","","","","","","","","","","","https://cdn.poe2db.tw/image/Art/2DArt/SkillIcons/RangerElectrocutingRodSkill.webp"
"1788937157-54","https://poe2db.tw/us/Skill_Gems","Ice-Tipped Arrows","Ice-Tipped Arrows (5)Spell, Attack, Buff, AoE, Projectile, Trigger, Cold, Duration","Spell, Attack, Buff, AoE, Projectile, Trigger, Cold, Duration","","","","","","","","","","","","","","","","Projectile","","","Duration","","","Spell","","","AoE","Attack","Buff","","","","","","","","Trigger","","Cold","","","","","","","https://cdn.poe2db.tw/image/Art/2DArt/SkillIcons/RangerShearingBolts.webp"
"1788937157-55","https://poe2db.tw/us/Skill_Gems","Rapid Assault","Rapid Assault (5)Attack, AoE, Melee, Strike, Physical, Duration","Attack, AoE, Melee, Strike, Physical, Duration","","","","","","","","","","","","","","","","","","","Duration","","","","","Physical","AoE","Attack","","","Melee","","","","","","","","","","","","","Strike","","https://cdn.poe2db.tw/image/Art/2DArt/SkillIcons/HuntressRapidAssault.webp"
"1788937157-56","https://poe2db.tw/us/Skill_Gems","Spearfield","Spearfield (5)Attack, AoE, Melee, Sustained, Duration, Hazard","Attack, AoE, Melee, Sustained, Duration, Hazard","","","","","","","","","","","","","","Sustained","","","","","Duration","","","","","","AoE","Attack","","","Melee","","","Hazard","","","","","","","","","","","","https://cdn.poe2db.tw/image/Art/2DArt/SkillIcons/HuntressSpearField.webp"
"1788937157-57","https://poe2db.tw/us/Skill_Gems","Storm Lance","Storm Lance (5)Attack, AoE, Projectile, Sustained, Lightning, Duration, Repeatable","Attack, AoE, Projectile, Sustained, Lightning, Duration, Repeatable","","","","","","","","","","","","Repeatable","","Sustained","","Projectile","","","Duration","","","","Lightning","","AoE","Attack","","","","","","","","","","","","","","","","","","https://cdn.poe2db.tw/image/Art/2DArt/SkillIcons/HuntressOverchargedSpear.webp"
"1788937157-58","https://poe2db.tw/us/Skill_Gems","Toxic Growth","Toxic Growth (5)Attack, AoE, Projectile, Chaos, Repeatable, Plant","Attack, AoE, Projectile, Chaos, Repeatable, Plant","","","","","","","Plant","","","","","Repeatable","","","","Projectile","","","","","Chaos","","","","AoE","Attack","","","","","","","","","","","","","","","","","","https://cdn.poe2db.tw/image/Art/2DArt/SkillIcons/RangerPoisonBloomSkill.webp"
"1788937157-59","https://poe2db.tw/us/Skill_Gems","Blood Hunt","Blood Hunt (7)Attack, AoE, Melee, Strike, Physical, Payoff","Attack, AoE, Melee, Strike, Physical, Payoff","","","","","","","","","","Payoff","","","","","","","","","","","","","","Physical","AoE","Attack","","","Melee","","","","","","","","","","","","","Strike","","https://cdn.poe2db.tw/image/Art/2DArt/SkillIcons/HuntressBloodHuntSkillIcon.webp"
"1788937157-60","https://poe2db.tw/us/Skill_Gems","Gas Arrow","Gas Arrow (7)Attack, AoE, Projectile, Fire, Chaos, Duration, Repeatable","Attack, AoE, Projectile, Fire, Chaos, Duration, Repeatable","","","","","","","","","","","","Repeatable","","","","Projectile","","","Duration","","Chaos","","","","AoE","Attack","","Fire","","","","","","","","","","","","","","","","https://cdn.poe2db.tw/image/Art/2DArt/SkillIcons/RangerGasCloudSkill.webp"
"1788937157-61","https://poe2db.tw/us/Skill_Gems","Glacial Lance","Glacial Lance (7)Attack, AoE, Projectile, Cold, Duration, Repeatable","Attack, AoE, Projectile, Cold, Duration, Repeatable","","","","","","","","","","","","Repeatable","","","","Projectile","","","Duration","","","","","","AoE","Attack","","","","","","","","","","","Cold","","","","","","","https://cdn.poe2db.tw/image/Art/2DArt/SkillIcons/HuntressGlacialLance.webp"
"1788937157-62","https://poe2db.tw/us/Skill_Gems","Sniper's Mark","Sniper's Mark (7)Mark, Duration","Mark, Duration","","","Mark","","","","","","","","","","","","","","","","Duration","","","","","","","","","","","","","","","","","","","","","","","","","https://cdn.poe2db.tw/image/Art/2DArt/SkillIcons/projectileweakness.webp"
"1788937157-63","https://poe2db.tw/us/Skill_Gems","Tame Beast","Tame Beast (7)Minion, Companion, Persistent, Duration","Minion, Companion, Persistent, Duration","","","","","","","","","","","","","","","","","","","Duration","","","","","","","","","","","Persistent","","","","","","Minion","","","","Companion","","","","https://cdn.poe2db.tw/image/Art/2DArt/SkillIcons/HuntressTameBeast.webp"
"1788937157-64","https://poe2db.tw/us/Skill_Gems","Voltaic Mark","Voltaic Mark (7)Mark, Buff, Lightning, Duration","Mark, Buff, Lightning, Duration","","","Mark","","","","","","","","","","","","","","","","Duration","","","","Lightning","","","","Buff","","","","","","","","","","","","","","","","","https://cdn.poe2db.tw/image/Art/2DArt/SkillIcons/ShockingMarkSkill.webp"
"1788937157-65","https://poe2db.tw/us/Skill_Gems","Combat Frenzy","Combat Frenzy (8)Buff, Persistent","Buff, Persistent","","","","","","","","","","","","","","","","","","","","","","","","","","","Buff","","","Persistent","","","","","","","","","","","","","","https://cdn.poe2db.tw/image/Art/2DArt/SkillIcons/RangerCombatFrenzySkill.webp"
"1788937157-66","https://poe2db.tw/us/Skill_Gems","Herald of Plague","Herald of Plague (8)Buff, Persistent, Chaos, Herald","Buff, Persistent, Chaos, Herald","","Herald","","","","","","","","","","","","","","","","","","","Chaos","","","","","","Buff","","","Persistent","","","","","","","","","","","","","","https://cdn.poe2db.tw/image/Art/2DArt/SkillIcons/HeraldOfAgonySkill.webp"
"1788937157-67","https://poe2db.tw/us/Skill_Gems","Mirage Archer","Mirage Archer (8)Buff, Persistent, Trigger, Duration, Meta","Buff, Persistent, Trigger, Duration, Meta","","","","","","","","","","","","","","","","","","","Duration","","","","","","","","Buff","","","Persistent","","","","","Trigger","","","","Meta","","","","","https://cdn.poe2db.tw/image/Art/2DArt/SkillIcons/LingeringMirageSkill.webp"
"1788937157-68","https://poe2db.tw/us/Skill_Gems","Trail of Caltrops","Trail of Caltrops (8)Attack, Buff, Persistent, AoE, Projectile, Trigger, Physical, Duration, Hazard","Attack, Buff, Persistent, AoE, Projectile, Trigger, Physical, Duration, Hazard","","","","","","","","","","","","","","","","Projectile","","","Duration","","","","","Physical","AoE","Attack","Buff","","","Persistent","","Hazard","","","Trigger","","","","","","","","","https://cdn.poe2db.tw/image/Art/2DArt/SkillIcons/CaltropsOnDodgeSkillIcon.webp"
"1788937157-69","https://poe2db.tw/us/Skill_Gems","Bloodhound's Mark","Bloodhound's Mark (9)Mark, Attack, AoE, Trigger, Physical, Duration, Payoff","Mark, Attack, AoE, Trigger, Physical, Duration, Payoff","","","Mark","","","","","","","Payoff","","","","","","","","","Duration","","","","","Physical","AoE","Attack","","","","","","","","","Trigger","","","","","","","","","https://cdn.poe2db.tw/image/Art/2DArt/SkillIcons/MarkoftheBloodhoundSkillIcon.webp"
"1788937157-70","https://poe2db.tw/us/Skill_Gems","Detonating Arrow","Detonating Arrow (9)Attack, AoE, Projectile, Fire, Channelling, Detonator, Staged, Repeatable","Attack, AoE, Projectile, Fire, Channelling, Detonator, Staged, Repeatable","","","","Staged","","","","","","","","Repeatable","","","","Projectile","","Detonator","","Channelling","","","","","AoE","Attack","","Fire","","","","","","","","","","","","","","","","https://cdn.poe2db.tw/image/Art/2DArt/SkillIcons/RangerDetonatingArrowSkill.webp"
"1788937157-71","https://poe2db.tw/us/Skill_Gems","Ice Shot","Ice Shot (9)Attack, Projectile, Cold, Repeatable","Attack, Projectile, Cold, Repeatable","","","","","","","","","","","","Repeatable","","","","Projectile","","","","","","","","","","Attack","","","","","","","","","","","Cold","","","","","","","https://cdn.poe2db.tw/image/Art/2DArt/SkillIcons/RangerIceShot.webp"
"1788937157-72","https://poe2db.tw/us/Skill_Gems","Primal Strikes","Primal Strikes (9)Attack, AoE, Melee, Strike, Lightning, Payoff","Attack, AoE, Melee, Strike, Lightning, Payoff","","","","","","","","","","Payoff","","","","","","","","","","","","","Lightning","","AoE","Attack","","","Melee","","","","","","","","","","","","","Strike","","https://cdn.poe2db.tw/image/Art/2DArt/SkillIcons/PrimalStrikesSkillIcon.webp"
"1788937157-73","https://poe2db.tw/us/Skill_Gems","Rain of Arrows","Rain of Arrows (9)Attack, AoE, Projectile, Sustained","Attack, AoE, Projectile, Sustained","","","","","","","","","","","","","","Sustained","","Projectile","","","","","","","","","AoE","Attack","","","","","","","","","","","","","","","","","","https://cdn.poe2db.tw/image/Art/2DArt/SkillIcons/RangerRainOfArrowsSkill.webp"
"1788937157-74","https://poe2db.tw/us/Skill_Gems","Thunderous Leap","Thunderous Leap (9)Attack, AoE, Melee, Slam, Lightning, Detonator, Travel","Attack, AoE, Melee, Slam, Lightning, Detonator, Travel","","","","","Slam","","","","","","","","","","","","","Detonator","","","","","Lightning","","AoE","Attack","","","Melee","","Travel","","","","","","","","","","","","","https://cdn.poe2db.tw/image/Art/2DArt/SkillIcons/ThunderousLeapSkillIcon.webp"
"1788937157-75","https://poe2db.tw/us/Skill_Gems","Elemental Sundering","Elemental Sundering (11)Attack, AoE, Melee, Lightning, Cold, Fire, Nova, Payoff","Attack, AoE, Melee, Lightning, Cold, Fire, Nova, Payoff","","","","","","","","","","Payoff","Nova","","","","","","","","","","","","Lightning","","AoE","Attack","","Fire","Melee","","","","","","","","Cold","","","","","","","https://cdn.poe2db.tw/image/Art/2DArt/SkillIcons/HuntressExtraElements.webp"
"1788937157-76","https://poe2db.tw/us/Skill_Gems","Shockchain Arrow","Shockchain Arrow (11)Attack, AoE, Projectile, Lightning, Chaining, Payoff, Repeatable","Attack, AoE, Projectile, Lightning, Chaining, Payoff, Repeatable","","","","","","","","","","Payoff","","Repeatable","Chaining","","","Projectile","","","","","","","Lightning","","AoE","Attack","","","","","","","","","","","","","","","","","","https://cdn.poe2db.tw/image/Art/2DArt/SkillIcons/RangerShockchainSkill.webp"
"1788937157-77","https://poe2db.tw/us/Skill_Gems","Tornado Shot","Tornado Shot (11)Attack, AoE, Projectile, Physical, Duration, Repeatable, Wind","Attack, AoE, Projectile, Physical, Duration, Repeatable, Wind","","","","","","Wind","","","","","","Repeatable","","","","Projectile","","","Duration","","","","","Physical","AoE","Attack","","","","","","","","","","","","","","","","","","https://cdn.poe2db.tw/image/Art/2DArt/SkillIcons/RangerTornadoShotSkill.webp"
"1788937157-78","https://poe2db.tw/us/Skill_Gems","Whirlwind Lance","Whirlwind Lance (11)Attack, AoE, Projectile, Duration, Repeatable, Wind","Attack, AoE, Projectile, Duration, Repeatable, Wind","","","","","","Wind","","","","","","Repeatable","","","","Projectile","","","Duration","","","","","","AoE","Attack","","","","","","","","","","","","","","","","","","https://cdn.poe2db.tw/image/Art/2DArt/SkillIcons/WindstormLanceSkillIcon.webp"
"1788937157-79","https://poe2db.tw/us/Skill_Gems","Magnetic Salvo","Magnetic Salvo (13)Attack, AoE, Projectile, Lightning","Attack, AoE, Projectile, Lightning","","","","","","","","","","","","","","","","Projectile","","","","","","","Lightning","","AoE","Attack","","","","","","","","","","","","","","","","","","https://cdn.poe2db.tw/image/Art/2DArt/SkillIcons/RangerMagneticSalvo.webp"
"1788937157-80","https://poe2db.tw/us/Skill_Gems","Spear of Solaris","Spear of Solaris (13)Attack, AoE, Projectile, Sustained, Fire, Conditional","Attack, AoE, Projectile, Sustained, Fire, Conditional","","","","","","","","","","","","","","Sustained","","Projectile","","","","","","","","","AoE","Attack","","Fire","","","","","Conditional","","","","","","","","","","","https://cdn.poe2db.tw/image/Art/2DArt/SkillIcons/SolarisSpearSkillIcon.webp"
"1788937157-81","https://poe2db.tw/us/Skill_Gems","Spiral Volley","Spiral Volley (13)Attack, Projectile, Sustained","Attack, Projectile, Sustained","","","","","","","","","","","","","","Sustained","","Projectile","","","","","","","","","","Attack","","","","","","","","","","","","","","","","","","https://cdn.poe2db.tw/image/Art/2DArt/SkillIcons/RangerSpiralVolleySkill.webp"
"1788937157-82","https://poe2db.tw/us/Skill_Gems","Toxic Domain","Toxic Domain (13)Buff, Attack, AoE, Physical, Chaos, Duration, Plant","Buff, Attack, AoE, Physical, Chaos, Duration, Plant","","","","","","","Plant","","","","","","","","","","","","Duration","","Chaos","","","Physical","AoE","Attack","Buff","","","","","","","","","","","","","","","","","https://cdn.poe2db.tw/image/Art/2DArt/SkillIcons/RangerToxicDomain.webp"
"1788937157-83","https://poe2db.tw/us/Skill_Gems","Wind Serpent's Fury","Wind Serpent's Fury (13)Attack, AoE, Melee, Sustained, Conditional, Wind","Attack, AoE, Melee, Sustained, Conditional, Wind","","","","","","Wind","","","","","","","","Sustained","","","","","","","","","","","AoE","Attack","","","Melee","","","","Conditional","","","","","","","","","","","https://cdn.poe2db.tw/image/Art/2DArt/SkillIcons/WindSerpentsFurySkillIcon.webp"
"1788937157-84","https://poe2db.tw/us/Skill_Gems","Alchemist's Boon","Alchemist's Boon (14)Buff, Persistent, Aura","Buff, Persistent, Aura","","","","","","","","","Aura","","","","","","","","","","","","","","","","","","Buff","","","Persistent","","","","","","","","","","","","","","https://cdn.poe2db.tw/image/Art/2DArt/SkillIcons/AlchemistsBoonSkill.webp"
"1788937157-85","https://poe2db.tw/us/Skill_Gems","Rhoa Mount","Rhoa Mount (14)Minion, Buff, Companion, Persistent","Minion, Buff, Companion, Persistent","","","","","","","","","","","","","","","","","","","","","","","","","","","Buff","","","Persistent","","","","","","Minion","","","","Companion","","","","https://cdn.poe2db.tw/image/Art/2DArt/SkillIcons/RhoaMountSkillIcon.webp"
"1788937157-86","https://poe2db.tw/us/Skill_Gems","Untether","Untether (1)Spell, AoE, Physical, Duration","Spell, AoE, Physical, Duration","","","","","","","","","","","","","","","","","","","Duration","","","Spell","","Physical","AoE","","","","","","","","","","","","","","","","","","","https://cdn.poe2db.tw/image/Art/2DArt/SkillIcons/AbyssalLivingBomb.webp"
"1788937157-87","https://poe2db.tw/us/Skill_Gems","Abyssal Pact","Abyssal Pact (1)Spell, Minion, AoE, Physical, Repeatable","Spell, Minion, AoE, Physical, Repeatable","","","","","","","","","","","","Repeatable","","","","","","","","","","Spell","","Physical","AoE","","","","","","","","","","","Minion","","","","","","","","https://cdn.poe2db.tw/image/Art/2DArt/SkillIcons/AbyssDeathPactSkill.webp"
"1788937157-88","https://poe2db.tw/us/Skill_Gems","Bone Blast","Bone Blast (1)Spell, AoE, Physical, Duration, Repeatable","Spell, AoE, Physical, Duration, Repeatable","","","","","","","","","","","","Repeatable","","","","","","","Duration","","","Spell","","Physical","AoE","","","","","","","","","","","","","","","","","","","https://cdn.poe2db.tw/image/Art/2DArt/SkillIcons/BoneBlastWeaponSkill.webp"
"1788937157-89","https://poe2db.tw/us/Skill_Gems","Cast on Freeze","Cast on Freeze (1)Buff, Persistent, Trigger, Cold, Meta","Buff, Persistent, Trigger, Cold, Meta","","","","","","","","","","","","","","","","","","","","","","","","","","","Buff","","","Persistent","","","","","Trigger","","Cold","","Meta","","","","","https://cdn.poe2db.tw/image/Art/2DArt/SkillIcons/CastOnFreezeSkill.webp"
"1788937157-90","https://poe2db.tw/us/Skill_Gems","Cast on Ignite","Cast on Ignite (1)Buff, Persistent, Trigger, Fire, Meta","Buff, Persistent, Trigger, Fire, Meta","","","","","","","","","","","","","","","","","","","","","","","","","","","Buff","Fire","","Persistent","","","","","Trigger","","","","Meta","","","","","https://cdn.poe2db.tw/image/Art/2DArt/SkillIcons/CastOnIgniteSkill.webp"
"1788937157-91","https://poe2db.tw/us/Skill_Gems","Cast on Shock","Cast on Shock (1)Buff, Persistent, Trigger, Lightning, Meta","Buff, Persistent, Trigger, Lightning, Meta","","","","","","","","","","","","","","","","","","","","","","","Lightning","","","","Buff","","","Persistent","","","","","Trigger","","","","Meta","","","","","https://cdn.poe2db.tw/image/Art/2DArt/SkillIcons/CastOnShockSkill.webp"
"1788937157-92","https://poe2db.tw/us/Skill_Gems","Chaos Bolt","Chaos Bolt (1)Spell, Projectile, Chaos, Repeatable","Spell, Projectile, Chaos, Repeatable","","","","","","","","","","","","Repeatable","","","","Projectile","","","","","Chaos","Spell","","","","","","","","","","","","","","","","","","","","","","https://cdn.poe2db.tw/image/Art/2DArt/SkillIcons/ChaosBoltWeaponSkill.webp"
"1788937157-93","https://poe2db.tw/us/Skill_Gems","Coiling Bolts","Coiling Bolts (1)Spell, Projectile, Chaos, Repeatable","Spell, Projectile, Chaos, Repeatable","","","","","","","","","","","","Repeatable","","","","Projectile","","","","","Chaos","Spell","","","","","","","","","","","","","","","","","","","","","","https://cdn.poe2db.tw/image/Art/2DArt/SkillIcons/CoilOfUndoingSkill.webp"
"1788937157-94","https://poe2db.tw/us/Skill_Gems","Conductivity","Conductivity (1)Spell, AoE, Lightning, Duration, Curse, Repeatable","Spell, AoE, Lightning, Duration, Curse, Repeatable","","","","","","","","","","","","Repeatable","","","Curse","","","","Duration","","","Spell","Lightning","","AoE","","","","","","","","","","","","","","","","","","","https://cdn.poe2db.tw/image/Art/2DArt/SkillIcons/Conductivity.webp"
"1788937157-95","https://poe2db.tw/us/Skill_Gems","Decompose","Decompose (1)Spell, AoE, Fire, Chaos, Duration","Spell, AoE, Fire, Chaos, Duration","","","","","","","","","","","","","","","","","","","Duration","","Chaos","Spell","","","AoE","","","Fire","","","","","","","","","","","","","","","","https://cdn.poe2db.tw/image/Art/2DArt/SkillIcons/DecomposeSkill.webp"
"1788937157-96","https://poe2db.tw/us/Skill_Gems","[DNT] Crushing Earth","[DNT] Crushing Earth (1)Spell, AoE, Physical, Duration, Repeatable","Spell, AoE, Physical, Duration, Repeatable","","","","","","","","","","","","Repeatable","","","","","","","Duration","","","Spell","","Physical","AoE","","","","","","","","","","","","","","","","","","","https://cdn.poe2db.tw/image/Art/2DArt/SkillIcons/AbsolutionBlast.webp"
"1788937157-97","https://poe2db.tw/us/Skill_Gems","Dark Pact","Dark Pact (1)Spell, Minion, AoE, Chaos, Nova, Repeatable","Spell, Minion, AoE, Chaos, Nova, Repeatable","","","","","","","","","","","Nova","Repeatable","","","","","","","","","Chaos","Spell","","","AoE","","","","","","","","","","","Minion","","","","","","","","https://cdn.poe2db.tw/image/Art/2DArt/SkillIcons/DeathPactSkill.webp"
"1788937157-98","https://poe2db.tw/us/Skill_Gems","Discipline","Discipline (1)Buff, Persistent, Aura","Buff, Persistent, Aura","","","","","","","","","Aura","","","","","","","","","","","","","","","","","","Buff","","","Persistent","","","","","","","","","","","","","","https://cdn.poe2db.tw/image/Art/2DArt/SkillIcons/DisciplineWeaponSkill.webp"
"1788937157-99","https://poe2db.tw/us/Skill_Gems","Enervating Nova","Enervating Nova (1)Spell, AoE, Lightning, Duration, Nova, Repeatable","Spell, AoE, Lightning, Duration, Nova, Repeatable","","","","","","","","","","","Nova","Repeatable","","","","","","","Duration","","","Spell","Lightning","","AoE","","","","","","","","","","","","","","","","","","","https://cdn.poe2db.tw/image/Art/2DArt/SkillIcons/EnervatingNovaWeaponSkill.webp"
"1788937157-100","https://poe2db.tw/us/Skill_Gems","Exsanguinate","Exsanguinate (1)Spell, Physical, Duration, Chaining, Repeatable","Spell, Physical, Duration, Chaining, Repeatable","","","","","","","","","","","","Repeatable","Chaining","","","","","","Duration","","","Spell","","Physical","","","","","","","","","","","","","","","","","","","","https://cdn.poe2db.tw/image/Art/2DArt/SkillIcons/BloodTendrilsSkill.webp"
"1788937157-101","https://poe2db.tw/us/Skill_Gems","Feast of Flesh","Feast of Flesh (1)Spell, Buff, AoE, Nova, Repeatable","Spell, Buff, AoE, Nova, Repeatable","","","","","","","","","","","Nova","Repeatable","","","","","","","","","","Spell","","","AoE","","Buff","","","","","","","","","","","","","","","","","https://cdn.poe2db.tw/image/Art/2DArt/SkillIcons/WeaponFeastofFlesh.webp"
"1788937157-102","https://poe2db.tw/us/Skill_Gems","Firebolt","Firebolt (1)Spell, AoE, Projectile, Fire, Repeatable","Spell, AoE, Projectile, Fire, Repeatable","","","","","","","","","","","","Repeatable","","","","Projectile","","","","","","Spell","","","AoE","","","Fire","","","","","","","","","","","","","","","","https://cdn.poe2db.tw/image/Art/2DArt/SkillIcons/FireballSkillStaff.webp"
"1788937157-103","https://poe2db.tw/us/Skill_Gems","Flammability","Flammability (1)Spell, AoE, Fire, Duration, Curse, Repeatable","Spell, AoE, Fire, Duration, Curse, Repeatable","","","","","","","","","","","","Repeatable","","","Curse","","","","Duration","","","Spell","","","AoE","","","Fire","","","","","","","","","","","","","","","","https://cdn.poe2db.tw/image/Art/2DArt/SkillIcons/Flammability.webp"
"1788937157-104","https://poe2db.tw/us/Skill_Gems","Freezing Shards","Freezing Shards (1)Spell, Projectile, Cold, Repeatable","Spell, Projectile, Cold, Repeatable","","","","","","","","","","","","Repeatable","","","","Projectile","","","","","","Spell","","","","","","","","","","","","","","","Cold","","","","","","","https://cdn.poe2db.tw/image/Art/2DArt/SkillIcons/FreezingShardsStaff.webp"
"1788937157-105","https://poe2db.tw/us/Skill_Gems","Fulmination","Fulmination (1)Buff, Persistent, Aura, Lightning","Buff, Persistent, Aura, Lightning","","","","","","","","","Aura","","","","","","","","","","","","","","Lightning","","","","Buff","","","Persistent","","","","","","","","","","","","","","https://cdn.poe2db.tw/image/Art/2DArt/SkillIcons/WrathAuraWeaponSkill.webp"
"1788937157-106","https://poe2db.tw/us/Skill_Gems","Galvanic Field","Galvanic Field (1)Buff, Spell, AoE, Sustained, Lightning, Duration, Chaining, Orb","Buff, Spell, AoE, Sustained, Lightning, Duration, Chaining, Orb","","","","","","","","","","","","","Chaining","Sustained","","","Orb","","Duration","","","Spell","Lightning","","AoE","","Buff","","","","","","","","","","","","","","","","","https://cdn.poe2db.tw/image/Art/2DArt/SkillIcons/GalvanicFieldWeaponSkill.webp"
"1788937157-107","https://poe2db.tw/us/Skill_Gems","Heart of Ice","Heart of Ice (1)Spell, Buff, Persistent, Aura, Cold","Spell, Buff, Persistent, Aura, Cold","","","","","","","","","Aura","","","","","","","","","","","","","Spell","","","","","Buff","","","Persistent","","","","","","","Cold","","","","","","","https://cdn.poe2db.tw/image/Art/2DArt/SkillIcons/ChillingAuraSkillStaff.webp"
"1788937157-108","https://poe2db.tw/us/Skill_Gems","Hypothermia","Hypothermia (1)Spell, AoE, Cold, Duration, Curse, Repeatable","Spell, AoE, Cold, Duration, Curse, Repeatable","","","","","","","","","","","","Repeatable","","","Curse","","","","Duration","","","Spell","","","AoE","","","","","","","","","","","","Cold","","","","","","","https://cdn.poe2db.tw/image/Art/2DArt/SkillIcons/Frostbite.webp"
"1788937157-109","https://poe2db.tw/us/Skill_Gems","Icestorm","Icestorm (1)Spell, AoE, Sustained, Cold, Duration, Payoff, Repeatable, Storm","Spell, AoE, Sustained, Cold, Duration, Payoff, Repeatable, Storm","","","","","","","","","","Payoff","","Repeatable","","Sustained","","","","","Duration","","","Spell","","","AoE","","","","","","","","","Storm","","","Cold","","","","","","","https://cdn.poe2db.tw/image/Art/2DArt/SkillIcons/IceStormSkillStaff.webp"
"1788937157-110","https://poe2db.tw/us/Skill_Gems","Impurity","Impurity (1)Buff, Persistent, Aura, Chaos","Buff, Persistent, Aura, Chaos","","","","","","","","","Aura","","","","","","","","","","","","Chaos","","","","","","Buff","","","Persistent","","","","","","","","","","","","","","https://cdn.poe2db.tw/image/Art/2DArt/SkillIcons/PurityofChaosWeaponSkill.webp"
"1788937157-111","https://poe2db.tw/us/Skill_Gems","Lightning Bolt","Lightning Bolt (1)Spell, AoE, Lightning, Repeatable","Spell, AoE, Lightning, Repeatable","","","","","","","","","","","","Repeatable","","","","","","","","","","Spell","Lightning","","AoE","","","","","","","","","","","","","","","","","","","https://cdn.poe2db.tw/image/Art/2DArt/SkillIcons/LightningBoltSkillStaff.webp"
"1788937157-112","https://poe2db.tw/us/Skill_Gems","Malice","Malice (1)Buff, Persistent, Aura, Duration","Buff, Persistent, Aura, Duration","","","","","","","","","Aura","","","","","","","","","","Duration","","","","","","","","Buff","","","Persistent","","","","","","","","","","","","","","https://cdn.poe2db.tw/image/Art/2DArt/SkillIcons/MaliceWeaponSkill.webp"
"1788937157-113","https://poe2db.tw/us/Skill_Gems","Mana Drain","Mana Drain (1)Spell","Spell","","","","","","","","","","","","","","","","","","","","","","Spell","","","","","","","","","","","","","","","","","","","","","","https://cdn.poe2db.tw/image/Art/2DArt/SkillIcons/ManaDrainWeaponSkill.webp"
"1788937157-114","https://poe2db.tw/us/Skill_Gems","Mirror of Refraction","Mirror of Refraction (1)Buff, Persistent, Duration","Buff, Persistent, Duration","","","","","","","","","","","","","","","","","","","Duration","","","","","","","","Buff","","","Persistent","","","","","","","","","","","","","","https://cdn.poe2db.tw/image/Art/2DArt/SkillIcons/AtzirisRule.webp"
"1788937157-115","https://poe2db.tw/us/Skill_Gems","Power Siphon","Power Siphon (1)Spell, Physical","Spell, Physical","","","","","","","","","","","","","","","","","","","","","","Spell","","Physical","","","","","","","","","","","","","","","","","","","","https://cdn.poe2db.tw/image/Art/2DArt/SkillIcons/PowerSiphonWeaponSkill.webp"
"1788937157-116","https://poe2db.tw/us/Skill_Gems","Purity of Fire","Purity of Fire (1)Buff, Persistent, Aura, Fire","Buff, Persistent, Aura, Fire","","","","","","","","","Aura","","","","","","","","","","","","","","","","","","Buff","Fire","","Persistent","","","","","","","","","","","","","","https://cdn.poe2db.tw/image/Art/2DArt/SkillIcons/PurityofFireWeaponSkill.webp"
"1788937157-117","https://poe2db.tw/us/Skill_Gems","Purity of Ice","Purity of Ice (1)Buff, Persistent, Aura, Cold","Buff, Persistent, Aura, Cold","","","","","","","","","Aura","","","","","","","","","","","","","","","","","","Buff","","","Persistent","","","","","","","Cold","","","","","","","https://cdn.poe2db.tw/image/Art/2DArt/SkillIcons/PurityofColdWeaponSkill.webp"
"1788937157-118","https://poe2db.tw/us/Skill_Gems","Purity of Lightning","Purity of Lightning (1)Buff, Persistent, Aura, Lightning","Buff, Persistent, Aura, Lightning","","","","","","","","","Aura","","","","","","","","","","","","","","Lightning","","","","Buff","","","Persistent","","","","","","","","","","","","","","https://cdn.poe2db.tw/image/Art/2DArt/SkillIcons/PurityofLightningWeaponSkill.webp"
"1788937157-119","https://poe2db.tw/us/Skill_Gems","Reap","Reap (1)Spell, AoE, Physical, Duration","Spell, AoE, Physical, Duration","","","","","","","","","","","","","","","","","","","Duration","","","Spell","","Physical","AoE","","","","","","","","","","","","","","","","","","","https://cdn.poe2db.tw/image/Art/2DArt/SkillIcons/ReapWeaponSkill.webp"
"1788937157-120","https://poe2db.tw/us/Skill_Gems","Sigil of Power","Sigil of Power (1)Spell, AoE, Duration, Staged","Spell, AoE, Duration, Staged","","","","Staged","","","","","","","","","","","","","","","Duration","","","Spell","","","AoE","","","","","","","","","","","","","","","","","","","https://cdn.poe2db.tw/image/Art/2DArt/SkillIcons/SigilofPowerWeaponSkill.webp"
"1788937157-121","https://poe2db.tw/us/Skill_Gems","Skeletal Sniper","Skeletal Sniper (1)Minion, Persistent, Physical, Fire, Chaos","Minion, Persistent, Physical, Fire, Chaos","","","","","","","","","","","","","","","","","","","","","Chaos","","","Physical","","","","Fire","","Persistent","","","","","","Minion","","","","","","","","https://cdn.poe2db.tw/image/Art/2DArt/SkillIcons/WitchArcherSkeleton.webp"
"1788937157-122","https://poe2db.tw/us/Skill_Gems","Skeletal Warrior","Skeletal Warrior (1)Minion, Persistent, Physical","Minion, Persistent, Physical","","","","","","","","","","","","","","","","","","","","","","","","Physical","","","","","","Persistent","","","","","","Minion","","","","","","","","https://cdn.poe2db.tw/image/Art/2DArt/SkillIcons/WitchWarriorSkeleton.webp"
"1788937157-123","https://poe2db.tw/us/Skill_Gems","Solar Orb","Solar Orb (1)Spell, AoE, Sustained, Fire, Duration, Orb, Repeatable","Spell, AoE, Sustained, Fire, Duration, Orb, Repeatable","","","","","","","","","","","","Repeatable","","Sustained","","","Orb","","Duration","","","Spell","","","AoE","","","Fire","","","","","","","","","","","","","","","","https://cdn.poe2db.tw/image/Art/2DArt/SkillIcons/SorceressSolarOrb.webp"
"1788937157-124","https://poe2db.tw/us/Skill_Gems","Soulrend","Soulrend (1)Spell, Projectile, Chaos, Duration, Repeatable","Spell, Projectile, Chaos, Duration, Repeatable","","","","","","","","","","","","Repeatable","","","","Projectile","","","Duration","","Chaos","Spell","","","","","","","","","","","","","","","","","","","","","","https://cdn.poe2db.tw/image/Art/2DArt/SkillIcons/Soulrend.webp"
"1788937157-125","https://poe2db.tw/us/Skill_Gems","Spellslinger","Spellslinger (1)Buff, Persistent, Trigger, Invocation, Meta","Buff, Persistent, Trigger, Invocation, Meta","","","","","","","","","","","","","","","","","","","","","","","","","","","Buff","","","Persistent","","","","","Trigger","","","","Meta","","","","","https://cdn.poe2db.tw/image/Art/2DArt/SkillIcons/SpellslingerWeaponSkill.webp"
"1788937157-126","https://poe2db.tw/us/Skill_Gems","Spiraling Conspiracy","Spiraling Conspiracy (1)Minion, Persistent, AoE, Physical, Chaos, Duration","Minion, Persistent, AoE, Physical, Chaos, Duration","","","","","","","","","","","","","","","","","","","Duration","","Chaos","","","Physical","AoE","","","","","Persistent","","","","","","Minion","","","","","","","","https://cdn.poe2db.tw/image/Art/2DArt/SkillIcons/RoostOfTheRavenKingSwarm.webp"
"1788937157-127","https://poe2db.tw/us/Skill_Gems","Lightning Bolt","Lightning Bolt (1)Spell, AoE, Trigger, Lightning, Repeatable","Spell, AoE, Trigger, Lightning, Repeatable","","","","","","","","","","","","Repeatable","","","","","","","","","","Spell","Lightning","","AoE","","","","","","","","","","Trigger","","","","","","","","","https://cdn.poe2db.tw/image/Art/2DArt/SkillIcons/LightningBoltSkillStaff.webp"
"1788937157-128","https://poe2db.tw/us/Skill_Gems","Ember Fusillade","Ember Fusillade (1)Spell, AoE, Projectile, Trigger, Fire, Duration, Repeatable","Spell, AoE, Projectile, Trigger, Fire, Duration, Repeatable","","","","","","","","","","","","Repeatable","","","","Projectile","","","Duration","","","Spell","","","AoE","","","Fire","","","","","","","Trigger","","","","","","","","","https://cdn.poe2db.tw/image/Art/2DArt/SkillIcons/SorceressBlazingCluster.webp"
"1788937157-129","https://poe2db.tw/us/Skill_Gems","Spark","Spark (1)Spell, Projectile, Trigger, Lightning, Cold, Duration, Repeatable","Spell, Projectile, Trigger, Lightning, Cold, Duration, Repeatable","","","","","","","","","","","","Repeatable","","","","Projectile","","","Duration","","","Spell","Lightning","","","","","","","","","","","","Trigger","","Cold","","","","","","","https://cdn.poe2db.tw/image/Art/2DArt/SkillIcons/SorceressSpark.webp"
"1788937157-130","https://poe2db.tw/us/Skill_Gems","Unleash","Unleash (1)Spell, Buff, Duration","Spell, Buff, Duration","","","","","","","","","","","","","","","","","","","Duration","","","Spell","","","","","Buff","","","","","","","","","","","","","","","","","https://cdn.poe2db.tw/image/Art/2DArt/SkillIcons/SorceressTemporalistUnleash.webp"
"1788937157-131","https://poe2db.tw/us/Skill_Gems","Volatile Dead","Volatile Dead (1)Spell, AoE, Fire, Repeatable","Spell, AoE, Fire, Repeatable","","","","","","","","","","","","Repeatable","","","","","","","","","","Spell","","","AoE","","","Fire","","","","","","","","","","","","","","","","https://cdn.poe2db.tw/image/Art/2DArt/SkillIcons/VolatileDeadWeaponSkill.webp"
"1788937157-132","https://poe2db.tw/us/Skill_Gems","Wither","Wither (1)Spell, AoE, Chaos, Duration, Channelling","Spell, AoE, Chaos, Duration, Channelling","","","","","","","","","","","","","","","","","","","Duration","Channelling","Chaos","Spell","","","AoE","","","","","","","","","","","","","","","","","","","https://cdn.poe2db.tw/image/Art/2DArt/SkillIcons/Wither.webp"
"1788937157-133","https://poe2db.tw/us/Skill_Gems","Contagion","Contagion (1)Spell, AoE, Chaos, Duration, Repeatable","Spell, AoE, Chaos, Duration, Repeatable","","","","","","","","","","","","Repeatable","","","","","","","Duration","","Chaos","Spell","","","AoE","","","","","","","","","","","","","","","","","","","https://cdn.poe2db.tw/image/Art/2DArt/SkillIcons/WitchContagion.webp"
"1788937157-134","https://poe2db.tw/us/Skill_Gems","Flame Wall","Flame Wall (1)Spell, AoE, Fire, Duration, Repeatable","Spell, AoE, Fire, Duration, Repeatable","","","","","","","","","","","","Repeatable","","","","","","","Duration","","","Spell","","","AoE","","","Fire","","","","","","","","","","","","","","","","https://cdn.poe2db.tw/image/Art/2DArt/SkillIcons/SorceressFlameWall.webp"
"1788937157-135","https://poe2db.tw/us/Skill_Gems","Frost Bomb","Frost Bomb (1)Spell, AoE, Cold, Duration, Orb, Remnant","Spell, AoE, Cold, Duration, Orb, Remnant","","","","","","","","","","","","","","","","","Orb","","Duration","","","Spell","","","AoE","","","","","","","","","","","","Cold","Remnant","","","","","","https://cdn.poe2db.tw/image/Art/2DArt/SkillIcons/SorceressFrostBomb.webp"
"1788937157-136","https://poe2db.tw/us/Skill_Gems","Ice Nova","Ice Nova (1)Spell, AoE, Cold, Duration, Nova, Repeatable","Spell, AoE, Cold, Duration, Nova, Repeatable","","","","","","","","","","","Nova","Repeatable","","","","","","","Duration","","","Spell","","","AoE","","","","","","","","","","","","Cold","","","","","","","https://cdn.poe2db.tw/image/Art/2DArt/SkillIcons/SorceressIceNova.webp"
"1788937157-137","https://poe2db.tw/us/Skill_Gems","Skeletal Sniper","Skeletal Sniper (1)Minion, Persistent, Physical, Fire, Chaos","Minion, Persistent, Physical, Fire, Chaos","","","","","","","","","","","","","","","","","","","","","Chaos","","","Physical","","","","Fire","","Persistent","","","","","","Minion","","","","","","","","https://cdn.poe2db.tw/image/Art/2DArt/SkillIcons/WitchArcherSkeleton.webp"
"1788937157-138","https://poe2db.tw/us/Skill_Gems","Spark","Spark (1)Spell, Projectile, Lightning, Duration, Repeatable","Spell, Projectile, Lightning, Duration, Repeatable","","","","","","","","","","","","Repeatable","","","","Projectile","","","Duration","","","Spell","Lightning","","","","","","","","","","","","","","","","","","","","","https://cdn.poe2db.tw/image/Art/2DArt/SkillIcons/SorceressSpark.webp"
"1788937157-139","https://poe2db.tw/us/Skill_Gems","Unearth","Unearth (1)Spell, Minion, AoE, Physical, Duration, Repeatable","Spell, Minion, AoE, Physical, Duration, Repeatable","","","","","","","","","","","","Repeatable","","","","","","","Duration","","","Spell","","Physical","AoE","","","","","","","","","","","Minion","","","","","","","","https://cdn.poe2db.tw/image/Art/2DArt/SkillIcons/WitchUnearth.webp"
"1788937157-140","https://poe2db.tw/us/Skill_Gems","Bone Cage","Bone Cage (3)Spell, AoE, Physical, Duration, Nova, Repeatable","Spell, AoE, Physical, Duration, Nova, Repeatable","","","","","","","","","","","Nova","Repeatable","","","","","","","Duration","","","Spell","","Physical","AoE","","","","","","","","","","","","","","","","","","","https://cdn.poe2db.tw/image/Art/2DArt/SkillIcons/WitchBoneCage.webp"
"1788937157-141","https://poe2db.tw/us/Skill_Gems","Enfeeble","Enfeeble (3)Spell, AoE, Duration, Curse, Repeatable","Spell, AoE, Duration, Curse, Repeatable","","","","","","","","","","","","Repeatable","","","Curse","","","","Duration","","","Spell","","","AoE","","","","","","","","","","","","","","","","","","","https://cdn.poe2db.tw/image/Art/2DArt/SkillIcons/enfeeble.webp"
"1788937157-142","https://poe2db.tw/us/Skill_Gems","Essence Drain","Essence Drain (3)Spell, Projectile, Chaos, Duration, Repeatable","Spell, Projectile, Chaos, Duration, Repeatable","","","","","","","","","","","","Repeatable","","","","Projectile","","","Duration","","Chaos","Spell","","","","","","","","","","","","","","","","","","","","","","https://cdn.poe2db.tw/image/Art/2DArt/SkillIcons/WitchEssenceDrain.webp"
"1788937157-143","https://poe2db.tw/us/Skill_Gems","Fireball","Fireball (3)Spell, AoE, Projectile, Fire, Repeatable","Spell, AoE, Projectile, Fire, Repeatable","","","","","","","","","","","","Repeatable","","","","Projectile","","","","","","Spell","","","AoE","","","Fire","","","","","","","","","","","","","","","","https://cdn.poe2db.tw/image/Art/2DArt/SkillIcons/SorceressGreaterFireball.webp"
"1788937157-144","https://poe2db.tw/us/Skill_Gems","Frost Darts","Frost Darts (3)Spell, AoE, Projectile, Cold, Payoff, Repeatable","Spell, AoE, Projectile, Cold, Payoff, Repeatable","","","","","","","","","","Payoff","","Repeatable","","","","Projectile","","","","","","Spell","","","AoE","","","","","","","","","","","","Cold","","","","","","","https://cdn.poe2db.tw/image/Art/2DArt/SkillIcons/FrostDartsSkillIcon.webp"
"1788937157-145","https://poe2db.tw/us/Skill_Gems","Living Bomb","Living Bomb (3)Spell, AoE, Fire, Duration, Remnant","Spell, AoE, Fire, Duration, Remnant","","","","","","","","","","","","","","","","","","","Duration","","","Spell","","","AoE","","","Fire","","","","","","","","","","Remnant","","","","","","https://cdn.poe2db.tw/image/Art/2DArt/SkillIcons/LivingBombWeaponSkill.webp"
"1788937157-146","https://poe2db.tw/us/Skill_Gems","Orb of Storms","Orb of Storms (3)Spell, AoE, Sustained, Lightning, Duration, Chaining, Orb, Remnant, Repeatable","Spell, AoE, Sustained, Lightning, Duration, Chaining, Orb, Remnant, Repeatable","","","","","","","","","","","","Repeatable","Chaining","Sustained","","","Orb","","Duration","","","Spell","Lightning","","AoE","","","","","","","","","","","","","Remnant","","","","","","https://cdn.poe2db.tw/image/Art/2DArt/SkillIcons/SorceressOrbOfStorms.webp"
"1788937157-147","https://poe2db.tw/us/Skill_Gems","Skeletal Arsonist","Skeletal Arsonist (3)Minion, Persistent, Fire, Detonator","Minion, Persistent, Fire, Detonator","","","","","","","","","","","","","","","","","","Detonator","","","","","","","","","","Fire","","Persistent","","","","","","Minion","","","","","","","","https://cdn.poe2db.tw/image/Art/2DArt/SkillIcons/WitchArsonistSkeleton.webp"
"1788937157-148","https://poe2db.tw/us/Skill_Gems","Arctic Armour","Arctic Armour (4)Buff, Spell, Persistent, Sustained, Cold, Staged","Buff, Spell, Persistent, Sustained, Cold, Staged","","","","Staged","","","","","","","","","","Sustained","","","","","","","","Spell","","","","","Buff","","","Persistent","","","","","","","Cold","","","","","","","https://cdn.poe2db.tw/image/Art/2DArt/SkillIcons/SorceressArcticArmour.webp"
"1788937157-149","https://poe2db.tw/us/Skill_Gems","Convalescence","Convalescence (4)Spell, Buff, Persistent, Duration","Spell, Buff, Persistent, Duration","","","","","","","","","","","","","","","","","","","Duration","","","Spell","","","","","Buff","","","Persistent","","","","","","","","","","","","","","https://cdn.poe2db.tw/image/Art/2DArt/SkillIcons/ConvalescenceSkillIcon.webp"
"1788937157-150","https://poe2db.tw/us/Skill_Gems","Grim Feast","Grim Feast (4)Buff, Spell, Minion, Persistent, Remnant","Buff, Spell, Minion, Persistent, Remnant","","","","","","","","","","","","","","","","","","","","","","Spell","","","","","Buff","","","Persistent","","","","","","Minion","","Remnant","","","","","","https://cdn.poe2db.tw/image/Art/2DArt/SkillIcons/WitchGrimFeast.webp"
"1788937157-151","https://poe2db.tw/us/Skill_Gems","Mana Remnants","Mana Remnants (4)Buff, Persistent, Remnant","Buff, Persistent, Remnant","","","","","","","","","","","","","","","","","","","","","","","","","","","Buff","","","Persistent","","","","","","","","Remnant","","","","","","https://cdn.poe2db.tw/image/Art/2DArt/SkillIcons/SorceressEnergyRemnants.webp"
"1788937157-152","https://poe2db.tw/us/Skill_Gems","Raging Spirits","Raging Spirits (4)Buff, Minion, Persistent, Fire, Duration","Buff, Minion, Persistent, Fire, Duration","","","","","","","","","","","","","","","","","","","Duration","","","","","","","","Buff","Fire","","Persistent","","","","","","Minion","","","","","","","","https://cdn.poe2db.tw/image/Art/2DArt/SkillIcons/WitchReservationRaginSpirits.webp"
"1788937157-153","https://poe2db.tw/us/Skill_Gems","Ravenous Swarm","Ravenous Swarm (4)Buff, Minion, Persistent, Physical, Chaos, Duration","Buff, Minion, Persistent, Physical, Chaos, Duration","","","","","","","","","","","","","","","","","","","Duration","","Chaos","","","Physical","","","Buff","","","Persistent","","","","","","Minion","","","","","","","","https://cdn.poe2db.tw/image/Art/2DArt/SkillIcons/WitchRavenousSwarm.webp"
"1788937157-154","https://poe2db.tw/us/Skill_Gems","Withering Presence","Withering Presence (4)Buff, Persistent, Aura, Chaos, Duration","Buff, Persistent, Aura, Chaos, Duration","","","","","","","","","Aura","","","","","","","","","","Duration","","Chaos","","","","","","Buff","","","Persistent","","","","","","","","","","","","","","https://cdn.poe2db.tw/image/Art/2DArt/SkillIcons/WitchWitheringPresence.webp"
"1788937157-155","https://poe2db.tw/us/Skill_Gems","Arc","Arc (5)Spell, Projectile, Lightning, Chaining, Repeatable","Spell, Projectile, Lightning, Chaining, Repeatable","","","","","","","","","","","","Repeatable","Chaining","","","Projectile","","","","","","Spell","Lightning","","","","","","","","","","","","","","","","","","","","","https://cdn.poe2db.tw/image/Art/2DArt/SkillIcons/SorceressArc.webp"
"1788937157-156","https://poe2db.tw/us/Skill_Gems","Bonestorm","Bonestorm (5)Spell, AoE, Projectile, Physical, Channelling","Spell, AoE, Projectile, Physical, Channelling","","","","","","","","","","","","","","","","Projectile","","","","Channelling","","Spell","","Physical","AoE","","","","","","","","","","","","","","","","","","","https://cdn.poe2db.tw/image/Art/2DArt/SkillIcons/WitchBoneStorm.webp"
"1788937157-157","https://poe2db.tw/us/Skill_Gems","Ember Fusillade","Ember Fusillade (5)Spell, AoE, Projectile, Fire, Duration, Repeatable","Spell, AoE, Projectile, Fire, Duration, Repeatable","","","","","","","","","","","","Repeatable","","","","Projectile","","","Duration","","","Spell","","","AoE","","","Fire","","","","","","","","","","","","","","","","https://cdn.poe2db.tw/image/Art/2DArt/SkillIcons/SorceressBlazingCluster.webp"
"1788937157-158","https://poe2db.tw/us/Skill_Gems","Frostbolt","Frostbolt (5)Spell, AoE, Projectile, Cold, Repeatable","Spell, AoE, Projectile, Cold, Repeatable","","","","","","","","","","","","Repeatable","","","","Projectile","","","","","","Spell","","","AoE","","","","","","","","","","","","Cold","","","","","","","https://cdn.poe2db.tw/image/Art/2DArt/SkillIcons/SorceressFrostbolt.webp"
"1788937157-159","https://poe2db.tw/us/Skill_Gems","Pain Offering","Pain Offering (5)Minion, Buff, AoE, Duration","Minion, Buff, AoE, Duration","","","","","","","","","","","","","","","","","","","Duration","","","","","","AoE","","Buff","","","","","","","","","Minion","","","","","","","","https://cdn.poe2db.tw/image/Art/2DArt/SkillIcons/WitchPainOffering.webp"
"1788937157-160","https://poe2db.tw/us/Skill_Gems","Raise Zombie","Raise Zombie (5)Minion, Physical, Duration","Minion, Physical, Duration","","","","","","","","","","","","","","","","","","","Duration","","","","","Physical","","","","","","","","","","","","Minion","","","","","","","","https://cdn.poe2db.tw/image/Art/2DArt/SkillIcons/WitchRaiseZombie.webp"
"1788937157-161","https://poe2db.tw/us/Skill_Gems","Skeletal Frost Mage","Skeletal Frost Mage (5)Minion, Persistent, Cold","Minion, Persistent, Cold","","","","","","","","","","","","","","","","","","","","","","","","","","","","","","Persistent","","","","","","Minion","Cold","","","","","","","https://cdn.poe2db.tw/image/Art/2DArt/SkillIcons/WitchFrostSkeleton.webp"
"1788937157-162","https://poe2db.tw/us/Skill_Gems","Snap","Snap (5)Spell, AoE, Lightning, Cold, Fire, Payoff, Remnant, Repeatable","Spell, AoE, Lightning, Cold, Fire, Payoff, Remnant, Repeatable","","","","","","","","","","Payoff","","Repeatable","","","","","","","","","","Spell","Lightning","","AoE","","","Fire","","","","","","","","","Cold","Remnant","","","","","","https://cdn.poe2db.tw/image/Art/2DArt/SkillIcons/SorceressColdSnap.webp"
"1788937157-163","https://poe2db.tw/us/Skill_Gems","Bind Spectre","Bind Spectre (7)Minion, Persistent","Minion, Persistent","","","","","","","","","","","","","","","","","","","","","","","","","","","","","","Persistent","","","","","","Minion","","","","","","","","https://cdn.poe2db.tw/image/Art/2DArt/SkillIcons/WitchBindSpectre.webp"
"1788937157-164","https://poe2db.tw/us/Skill_Gems","Detonate Dead","Detonate Dead (7)Spell, AoE, Physical, Fire, Detonator, Repeatable","Spell, AoE, Physical, Fire, Detonator, Repeatable","","","","","","","","","","","","Repeatable","","","","","","Detonator","","","","Spell","","Physical","AoE","","","Fire","","","","","","","","","","","","","","","","https://cdn.poe2db.tw/image/Art/2DArt/SkillIcons/WitchDetonateDead.webp"
"1788937157-165","https://poe2db.tw/us/Skill_Gems","Elemental Weakness","Elemental Weakness (7)Spell, AoE, Lightning, Cold, Fire, Duration, Curse, Repeatable","Spell, AoE, Lightning, Cold, Fire, Duration, Curse, Repeatable","","","","","","","","","","","","Repeatable","","","Curse","","","","Duration","","","Spell","Lightning","","AoE","","","Fire","","","","","","","","","Cold","","","","","","","https://cdn.poe2db.tw/image/Art/2DArt/SkillIcons/elementalweakness.webp"
"1788937157-166","https://poe2db.tw/us/Skill_Gems","Mana Tempest","Mana Tempest (7)Spell, Buff, Lightning, Storm","Spell, Buff, Lightning, Storm","","","","","","","","","","","","","","","","","","","","","","Spell","Lightning","","","","Buff","","","","","","","Storm","","","","","","","","","","https://cdn.poe2db.tw/image/Art/2DArt/SkillIcons/SorceressManaTempest.webp"
"1788937157-167","https://poe2db.tw/us/Skill_Gems","Profane Ritual","Profane Ritual (7)Spell, AoE, Chaos, Duration, Repeatable","Spell, AoE, Chaos, Duration, Repeatable","","","","","","","","","","","","Repeatable","","","","","","","Duration","","Chaos","Spell","","","AoE","","","","","","","","","","","","","","","","","","","https://cdn.poe2db.tw/image/Art/2DArt/SkillIcons/WitchProfaneRitual.webp"
"1788937157-168","https://poe2db.tw/us/Skill_Gems","Temporal Chains","Temporal Chains (7)Spell, AoE, Duration, Curse, Repeatable","Spell, AoE, Duration, Curse, Repeatable","","","","","","","","","","","","Repeatable","","","Curse","","","","Duration","","","Spell","","","AoE","","","","","","","","","","","","","","","","","","","https://cdn.poe2db.tw/image/Art/2DArt/SkillIcons/temporalchains.webp"
"1788937157-169","https://poe2db.tw/us/Skill_Gems","Vulnerability","Vulnerability (7)Spell, AoE, Physical, Duration, Curse, Repeatable","Spell, AoE, Physical, Duration, Curse, Repeatable","","","","","","","","","","","","Repeatable","","","Curse","","","","Duration","","","Spell","","Physical","AoE","","","","","","","","","","","","","","","","","","","https://cdn.poe2db.tw/image/Art/2DArt/SkillIcons/vulnerability.webp"
"1788937157-170","https://poe2db.tw/us/Skill_Gems","Blasphemy","Blasphemy (8)Buff, Persistent, AoE, Aura, Meta","Buff, Persistent, AoE, Aura, Meta","","","","","","","","","Aura","","","","","","","","","","","","","","","","AoE","","Buff","","","Persistent","","","","","","","","","Meta","","","","","https://cdn.poe2db.tw/image/Art/2DArt/SkillIcons/WitchBlasphemy.webp"
"1788937157-171","https://poe2db.tw/us/Skill_Gems","Blink","Blink (8)Buff, Spell, Persistent, Travel","Buff, Spell, Persistent, Travel","","","","","","","","","","","","","","","","","","","","","","Spell","","","","","Buff","","","Persistent","Travel","","","","","","","","","","","","","https://cdn.poe2db.tw/image/Art/2DArt/SkillIcons/SorceressBlinkReservation.webp"
"1788937157-172","https://poe2db.tw/us/Skill_Gems","Cast on Minion Death","Cast on Minion Death (8)Buff, Minion, Persistent, Trigger, Meta","Buff, Minion, Persistent, Trigger, Meta","","","","","","","","","","","","","","","","","","","","","","","","","","","Buff","","","Persistent","","","","","Trigger","Minion","","","Meta","","","","","https://cdn.poe2db.tw/image/Art/2DArt/SkillIcons/CastOnMinionDeath.webp"
"1788937157-173","https://poe2db.tw/us/Skill_Gems","Siphon Elements","Siphon Elements (8)Buff, Persistent, Lightning, Cold, Fire, Remnant","Buff, Persistent, Lightning, Cold, Fire, Remnant","","","","","","","","","","","","","","","","","","","","","","","Lightning","","","","Buff","Fire","","Persistent","","","","","","","Cold","Remnant","","","","","","https://cdn.poe2db.tw/image/Art/2DArt/SkillIcons/SiphonElements.webp"
"1788937157-174","https://poe2db.tw/us/Skill_Gems","Dark Effigy","Dark Effigy (9)Totem, Spell, AoE, Projectile, Chaos, Duration","Totem, Spell, AoE, Projectile, Chaos, Duration","","","","","","","","Totem","","","","","","","","Projectile","","","Duration","","Chaos","Spell","","","AoE","","","","","","","","","","","","","","","","","","","https://cdn.poe2db.tw/image/Art/2DArt/SkillIcons/WitchDarkEffigy.webp"
"1788937157-175","https://poe2db.tw/us/Skill_Gems","Despair","Despair (9)Spell, AoE, Chaos, Duration, Curse, Repeatable","Spell, AoE, Chaos, Duration, Curse, Repeatable","","","","","","","","","","","","Repeatable","","","Curse","","","","Duration","","Chaos","Spell","","","AoE","","","","","","","","","","","","","","","","","","","https://cdn.poe2db.tw/image/Art/2DArt/SkillIcons/Despair.webp"
"1788937157-176","https://poe2db.tw/us/Skill_Gems","Frost Wall","Frost Wall (9)Spell, AoE, Cold, Duration","Spell, AoE, Cold, Duration","","","","","","","","","","","","","","","","","","","Duration","","","Spell","","","AoE","","","","","","","","","","","","Cold","","","","","","","https://cdn.poe2db.tw/image/Art/2DArt/SkillIcons/SorceressFrostWall.webp"
"1788937157-177","https://poe2db.tw/us/Skill_Gems","Incinerate","Incinerate (9)Spell, AoE, Sustained, Fire, Duration, Channelling","Spell, AoE, Sustained, Fire, Duration, Channelling","","","","","","","","","","","","","","Sustained","","","","","Duration","Channelling","","Spell","","","AoE","","","Fire","","","","","","","","","","","","","","","","https://cdn.poe2db.tw/image/Art/2DArt/SkillIcons/SorceressIncinerate.webp"
"1788937157-178","https://poe2db.tw/us/Skill_Gems","Lightning Warp","Lightning Warp (9)Spell, AoE, Lightning, Duration, Remnant, Repeatable","Spell, AoE, Lightning, Duration, Remnant, Repeatable","","","","","","","","","","","","Repeatable","","","","","","","Duration","","","Spell","Lightning","","AoE","","","","","","","","","","","","","Remnant","","","","","","https://cdn.poe2db.tw/image/Art/2DArt/SkillIcons/SorceressLightningWarp.webp"
"1788937157-179","https://poe2db.tw/us/Skill_Gems","Skeletal Reaver","Skeletal Reaver (9)Minion, Persistent, Physical","Minion, Persistent, Physical","","","","","","","","","","","","","","","","","","","","","","","","Physical","","","","","","Persistent","","","","","","Minion","","","","","","","","https://cdn.poe2db.tw/image/Art/2DArt/SkillIcons/WitchReaverSkeleton.webp"
"1788937157-180","https://poe2db.tw/us/Skill_Gems","Ball Lightning","Ball Lightning (11)Spell, AoE, Projectile, Sustained, Lightning, Duration, Chaining, Repeatable","Spell, AoE, Projectile, Sustained, Lightning, Duration, Chaining, Repeatable","","","","","","","","","","","","Repeatable","Chaining","Sustained","","Projectile","","","Duration","","","Spell","Lightning","","AoE","","","","","","","","","","","","","","","","","","","https://cdn.poe2db.tw/image/Art/2DArt/SkillIcons/SorceressBallLightning.webp"
"1788937157-181","https://poe2db.tw/us/Skill_Gems","Bone Offering","Bone Offering (11)Minion, Buff, AoE, Physical, Duration","Minion, Buff, AoE, Physical, Duration","","","","","","","","","","","","","","","","","","","Duration","","","","","Physical","AoE","","Buff","","","","","","","","","Minion","","","","","","","","https://cdn.poe2db.tw/image/Art/2DArt/SkillIcons/WitchBoneOffering.webp"
"1788937157-182","https://poe2db.tw/us/Skill_Gems","Comet","Comet (11)Spell, AoE, Cold, Repeatable","Spell, AoE, Cold, Repeatable","","","","","","","","","","","","Repeatable","","","","","","","","","","Spell","","","AoE","","","","","","","","","","","","Cold","","","","","","","https://cdn.poe2db.tw/image/Art/2DArt/SkillIcons/SorceressComet.webp"
"1788937157-183","https://poe2db.tw/us/Skill_Gems","Firestorm","Firestorm (11)Spell, AoE, Sustained, Fire, Duration, Repeatable, Storm","Spell, AoE, Sustained, Fire, Duration, Repeatable, Storm","","","","","","","","","","","","Repeatable","","Sustained","","","","","Duration","","","Spell","","","AoE","","","Fire","","","","","","Storm","","","","","","","","","","https://cdn.poe2db.tw/image/Art/2DArt/SkillIcons/WitchFirestorm.webp"
"1788937157-184","https://poe2db.tw/us/Skill_Gems","Hexblast","Hexblast (11)Spell, AoE, Chaos, Payoff, Repeatable","Spell, AoE, Chaos, Payoff, Repeatable","","","","","","","","","","Payoff","","Repeatable","","","","","","","","","Chaos","Spell","","","AoE","","","","","","","","","","","","","","","","","","","https://cdn.poe2db.tw/image/Art/2DArt/SkillIcons/WitchHexBlast.webp"
"1788937157-185","https://poe2db.tw/us/Skill_Gems","Skeletal Storm Mage","Skeletal Storm Mage (11)Minion, Persistent, Lightning","Minion, Persistent, Lightning","","","","","","","","","","","","","","","","","","","","","","","Lightning","","","","","","","Persistent","","","","","","Minion","","","","","","","","https://cdn.poe2db.tw/image/Art/2DArt/SkillIcons/WitchStormSkeleton.webp"
"1788937157-186","https://poe2db.tw/us/Skill_Gems","Eye of Winter","Eye of Winter (13)Spell, Projectile, Cold","Spell, Projectile, Cold","","","","","","","","","","","","","","","","Projectile","","","","","","Spell","","","","","","","","","","","","","","","Cold","","","","","","","https://cdn.poe2db.tw/image/Art/2DArt/SkillIcons/SorceressEyeofWinter.webp"
"1788937157-187","https://poe2db.tw/us/Skill_Gems","Flameblast","Flameblast (13)Spell, AoE, Fire, Channelling, Nova, Staged","Spell, AoE, Fire, Channelling, Nova, Staged","","","","Staged","","","","","","","Nova","","","","","","","","","Channelling","","Spell","","","AoE","","","Fire","","","","","","","","","","","","","","","","https://cdn.poe2db.tw/image/Art/2DArt/SkillIcons/SorceressFlameblast.webp"
"1788937157-188","https://poe2db.tw/us/Skill_Gems","Lightning Conduit","Lightning Conduit (13)Spell, AoE, Lightning","Spell, AoE, Lightning","","","","","","","","","","","","","","","","","","","","","","Spell","Lightning","","AoE","","","","","","","","","","","","","","","","","","","https://cdn.poe2db.tw/image/Art/2DArt/SkillIcons/SorceressLightningConduit.webp"
"1788937157-189","https://poe2db.tw/us/Skill_Gems","Skeletal Brute","Skeletal Brute (13)Minion, Warcry, Persistent, Physical, Payoff","Minion, Warcry, Persistent, Physical, Payoff","Warcry","","","","","","","","","Payoff","","","","","","","","","","","","","","Physical","","","","","","Persistent","","","","","","Minion","","","","","","","","https://cdn.poe2db.tw/image/Art/2DArt/SkillIcons/WitchBruteSkeleton.webp"
"1788937157-190","https://poe2db.tw/us/Skill_Gems","Skeletal Cleric","Skeletal Cleric (13)Minion, Persistent","Minion, Persistent","","","","","","","","","","","","","","","","","","","","","","","","","","","","","","Persistent","","","","","","Minion","","","","","","","","https://cdn.poe2db.tw/image/Art/2DArt/SkillIcons/WitchClericSkeleton.webp"
"1788937157-191","https://poe2db.tw/us/Skill_Gems","Soul Offering","Soul Offering (13)Minion, Buff, Duration","Minion, Buff, Duration","","","","","","","","","","","","","","","","","","","Duration","","","","","","","","Buff","","","","","","","","","Minion","","","","","","","","https://cdn.poe2db.tw/image/Art/2DArt/SkillIcons/WitchPowerOffering.webp"
"1788937157-192","https://poe2db.tw/us/Skill_Gems","Archmage","Archmage (14)Buff, Persistent, Lightning","Buff, Persistent, Lightning","","","","","","","","","","","","","","","","","","","","","","","Lightning","","","","Buff","","","Persistent","","","","","","","","","","","","","","https://cdn.poe2db.tw/image/Art/2DArt/SkillIcons/ArchmageSkill.webp"
"1788937157-193","https://poe2db.tw/us/Skill_Gems","Cast on Critical","Cast on Critical (14)Buff, Persistent, Trigger, Meta","Buff, Persistent, Trigger, Meta","","","","","","","","","","","","","","","","","","","","","","","","","","","Buff","","","Persistent","","","","","Trigger","","","","Meta","","","","","https://cdn.poe2db.tw/image/Art/2DArt/SkillIcons/CastOnCritSkill.webp"
"1788937157-194","https://poe2db.tw/us/Skill_Gems","Cast on Elemental Ailment","Cast on Elemental Ailment (14)Buff, Persistent, Trigger, Lightning, Cold, Fire, Meta","Buff, Persistent, Trigger, Lightning, Cold, Fire, Meta","","","","","","","","","","","","","","","","","","","","","","","Lightning","","","","Buff","Fire","","Persistent","","","","","Trigger","","Cold","","Meta","","","","","https://cdn.poe2db.tw/image/Art/2DArt/SkillIcons/CastonFreezeShockIgnite.webp"
"1788937157-195","https://poe2db.tw/us/Skill_Gems","Elemental Conflux","Elemental Conflux (14)Buff, Persistent, Lightning, Cold, Fire, Duration","Buff, Persistent, Lightning, Cold, Fire, Duration","","","","","","","","","","","","","","","","","","","Duration","","","","Lightning","","","","Buff","Fire","","Persistent","","","","","","","Cold","","","","","","","https://cdn.poe2db.tw/image/Art/2DArt/SkillIcons/ElementalConfluxSkill.webp"
"1788937157-196","https://poe2db.tw/us/Skill_Gems","Sacrifice","Sacrifice (14)Buff, Minion, Persistent","Buff, Minion, Persistent","","","","","","","","","","","","","","","","","","","","","","","","","","","Buff","","","Persistent","","","","","","Minion","","","","","","","","https://cdn.poe2db.tw/image/Art/2DArt/SkillIcons/HarvesterSkill.webp"
"1788937157-197","https://poe2db.tw/us/Skill_Gems","Ancestral Spirits","Ancestral Spirits (1)Minion, Trigger, Duration","Minion, Trigger, Duration","","","","","","","","","","","","","","","","","","","Duration","","","","","","","","","","","","","","","","Trigger","Minion","","","","","","","","https://cdn.poe2db.tw/image/Art/2DArt/SkillIcons/BruteWarbringerDefenders.webp"
"1788937157-198","https://poe2db.tw/us/Skill_Gems","Wildwood's Gifts","Wildwood's Gifts (1)Buff, Persistent, Remnant","Buff, Persistent, Remnant","","","","","","","","","","","","","","","","","","","","","","","","","","","Buff","","","Persistent","","","","","","","","Remnant","","","","","","https://cdn.poe2db.tw/image/Art/2DArt/SkillIcons/TheHollowMaskSkill.webp"
"1788937157-199","https://poe2db.tw/us/Skill_Gems","Animus Exchange","Animus Exchange (1)Spell","Spell","","","","","","","","","","","","","","","","","","","","","","Spell","","","","","","","","","","","","","","","","","","","","","","https://cdn.poe2db.tw/image/Art/2DArt/SkillIcons/ExpeditionAnimusExhange.webp"
"1788937157-200","https://poe2db.tw/us/Skill_Gems","Animus Splinters","Animus Splinters (1)Meta","Meta","","","","","","","","","","","","","","","","","","","","","","","","","","","","","","","","","","","","","","","Meta","","","","","https://cdn.poe2db.tw/image/Art/2DArt/SkillIcons/ExpeditionFalseLife.webp"
"1788937157-201","https://poe2db.tw/us/Skill_Gems","Apocalypse","Apocalypse (1)Buff, Spell, AoE, Trigger, Lightning, Cold, Fire, Duration, Conditional, Storm","Buff, Spell, AoE, Trigger, Lightning, Cold, Fire, Duration, Conditional, Storm","","","","","","","","","","","","","","","","","","","Duration","","","Spell","Lightning","","AoE","","Buff","Fire","","","","","Conditional","Storm","Trigger","","Cold","","","","","","","https://cdn.poe2db.tw/image/Art/2DArt/SkillIcons/DruidShamanUnleashtheElementsSkill.webp"
"1788937157-202","https://poe2db.tw/us/Skill_Gems","Archon of Chayula","Archon of Chayula (1)Buff, Attack, AoE, Trigger, Physical, Chaos, Duration, Conditional, Storm","Buff, Attack, AoE, Trigger, Physical, Chaos, Duration, Conditional, Storm","","","","","","","","","","","","","","","","","","","Duration","","Chaos","","","Physical","AoE","Attack","Buff","","","","","","Conditional","Storm","Trigger","","","","","","","","","https://cdn.poe2db.tw/image/Art/2DArt/SkillIcons/AcolyteOfChayulaSpecialNodeSkill.webp"
"1788937157-203","https://poe2db.tw/us/Skill_Gems","Align Fate","Align Fate (1)Buff, Persistent","Buff, Persistent","","","","","","","","","","","","","","","","","","","","","","","","","","","Buff","","","Persistent","","","","","","","","","","","","","","https://cdn.poe2db.tw/image/Art/2DArt/SkillIcons/DruidOracleSpellfluxSkill.webp"
"1788937157-204","https://poe2db.tw/us/Skill_Gems","Bleeding Concoction","Bleeding Concoction (1)Attack, AoE, Projectile, Physical","Attack, AoE, Projectile, Physical","","","","","","","","","","","","","","","","Projectile","","","","","","","","Physical","AoE","Attack","","","","","","","","","","","","","","","","","","https://cdn.poe2db.tw/image/Art/2DArt/SkillIcons/RangerBrewConcoctionBleedSkill.webp"
"1788937157-205","https://poe2db.tw/us/Skill_Gems","Ruzhan's Trap","Ruzhan's Trap (1)Command, AoE, Projectile, Fire, Duration, Hazard","Command, AoE, Projectile, Fire, Duration, Hazard","","","","","","","","","","","","","","","","Projectile","","","Duration","","","","","","AoE","","","Fire","","","","Hazard","","","","","","","","","Command","","","https://cdn.poe2db.tw/image/Art/2DArt/SkillIcons/Rolldodge.webp"
"1788937157-206","https://poe2db.tw/us/Skill_Gems","Ruzhan's Fury","Ruzhan's Fury (1)Command, AoE, Projectile, Fire","Command, AoE, Projectile, Fire","","","","","","","","","","","","","","","","Projectile","","","","","","","","","AoE","","","Fire","","","","","","","","","","","","","Command","","","https://cdn.poe2db.tw/image/Art/2DArt/SkillIcons/Rolldodge.webp"
"1788937157-207","https://poe2db.tw/us/Skill_Gems","Ruzhan's Reckoning","Ruzhan's Reckoning (1)Command, AoE, Fire","Command, AoE, Fire","","","","","","","","","","","","","","","","","","","","","","","","","AoE","","","Fire","","","","","","","","","","","","","Command","","","https://cdn.poe2db.tw/image/Art/2DArt/SkillIcons/Rolldodge.webp"
"1788937157-208","https://poe2db.tw/us/Skill_Gems","Kelari's Deception","Kelari's Deception (1)Command, AoE, Physical, Duration","Command, AoE, Physical, Duration","","","","","","","","","","","","","","","","","","","Duration","","","","","Physical","AoE","","","","","","","","","","","","","","","","Command","","","https://cdn.poe2db.tw/image/Art/2DArt/SkillIcons/Rolldodge.webp"
"1788937157-209","https://poe2db.tw/us/Skill_Gems","Kelari's Judgment","Kelari's Judgment (1)Command, AoE, Physical, Channelling","Command, AoE, Physical, Channelling","","","","","","","","","","","","","","","","","","","","Channelling","","","","Physical","AoE","","","","","","","","","","","","","","","","Command","","","https://cdn.poe2db.tw/image/Art/2DArt/SkillIcons/Rolldodge.webp"
"1788937157-210","https://poe2db.tw/us/Skill_Gems","Navira's Well","Navira's Well (1)Command, Duration","Command, Duration","","","","","","","","","","","","","","","","","","","Duration","","","","","","","","","","","","","","","","","","","","","","Command","","","https://cdn.poe2db.tw/image/Art/2DArt/SkillIcons/Rolldodge.webp"
"1788937157-211","https://poe2db.tw/us/Skill_Gems","Navira's Fracturing","Navira's Fracturing (1)Command, AoE, Cold","Command, AoE, Cold","","","","","","","","","","","","","","","","","","","","","","","","","AoE","","","","","","","","","","","","Cold","","","","Command","","","https://cdn.poe2db.tw/image/Art/2DArt/SkillIcons/Rolldodge.webp"
"1788937157-212","https://poe2db.tw/us/Skill_Gems","Navira's Oasis","Navira's Oasis (1)Command, AoE, Duration","Command, AoE, Duration","","","","","","","","","","","","","","","","","","","Duration","","","","","","AoE","","","","","","","","","","","","","","","","Command","","","https://cdn.poe2db.tw/image/Art/2DArt/SkillIcons/Rolldodge.webp"
"1788937157-213","https://poe2db.tw/us/Skill_Gems","Kelari's Malediction","Kelari's Malediction (1)Minion, Persistent, Command, Duration","Minion, Persistent, Command, Duration","","","","","","","","","","","","","","","","","","","Duration","","","","","","","","","","","Persistent","","","","","","Minion","","","","","Command","","","https://cdn.poe2db.tw/image/Art/2DArt/SkillIcons/SorceressSandDjinnCorpseBeetles.webp"
"1788937157-214","https://poe2db.tw/us/Skill_Gems","Elemental Expression","Elemental Expression (1)Spell, AoE, Projectile, Trigger, Lightning, Cold, Fire, Chaining","Spell, AoE, Projectile, Trigger, Lightning, Cold, Fire, Chaining","","","","","","","","","","","","","Chaining","","","Projectile","","","","","","Spell","Lightning","","AoE","","","Fire","","","","","","","Trigger","","Cold","","","","","","","https://cdn.poe2db.tw/image/Art/2DArt/SkillIcons/MonkInvokerWildStrike.webp"
"1788937157-215","https://poe2db.tw/us/Skill_Gems","Elemental Storm","Elemental Storm (1)Spell, AoE, Trigger, Lightning, Cold, Fire, Duration, Orb","Spell, AoE, Trigger, Lightning, Cold, Fire, Duration, Orb","","","","","","","","","","","","","","","","","Orb","","Duration","","","Spell","Lightning","","AoE","","","Fire","","","","","","","Trigger","","Cold","","","","","","","https://cdn.poe2db.tw/image/Art/2DArt/SkillIcons/SorceressElementalStorm.webp"
"1788937157-216","https://poe2db.tw/us/Skill_Gems","Encase in Jade","Encase in Jade (1)Spell, Buff, Physical, Duration","Spell, Buff, Physical, Duration","","","","","","","","","","","","","","","","","","","Duration","","","Spell","","Physical","","","Buff","","","","","","","","","","","","","","","","","https://cdn.poe2db.tw/image/Art/2DArt/SkillIcons/BruteWarbringerEncasedJade.webp"
"1788937157-217","https://poe2db.tw/us/Skill_Gems","Explosive Concoction","Explosive Concoction (1)Attack, AoE, Projectile, Fire","Attack, AoE, Projectile, Fire","","","","","","","","","","","","","","","","Projectile","","","","","","","","","AoE","Attack","","Fire","","","","","","","","","","","","","","","","https://cdn.poe2db.tw/image/Art/2DArt/SkillIcons/RangerBrewConcoctionFireSkill.webp"
"1788937157-218","https://poe2db.tw/us/Skill_Gems","Fulminating Concoction","Fulminating Concoction (1)Attack, AoE, Projectile, Lightning","Attack, AoE, Projectile, Lightning","","","","","","","","","","","","","","","","Projectile","","","","","","","Lightning","","AoE","Attack","","","","","","","","","","","","","","","","","","https://cdn.poe2db.tw/image/Art/2DArt/SkillIcons/RangerBrewConcoctionLightningSkill.webp"
"1788937157-219","https://poe2db.tw/us/Skill_Gems","Virtuous Barrier","Virtuous Barrier (1)Buff, Persistent","Buff, Persistent","","","","","","","","","","","","","","","","","","","","","","","","","","","Buff","","","Persistent","","","","","","","","","","","","","","https://cdn.poe2db.tw/image/Art/2DArt/SkillIcons/GemBarrier.webp"
"1788937157-220","https://poe2db.tw/us/Skill_Gems","Life Remnants","Life Remnants (1)Buff, Persistent, Remnant","Buff, Persistent, Remnant","","","","","","","","","","","","","","","","","","","","","","","","","","","Buff","","","Persistent","","","","","","","","Remnant","","","","","","https://cdn.poe2db.tw/image/Art/2DArt/SkillIcons/BloodChannel.webp"
"1788937157-221","https://poe2db.tw/us/Skill_Gems","Meditate","Meditate (1)Spell, Channelling","Spell, Channelling","","","","","","","","","","","","","","","","","","","","Channelling","","Spell","","","","","","","","","","","","","","","","","","","","","","https://cdn.poe2db.tw/image/Art/2DArt/SkillIcons/MonkInvokerMeditate.webp"
"1788937157-222","https://poe2db.tw/us/Skill_Gems","Moment of Vulnerability","Moment of Vulnerability (1)Spell, AoE, Nova","Spell, AoE, Nova","","","","","","","","","","","Nova","","","","","","","","","","","Spell","","","AoE","","","","","","","","","","","","","","","","","","","https://cdn.poe2db.tw/image/Art/2DArt/SkillIcons/passives/DruidOracleRipFromTimeSkill.webp"
"1788937157-223","https://poe2db.tw/us/Skill_Gems","Acidic Concoction","Acidic Concoction (1)Attack, AoE, Projectile, Physical","Attack, AoE, Projectile, Physical","","","","","","","","","","","","","","","","Projectile","","","","","","","","Physical","AoE","Attack","","","","","","","","","","","","","","","","","","https://cdn.poe2db.tw/image/Art/2DArt/SkillIcons/RangerBrewConcoctionPoisonSkill.webp"
"1788937157-224","https://poe2db.tw/us/Skill_Gems","Shattering Concoction","Shattering Concoction (1)Attack, AoE, Projectile, Cold","Attack, AoE, Projectile, Cold","","","","","","","","","","","","","","","","Projectile","","","","","","","","","AoE","Attack","","","","","","","","","","","Cold","","","","","","","https://cdn.poe2db.tw/image/Art/2DArt/SkillIcons/RangerBrewConcoctionColdSkill.webp"
"1788937157-225","https://poe2db.tw/us/Skill_Gems","Ruzhan, the Blazing Sword","Ruzhan, the Blazing Sword (1)Minion, Persistent, Command, Fire","Minion, Persistent, Command, Fire","","","","","","","","","","","","","","","","","","","","","","","","","","","","Fire","","Persistent","","","","","","Minion","","","","","Command","","","https://cdn.poe2db.tw/image/Art/2DArt/SkillIcons/SorceressSummonFireDjinn.webp"
"1788937157-226","https://poe2db.tw/us/Skill_Gems","Summon Infernal Hound","Summon Infernal Hound (1)Minion, Companion, Persistent, Fire","Minion, Companion, Persistent, Fire","","","","","","","","","","","","","","","","","","","","","","","","","","","","Fire","","Persistent","","","","","","Minion","","","","Companion","","","","https://cdn.poe2db.tw/image/Art/2DArt/SkillIcons/WitchSummonInfernalFamiliar.webp"
"1788937157-227","https://poe2db.tw/us/Skill_Gems","Kelari, the Tainted Sands","Kelari, the Tainted Sands (1)Minion, Persistent, Command, Physical","Minion, Persistent, Command, Physical","","","","","","","","","","","","","","","","","","","","","","","","Physical","","","","","","Persistent","","","","","","Minion","","","","","Command","","","https://cdn.poe2db.tw/image/Art/2DArt/SkillIcons/SorceressSummonSandDjinn.webp"
"1788937157-228","https://poe2db.tw/us/Skill_Gems","Navira, the Last Mirage","Navira, the Last Mirage (1)Minion, Persistent, Command, Cold","Minion, Persistent, Command, Cold","","","","","","","","","","","","","","","","","","","","","","","","","","","","","","Persistent","","","","","","Minion","Cold","","","","Command","","","https://cdn.poe2db.tw/image/Art/2DArt/SkillIcons/SorceressSummonWaterDjinn.webp"
"1788937157-229","https://poe2db.tw/us/Skill_Gems","Elemental Surge","Elemental Surge (1)Attack, AoE, Trigger, Lightning, Cold, Fire","Attack, AoE, Trigger, Lightning, Cold, Fire","","","","","","","","","","","","","","","","","","","","","","","Lightning","","AoE","Attack","","Fire","","","","","","","Trigger","","Cold","","","","","","","https://cdn.poe2db.tw/image/Art/2DArt/SkillIcons/AmazonElementalInfusionSkillIcon.webp"
"1788937157-230","https://poe2db.tw/us/Skill_Gems","Unbound Avatar","Unbound Avatar (1)Buff, Lightning, Cold, Fire, Duration, Conditional","Buff, Lightning, Cold, Fire, Duration, Conditional","","","","","","","","","","","","","","","","","","","Duration","","","","Lightning","","","","Buff","Fire","","","","","Conditional","","","","Cold","","","","","","","https://cdn.poe2db.tw/image/Art/2DArt/SkillIcons/MonkInvokerUnboundAvatar.webp"
"1788937157-231","https://poe2db.tw/us/Skill_Gems","Unleash","Unleash (1)Spell, Buff, Duration","Spell, Buff, Duration","","","","","","","","","","","","","","","","","","","Duration","","","Spell","","","","","Buff","","","","","","","","","","","","","","","","","https://cdn.poe2db.tw/image/Art/2DArt/SkillIcons/SorceressTemporalistUnleash.webp"
"1788937157-232","https://poe2db.tw/us/Skill_Gems","Azmerian Swarms","Azmerian Swarms (1)Buff, Minion, Persistent, Physical, Lightning, Cold, Fire, Duration","Buff, Minion, Persistent, Physical, Lightning, Cold, Fire, Duration","","","","","","","","","","","","","","","","","","","Duration","","","","Lightning","Physical","","","Buff","Fire","","Persistent","","","","","","Minion","Cold","","","","","","","https://cdn.poe2db.tw/image/Art/2DArt/SkillIcons/FluttermothSkillIcon.webp"
"1788937157-233","https://poe2db.tw/us/Skill_Gems","Azmerian Wolf","Azmerian Wolf (1)Minion, Companion, Persistent, Physical","Minion, Companion, Persistent, Physical","","","","","","","","","","","","","","","","","","","","","","","","Physical","","","","","","Persistent","","","","","","Minion","","","","Companion","","","","https://cdn.poe2db.tw/image/Art/2DArt/SkillIcons/ThePackLeaderBaseMinionSkill.webp"
"1788937157-234","https://poe2db.tw/us/Skill_Gems","Maul","Maul (1)Attack, Shapeshift, Bear, AoE, Melee, Strike","Attack, Shapeshift, Bear, AoE, Melee, Strike","","","","","","","","","","","","","","","","","","","","","","","","","AoE","Attack","","","Melee","","","","","","","","","","","","","Strike","Shapeshift","https://cdn.poe2db.tw/image/Art/2DArt/SkillIcons/DruidBearMaul.webp"
"1788937157-235","https://poe2db.tw/us/Skill_Gems","Bitter Dead","Bitter Dead (1)Spell, AoE, Cold, Repeatable","Spell, AoE, Cold, Repeatable","","","","","","","","","","","","Repeatable","","","","","","","","","","Spell","","","AoE","","","","","","","","","","","","Cold","","","","","","","https://cdn.poe2db.tw/image/Art/2DArt/SkillIcons/ExpeditionBitterDead.webp"
"1788937157-236","https://poe2db.tw/us/Skill_Gems","Black Powder Blitz","Black Powder Blitz (1)Buff, Persistent, AoE, Physical, Fire, Detonator, Travel","Buff, Persistent, AoE, Physical, Fire, Detonator, Travel","","","","","","","","","","","","","","","","","","Detonator","","","","","","Physical","AoE","","Buff","Fire","","Persistent","Travel","","","","","","","","","","","","","https://cdn.poe2db.tw/image/Art/2DArt/SkillIcons/ShankgonneSkill.webp"
"1788937157-237","https://poe2db.tw/us/Skill_Gems","Blink","Blink (1)Buff, Spell, Travel","Buff, Spell, Travel","","","","","","","","","","","","","","","","","","","","","","Spell","","","","","Buff","","","","Travel","","","","","","","","","","","","","https://cdn.poe2db.tw/image/Art/2DArt/SkillIcons/SorceressBlinkReservation.webp"
"1788937157-238","https://poe2db.tw/us/Skill_Gems","Blood Boil","Blood Boil (1)Buff, Persistent, AoE, Physical, Duration","Buff, Persistent, AoE, Physical, Duration","","","","","","","","","","","","","","","","","","","Duration","","","","","Physical","AoE","","Buff","","","Persistent","","","","","","","","","","","","","","https://cdn.poe2db.tw/image/Art/2DArt/SkillIcons/PrimalistBloodBoilsSkillIcon.webp"
"1788937157-239","https://poe2db.tw/us/Skill_Gems","Fire Spell on Hit","Fire Spell on Hit (1)Buff, Persistent, Trigger, Fire, Meta","Buff, Persistent, Trigger, Fire, Meta","","","","","","","","","","","","","","","","","","","","","","","","","","","Buff","Fire","","Persistent","","","","","Trigger","","","","Meta","","","","","https://cdn.poe2db.tw/image/Art/2DArt/SkillIcons/SmithOfKitavaTriggerFireballsSkillIcon.webp"
"1788937157-240","https://poe2db.tw/us/Skill_Gems","Thundergod's Wrath","Thundergod's Wrath (1)Buff, Persistent, Trigger, Lightning, Meta","Buff, Persistent, Trigger, Lightning, Meta","","","","","","","","","","","","","","","","","","","","","","","Lightning","","","","Buff","","","Persistent","","","","","Trigger","","","","Meta","","","","","https://cdn.poe2db.tw/image/Art/2DArt/SkillIcons/CastLightningSpellOnHitSkill.webp"
"1788937157-241","https://poe2db.tw/us/Skill_Gems","Cast on Block","Cast on Block (1)Buff, Persistent, Trigger, Meta","Buff, Persistent, Trigger, Meta","","","","","","","","","","","","","","","","","","","","","","","","","","","Buff","","","Persistent","","","","","Trigger","","","","Meta","","","","","https://cdn.poe2db.tw/image/Art/2DArt/SkillIcons/CastOnMeleeBlockSkill.webp"
"1788937157-242","https://poe2db.tw/us/Skill_Gems","Cast on Charm Use","Cast on Charm Use (1)Buff, Persistent, Trigger, Meta","Buff, Persistent, Trigger, Meta","","","","","","","","","","","","","","","","","","","","","","","","","","","Buff","","","Persistent","","","","","Trigger","","","","Meta","","","","","https://cdn.poe2db.tw/image/Art/2DArt/SkillIcons/CastOnCharm.webp"
"1788937157-243","https://poe2db.tw/us/Skill_Gems","Chaotic Surge","Chaotic Surge (1)Attack, AoE, Trigger, Chaos","Attack, AoE, Trigger, Chaos","","","","","","","","","","","","","","","","","","","","","Chaos","","","","AoE","Attack","","","","","","","","","Trigger","","","","","","","","","https://cdn.poe2db.tw/image/Art/2DArt/SkillIcons/SpireofIreSkillIcon.webp"
"1788937157-244","https://poe2db.tw/us/Skill_Gems","Conductive Runes","Conductive Runes (1)Attack, AoE, Lightning, Duration, Hazard","Attack, AoE, Lightning, Duration, Hazard","","","","","","","","","","","","","","","","","","","Duration","","","","Lightning","","AoE","Attack","","","","","","Hazard","","","","","","","","","","","","https://cdn.poe2db.tw/image/Art/2DArt/SkillIcons/ExpeditionRunewordHazard.webp"
"1788937157-245","https://poe2db.tw/us/Skill_Gems","Decompose","Decompose (1)Spell, AoE, Trigger, Fire, Chaos, Duration","Spell, AoE, Trigger, Fire, Chaos, Duration","","","","","","","","","","","","","","","","","","","Duration","","Chaos","Spell","","","AoE","","","Fire","","","","","","","Trigger","","","","","","","","","https://cdn.poe2db.tw/image/Art/2DArt/SkillIcons/DecomposeSkill.webp"
"1788937157-246","https://poe2db.tw/us/Skill_Gems","Crackling Palm","Crackling Palm (1)Buff, Attack, Persistent, AoE, Lightning","Buff, Attack, Persistent, AoE, Lightning","","","","","","","","","","","","","","","","","","","","","","","Lightning","","AoE","Attack","Buff","","","Persistent","","","","","","","","","","","","","","https://cdn.poe2db.tw/image/Art/2DArt/SkillIcons/ThunderfistUniqueSkill.webp"
"1788937157-247","https://poe2db.tw/us/Skill_Gems","Requiem","Requiem (1)Attack, AoE, Ammunition, Projectile, Cold, Conditional","Attack, AoE, Ammunition, Projectile, Cold, Conditional","","","","","","","","","","","","","","","","Projectile","","","","","","","","","AoE","Attack","","","","","","","Conditional","","","","Cold","","","","","","","https://cdn.poe2db.tw/image/Art/2DArt/SkillIcons/RequiemChargeSkillCrossbow.webp"
"1788937157-248","https://poe2db.tw/us/Skill_Gems","Crushing Fear","Crushing Fear (1)Attack, AoE, Melee, Strike, Physical, Chaos","Attack, AoE, Melee, Strike, Physical, Chaos","","","","","","","","","","","","","","","","","","","","","Chaos","","","Physical","AoE","Attack","","","Melee","","","","","","","","","","","","","Strike","","https://cdn.poe2db.tw/image/Art/2DArt/SkillIcons/ChokingMistsSkillIcon.webp"
"1788937157-249","https://poe2db.tw/us/Skill_Gems","Demon Form","Demon Form (1)Shapeshift, Buff","Shapeshift, Buff","","","","","","","","","","","","","","","","","","","","","","","","","","","Buff","","","","","","","","","","","","","","","","Shapeshift","https://cdn.poe2db.tw/image/Art/2DArt/SkillIcons/WitchTransformDemon.webp"
"1788937157-250","https://poe2db.tw/us/Skill_Gems","Detonate Living","Detonate Living (1)Spell, AoE, Physical, Repeatable","Spell, AoE, Physical, Repeatable","","","","","","","","","","","","Repeatable","","","","","","","","","","Spell","","Physical","AoE","","","","","","","","","","","","","","","","","","","https://cdn.poe2db.tw/image/Art/2DArt/SkillIcons/ExpeditionDetonateLiving.webp"
"1788937157-251","https://poe2db.tw/us/Skill_Gems","Eternal March","Eternal March (1)Spell, Minion","Spell, Minion","","","","","","","","","","","","","","","","","","","","","","Spell","","","","","","","","","","","","","","Minion","","","","","","","","https://cdn.poe2db.tw/image/Art/2DArt/SkillIcons/ExpeditionWardforgedMinions.webp"
"1788937157-252","https://poe2db.tw/us/Skill_Gems","Bursting Fen Toad","Bursting Fen Toad (1)Attack, AoE, Trigger, Physical, Chaos","Attack, AoE, Trigger, Physical, Chaos","","","","","","","","","","","","","","","","","","","","","Chaos","","","Physical","AoE","Attack","","","","","","","","","Trigger","","","","","","","","","https://cdn.poe2db.tw/image/Art/2DArt/SkillIcons/MurkshaftToads.webp"
"1788937157-253","https://poe2db.tw/us/Skill_Gems","Explosive Transmutation","Explosive Transmutation (1)Buff, Spell, Persistent, AoE, Trigger, Physical, Lightning, Cold, Fire, Chaos","Buff, Spell, Persistent, AoE, Trigger, Physical, Lightning, Cold, Fire, Chaos","","","","","","","","","","","","","","","","","","","","","Chaos","Spell","Lightning","Physical","AoE","","Buff","Fire","","Persistent","","","","","Trigger","","Cold","","","","","","","https://cdn.poe2db.tw/image/Art/2DArt/SkillIcons/ExpeditionExplosiveTransmutation.webp"
"1788937157-254","https://poe2db.tw/us/Skill_Gems","Fragments Of The Past","Fragments Of The Past (1)Attack, AoE, Projectile, Trigger, Sustained, Cold, Duration","Attack, AoE, Projectile, Trigger, Sustained, Cold, Duration","","","","","","","","","","","","","","Sustained","","Projectile","","","Duration","","","","","","AoE","Attack","","","","","","","","","Trigger","","Cold","","","","","","","https://cdn.poe2db.tw/image/Art/2DArt/SkillIcons/ExpeditionFragmentsofthePast.webp"
"1788937157-255","https://poe2db.tw/us/Skill_Gems","Frostflame Nova","Frostflame Nova (1)Spell, AoE, Cold, Fire, Nova, Repeatable","Spell, AoE, Cold, Fire, Nova, Repeatable","","","","","","","","","","","Nova","Repeatable","","","","","","","","","","Spell","","","AoE","","","Fire","","","","","","","","","Cold","","","","","","","https://cdn.poe2db.tw/image/Art/2DArt/SkillIcons/ExpeditionFrostfireNova.webp"
"1788937157-256","https://poe2db.tw/us/Skill_Gems","Future-Past","Future-Past (1)Buff, Persistent, Duration","Buff, Persistent, Duration","","","","","","","","","","","","","","","","","","","Duration","","","","","","","","Buff","","","Persistent","","","","","","","","","","","","","","https://cdn.poe2db.tw/image/Art/2DArt/SkillIcons/HinekorasSightUnique.webp"
"1788937157-257","https://poe2db.tw/us/Skill_Gems","Gemini Surge","Gemini Surge (1)Attack, AoE, Trigger, Cold, Fire","Attack, AoE, Trigger, Cold, Fire","","","","","","","","","","","","","","","","","","","","","","","","","AoE","Attack","","Fire","","","","","","","Trigger","","Cold","","","","","","","https://cdn.poe2db.tw/image/Art/2DArt/SkillIcons/AmazonElementalInfusionSkillIcon.webp"
"1788937157-258","https://poe2db.tw/us/Skill_Gems","Grim Pillars","Grim Pillars (1)Spell, AoE, Cold, Duration, Nova","Spell, AoE, Cold, Duration, Nova","","","","","","","","","","","Nova","","","","","","","","Duration","","","Spell","","","AoE","","","","","","","","","","","","Cold","","","","","","","https://cdn.poe2db.tw/image/Art/2DArt/SkillIcons/ExpeditionGrimPillars.webp"
"1788937157-259","https://poe2db.tw/us/Skill_Gems","Harbinger of Madness","Harbinger of Madness (1)Buff, Persistent, AoE, Physical","Buff, Persistent, AoE, Physical","","","","","","","","","","","","","","","","","","","","","","","","Physical","AoE","","Buff","","","Persistent","","","","","","","","","","","","","","https://cdn.poe2db.tw/image/Art/2DArt/SkillIcons/Murkmaw.webp"
"1788937157-260","https://poe2db.tw/us/Skill_Gems","Hollow Focus","Hollow Focus (1)Attack, Buff, Persistent, AoE, Duration","Attack, Buff, Persistent, AoE, Duration","","","","","","","","","","","","","","","","","","","Duration","","","","","","AoE","Attack","Buff","","","Persistent","","","","","","","","","","","","","","https://cdn.poe2db.tw/image/Art/2DArt/SkillIcons/MartialArtistSpectralBellSkill.webp"
"1788937157-261","https://poe2db.tw/us/Skill_Gems","Hollow Form","Hollow Form (1)Attack, Melee, Sustained, Channelling, Meta","Attack, Melee, Sustained, Channelling, Meta","","","","","","","","","","","","","","Sustained","","","","","","Channelling","","","","","","Attack","","","Melee","","","","","","","","","","Meta","","","","","https://cdn.poe2db.tw/image/Art/2DArt/SkillIcons/MartialArtistMantraofIllusionsSkill.webp"
"1788937157-262","https://poe2db.tw/us/Skill_Gems","Hollow Resonance","Hollow Resonance (1)Attack, AoE, Trigger","Attack, AoE, Trigger","","","","","","","","","","","","","","","","","","","","","","","","","AoE","Attack","","","","","","","","","Trigger","","","","","","","","","https://cdn.poe2db.tw/image/Art/2DArt/SkillIcons/MartialArtistCarrySpectralBellSkill.webp"
"1788937157-263","https://poe2db.tw/us/Skill_Gems","Hollow Shell","Hollow Shell (1)Spell, Buff, AoE, Nova","Spell, Buff, AoE, Nova","","","","","","","","","","","Nova","","","","","","","","","","","Spell","","","AoE","","Buff","","","","","","","","","","","","","","","","","https://cdn.poe2db.tw/image/Art/2DArt/SkillIcons/ExpeditionHollowShell.webp"
"1788937157-264","https://poe2db.tw/us/Skill_Gems","Cackling Companions","Cackling Companions (1)Minion, Companion, Persistent, Physical","Minion, Companion, Persistent, Physical","","","","","","","","","","","","","","","","","","","","","","","","Physical","","","","","","Persistent","","","","","","Minion","","","","Companion","","","","https://cdn.poe2db.tw/image/Art/2DArt/SkillIcons/HandoftheClanSkill.webp"
"1788937157-265","https://poe2db.tw/us/Skill_Gems","Inevitable Agony","Inevitable Agony (1)Spell, AoE, Duration, Repeatable","Spell, AoE, Duration, Repeatable","","","","","","","","","","","","Repeatable","","","","","","","Duration","","","Spell","","","AoE","","","","","","","","","","","","","","","","","","","https://cdn.poe2db.tw/image/Art/2DArt/SkillIcons/TemporalistSynchronisationofPainSkill.webp"
"1788937157-266","https://poe2db.tw/us/Skill_Gems","Into the Breach","Into the Breach (1)Buff, Persistent, Remnant","Buff, Persistent, Remnant","","","","","","","","","","","","","","","","","","","","","","","","","","","Buff","","","Persistent","","","","","","","","Remnant","","","","","","https://cdn.poe2db.tw/image/Art/2DArt/SkillIcons/MonkBreachWalk.webp"
"1788937157-267","https://poe2db.tw/us/Skill_Gems","Leylines","Leylines (1)Buff, Persistent, AoE, Duration","Buff, Persistent, AoE, Duration","","","","","","","","","","","","","","","","","","","Duration","","","","","","AoE","","Buff","","","Persistent","","","","","","","","","","","","","","https://cdn.poe2db.tw/image/Art/2DArt/SkillIcons/ExpeditionLeylines.webp"
"1788937157-268","https://poe2db.tw/us/Skill_Gems","Manifest Weapon","Manifest Weapon (1)Minion, Companion, Persistent","Minion, Companion, Persistent","","","","","","","","","","","","","","","","","","","","","","","","","","","","","","Persistent","","","","","","Minion","","","","Companion","","","","https://cdn.poe2db.tw/image/Art/2DArt/SkillIcons/SmithOfKitavaCreateWeaponSkillIcon.webp"
"1788937157-269","https://poe2db.tw/us/Skill_Gems","Called Shots","Called Shots (1)Buff, Persistent, AoE, Meta","Buff, Persistent, AoE, Meta","","","","","","","","","","","","","","","","","","","","","","","","","AoE","","Buff","","","Persistent","","","","","","","","","Meta","","","","","https://cdn.poe2db.tw/image/Art/2DArt/SkillIcons/DeadeyeMarkMetagemSkill.webp"
"1788937157-270","https://poe2db.tw/us/Skill_Gems","Midnight Zenith","Midnight Zenith (1)Buff, Persistent, AoE, Cold, Duration","Buff, Persistent, AoE, Cold, Duration","","","","","","","","","","","","","","","","","","","Duration","","","","","","AoE","","Buff","","","Persistent","","","","","","","Cold","","","","","","","https://cdn.poe2db.tw/image/Art/2DArt/SkillIcons/NattblomSkillIcon.webp"
"1788937157-271","https://poe2db.tw/us/Skill_Gems","Mirage Deadeye","Mirage Deadeye (1)Buff, Persistent, Trigger, Duration, Meta","Buff, Persistent, Trigger, Duration, Meta","","","","","","","","","","","","","","","","","","","Duration","","","","","","","","Buff","","","Persistent","","","","","Trigger","","","","Meta","","","","","https://cdn.poe2db.tw/image/Art/2DArt/SkillIcons/RangerDeadeyeMirageSkill.webp"
"1788937157-272","https://poe2db.tw/us/Skill_Gems","Mist Raven","Mist Raven (1)Minion, Companion, Persistent, Physical, Chaos","Minion, Companion, Persistent, Physical, Chaos","","","","","","","","","","","","","","","","","","","","","Chaos","","","Physical","","","","","","Persistent","","","","","","Minion","","","","Companion","","","","https://cdn.poe2db.tw/image/Art/2DArt/SkillIcons/MistRavenSummon.webp"
"1788937157-273","https://poe2db.tw/us/Skill_Gems","Molten Crash","Molten Crash (1)Attack, Shapeshift, Bear, AoE, Melee, Slam, Travel","Attack, Shapeshift, Bear, AoE, Melee, Slam, Travel","","","","","Slam","","","","","","","","","","","","","","","","","","","","AoE","Attack","","","Melee","","Travel","","","","","","","","","","","","Shapeshift","https://cdn.poe2db.tw/image/Art/2DArt/SkillIcons/VesselofWrath.webp"
"1788937157-274","https://poe2db.tw/us/Skill_Gems","Molten Shower","Molten Shower (1)Attack, AoE, Projectile, Trigger, Fire","Attack, AoE, Projectile, Trigger, Fire","","","","","","","","","","","","","","","","Projectile","","","","","","","","","AoE","Attack","","Fire","","","","","","","Trigger","","","","","","","","","https://cdn.poe2db.tw/image/Art/2DArt/SkillIcons/VolcanicEruptionSkillIcon.webp"
"1788937157-275","https://poe2db.tw/us/Skill_Gems","Soaring Midnight","Soaring Midnight (1)Attack, AoE, Melee, Slam, Projectile, Physical, Cold, Travel","Attack, AoE, Melee, Slam, Projectile, Physical, Cold, Travel","","","","","Slam","","","","","","","","","","","Projectile","","","","","","","","Physical","AoE","Attack","","","Melee","","Travel","","","","","","Cold","","","","","","","https://cdn.poe2db.tw/image/Art/2DArt/SkillIcons/ShieldNightfall1.webp"
"1788937157-276","https://poe2db.tw/us/Skill_Gems","Parry","Parry (1)Attack, Melee, Physical, Duration, Channelling","Attack, Melee, Physical, Duration, Channelling","","","","","","","","","","","","","","","","","","","Duration","Channelling","","","","Physical","","Attack","","","Melee","","","","","","","","","","","","","","","https://cdn.poe2db.tw/image/Art/2DArt/SkillIcons/HuntressBucklerParry.webp"
"1788937157-277","https://poe2db.tw/us/Skill_Gems","Phantasmal Arrow","Phantasmal Arrow (1)Attack, AoE, Projectile, Fire, Duration, Repeatable","Attack, AoE, Projectile, Fire, Duration, Repeatable","","","","","","","","","","","","Repeatable","","","","Projectile","","","Duration","","","","","","AoE","Attack","","Fire","","","","","","","","","","","","","","","","https://cdn.poe2db.tw/image/Art/2DArt/SkillIcons/GhostfuseArrow.webp"
"1788937157-278","https://poe2db.tw/us/Skill_Gems","Pinnacle of Power","Pinnacle of Power (1)Spell, Buff, Lightning, Cold, Fire, Duration, Conditional","Spell, Buff, Lightning, Cold, Fire, Duration, Conditional","","","","","","","","","","","","","","","","","","","Duration","","","Spell","Lightning","","","","Buff","Fire","","","","","Conditional","","","","Cold","","","","","","","https://cdn.poe2db.tw/image/Art/2DArt/SkillIcons/ElementalPowerSkillWand.webp"
"1788937157-279","https://poe2db.tw/us/Skill_Gems","Axe Slash","Axe Slash (1)Attack, AoE, Melee, Strike","Attack, AoE, Melee, Strike","","","","","","","","","","","","","","","","","","","","","","","","","AoE","Attack","","","Melee","","","","","","","","","","","","","Strike","","https://cdn.poe2db.tw/image/Art/2DArt/SkillIcons/OneHandAxeDefaultSkill.webp"
"1788937157-280","https://poe2db.tw/us/Skill_Gems","Mace Strike","Mace Strike (1)Attack, AoE, Melee, Strike","Attack, AoE, Melee, Strike","","","","","","","","","","","","","","","","","","","","","","","","","AoE","Attack","","","Melee","","","","","","","","","","","","","Strike","","https://cdn.poe2db.tw/image/Art/2DArt/SkillIcons/OneHandMaceDefaultSkill.webp"
"1788937157-281","https://poe2db.tw/us/Skill_Gems","Sword Slash","Sword Slash (1)Attack, AoE, Melee, Strike","Attack, AoE, Melee, Strike","","","","","","","","","","","","","","","","","","","","","","","","","AoE","Attack","","","Melee","","","","","","","","","","","","","Strike","","https://cdn.poe2db.tw/image/Art/2DArt/SkillIcons/OneHandSwordDefaultSkill.webp"
"1788937157-282","https://poe2db.tw/us/Skill_Gems","Axe Slash","Axe Slash (1)Attack, AoE, Melee, Strike","Attack, AoE, Melee, Strike","","","","","","","","","","","","","","","","","","","","","","","","","AoE","Attack","","","Melee","","","","","","","","","","","","","Strike","","https://cdn.poe2db.tw/image/Art/2DArt/SkillIcons/TwoHandAxeDefaultSkill.webp"
"1788937157-283","https://poe2db.tw/us/Skill_Gems","Mace Strike","Mace Strike (1)Attack, AoE, Melee, Strike","Attack, AoE, Melee, Strike","","","","","","","","","","","","","","","","","","","","","","","","","AoE","Attack","","","Melee","","","","","","","","","","","","","Strike","","https://cdn.poe2db.tw/image/Art/2DArt/SkillIcons/TwoHandMaceDefaultSkill.webp"
"1788937157-284","https://poe2db.tw/us/Skill_Gems","Sword Slash","Sword Slash (1)Attack, AoE, Melee, Strike","Attack, AoE, Melee, Strike","","","","","","","","","","","","","","","","","","","","","","","","","AoE","Attack","","","Melee","","","","","","","","","","","","","Strike","","https://cdn.poe2db.tw/image/Art/2DArt/SkillIcons/TwoHandSwordDefaultSkill.webp"
"1788937157-285","https://poe2db.tw/us/Skill_Gems","Axe Slash","Axe Slash (1)Attack, AoE, Melee, Strike","Attack, AoE, Melee, Strike","","","","","","","","","","","","","","","","","","","","","","","","","AoE","Attack","","","Melee","","","","","","","","","","","","","Strike","","https://cdn.poe2db.tw/image/Art/2DArt/SkillIcons/DualWieldAxeDefaultSkill.webp"
"1788937157-286","https://poe2db.tw/us/Skill_Gems","Bow Shot","Bow Shot (1)Attack, Projectile, Repeatable","Attack, Projectile, Repeatable","","","","","","","","","","","","Repeatable","","","","Projectile","","","","","","","","","","Attack","","","","","","","","","","","","","","","","","","https://cdn.poe2db.tw/image/Art/2DArt/SkillIcons/BowDefaultSkill.webp"
"1788937157-287","https://poe2db.tw/us/Skill_Gems","Claw Stab","Claw Stab (1)Attack, AoE, Melee, Strike","Attack, AoE, Melee, Strike","","","","","","","","","","","","","","","","","","","","","","","","","AoE","Attack","","","Melee","","","","","","","","","","","","","Strike","","https://cdn.poe2db.tw/image/Art/2DArt/SkillIcons/OneHandClawDefaultSkill.webp"
"1788937157-288","https://poe2db.tw/us/Skill_Gems","Claw Stab","Claw Stab (1)Attack, AoE, Melee, Strike","Attack, AoE, Melee, Strike","","","","","","","","","","","","","","","","","","","","","","","","","AoE","Attack","","","Melee","","","","","","","","","","","","","Strike","","https://cdn.poe2db.tw/image/Art/2DArt/SkillIcons/DualWieldClawDefaultSkill.webp"
"1788937157-289","https://poe2db.tw/us/Skill_Gems","Crossbow Shot","Crossbow Shot (1)Attack, Ammunition, Projectile","Attack, Ammunition, Projectile","","","","","","","","","","","","","","","","Projectile","","","","","","","","","","Attack","","","","","","","","","","","","","","","","","","https://cdn.poe2db.tw/image/Art/2DArt/SkillIcons/PowerShot.webp"
"1788937157-290","https://poe2db.tw/us/Skill_Gems","Dagger Stab","Dagger Stab (1)Attack, AoE, Melee, Strike","Attack, AoE, Melee, Strike","","","","","","","","","","","","","","","","","","","","","","","","","AoE","Attack","","","Melee","","","","","","","","","","","","","Strike","","https://cdn.poe2db.tw/image/Art/2DArt/SkillIcons/OneHandDaggerDefaultSkill.webp"
"1788937157-291","https://poe2db.tw/us/Skill_Gems","Dagger Stab","Dagger Stab (1)Attack, AoE, Melee, Strike","Attack, AoE, Melee, Strike","","","","","","","","","","","","","","","","","","","","","","","","","AoE","Attack","","","Melee","","","","","","","","","","","","","Strike","","https://cdn.poe2db.tw/image/Art/2DArt/SkillIcons/TwoHandDaggerDefaultSkill.webp"
"1788937157-292","https://poe2db.tw/us/Skill_Gems","Flail Strike","Flail Strike (1)Attack, AoE, Melee, Strike","Attack, AoE, Melee, Strike","","","","","","","","","","","","","","","","","","","","","","","","","AoE","Attack","","","Melee","","","","","","","","","","","","","Strike","","https://cdn.poe2db.tw/image/Art/2DArt/SkillIcons/FlailDefaultSkill.webp"
"1788937157-293","https://poe2db.tw/us/Skill_Gems","Mace Strike","Mace Strike (1)Attack, AoE, Melee, Strike","Attack, AoE, Melee, Strike","","","","","","","","","","","","","","","","","","","","","","","","","AoE","Attack","","","Melee","","","","","","","","","","","","","Strike","","https://cdn.poe2db.tw/image/Art/2DArt/SkillIcons/DualWieldMaceDefaultSkill.webp"
"1788937157-294","https://poe2db.tw/us/Skill_Gems","Quarterstaff Strike","Quarterstaff Strike (1)Attack, AoE, Melee, Strike","Attack, AoE, Melee, Strike","","","","","","","","","","","","","","","","","","","","","","","","","AoE","Attack","","","Melee","","","","","","","","","","","","","Strike","","https://cdn.poe2db.tw/image/Art/2DArt/SkillIcons/QuarterstaffDefaultSkill.webp"
"1788937157-295","https://poe2db.tw/us/Skill_Gems","Spear Stab","Spear Stab (1)Attack, AoE, Melee, Strike","Attack, AoE, Melee, Strike","","","","","","","","","","","","","","","","","","","","","","","","","AoE","Attack","","","Melee","","","","","","","","","","","","","Strike","","https://cdn.poe2db.tw/image/Art/2DArt/SkillIcons/TwoHandSpearDefaultSkill.webp"
"1788937157-296","https://poe2db.tw/us/Skill_Gems","Spear Stab","Spear Stab (1)Attack, AoE, Melee, Strike","Attack, AoE, Melee, Strike","","","","","","","","","","","","","","","","","","","","","","","","","AoE","Attack","","","Melee","","","","","","","","","","","","","Strike","","https://cdn.poe2db.tw/image/Art/2DArt/SkillIcons/SpearDefaultSkill.webp"
"1788937157-297","https://poe2db.tw/us/Skill_Gems","Spear Throw","Spear Throw (1)Attack, AoE, Projectile, Repeatable","Attack, AoE, Projectile, Repeatable","","","","","","","","","","","","Repeatable","","","","Projectile","","","","","","","","","AoE","Attack","","","","","","","","","","","","","","","","","","https://cdn.poe2db.tw/image/Art/2DArt/SkillIcons/HuntressIceSpear.webp"
"1788937157-298","https://poe2db.tw/us/Skill_Gems","Sword Slash","Sword Slash (1)Attack, AoE, Melee, Strike","Attack, AoE, Melee, Strike","","","","","","","","","","","","","","","","","","","","","","","","","AoE","Attack","","","Melee","","","","","","","","","","","","","Strike","","https://cdn.poe2db.tw/image/Art/2DArt/SkillIcons/DualWieldSwordDefaultSkill.webp"
"1788937157-299","https://poe2db.tw/us/Skill_Gems","Punch","Punch (1)Attack, AoE, Melee, Strike","Attack, AoE, Melee, Strike","","","","","","","","","","","","","","","","","","","","","","","","","AoE","Attack","","","Melee","","","","","","","","","","","","","Strike","","https://cdn.poe2db.tw/image/Art/2DArt/SkillIcons/UnarmedDefaultSkill.webp"
"1788937157-300","https://poe2db.tw/us/Skill_Gems","Powered by Verisium","Powered by Verisium (1)Spell, Repeatable","Spell, Repeatable","","","","","","","","","","","","Repeatable","","","","","","","","","","Spell","","","","","","","","","","","","","","","","","","","","","","https://cdn.poe2db.tw/image/Art/2DArt/SkillIcons/ExpeditionVerisiumInfusion.webp"
"1788937157-301","https://poe2db.tw/us/Skill_Gems","Primal Bounty","Primal Bounty (1)Buff, Trigger","Buff, Trigger","","","","","","","","","","","","","","","","","","","","","","","","","","","Buff","","","","","","","","Trigger","","","","","","","","","https://cdn.poe2db.tw/image/Art/2DArt/SkillIcons/WildspeakerOwlFeathersSkill.webp"
"1788937157-302","https://poe2db.tw/us/Skill_Gems","Queen's Procession","Queen's Procession (1)Buff, Attack, Persistent, AoE, Physical","Buff, Attack, Persistent, AoE, Physical","","","","","","","","","","","","","","","","","","","","","","","","Physical","AoE","Attack","Buff","","","Persistent","","","","","","","","","","","","","","https://cdn.poe2db.tw/image/Art/2DArt/SkillIcons/RitualistQueenInTheMistsSkill.webp"
"1788937157-303","https://poe2db.tw/us/Skill_Gems","Rain of Blades","Rain of Blades (1)Attack, Buff, AoE, Trigger, Duration","Attack, Buff, AoE, Trigger, Duration","","","","","","","","","","","","","","","","","","","Duration","","","","","","AoE","Attack","Buff","","","","","","","","Trigger","","","","","","","","","https://cdn.poe2db.tw/image/Art/2DArt/SkillIcons/ExpeditionRainofBlades.webp"
"1788937157-304","https://poe2db.tw/us/Skill_Gems","Refutation","Refutation (1)Buff, Spell, Duration, Repeatable","Buff, Spell, Duration, Repeatable","","","","","","","","","","","","Repeatable","","","","","","","Duration","","","Spell","","","","","Buff","","","","","","","","","","","","","","","","","https://cdn.poe2db.tw/image/Art/2DArt/SkillIcons/ExpeditionRunicFortress.webp"
"1788937157-305","https://poe2db.tw/us/Skill_Gems","Remnants of Kalguur","Remnants of Kalguur (1)Buff, Persistent, Remnant","Buff, Persistent, Remnant","","","","","","","","","","","","","","","","","","","","","","","","","","","Buff","","","Persistent","","","","","","","","Remnant","","","","","","https://cdn.poe2db.tw/image/Art/2DArt/SkillIcons/ExpeditionRemnantsofKalguur.webp"
"1788937157-306","https://poe2db.tw/us/Skill_Gems","Repulsion","Repulsion (1)Spell, Attack, AoE, Trigger, Physical, Duration, Curse, Repeatable","Spell, Attack, AoE, Trigger, Physical, Duration, Curse, Repeatable","","","","","","","","","","","","Repeatable","","","Curse","","","","Duration","","","Spell","","Physical","AoE","Attack","","","","","","","","","Trigger","","","","","","","","","https://cdn.poe2db.tw/image/Art/2DArt/SkillIcons/ExpeditionMarkofRepulsion.webp"
"1788937157-307","https://poe2db.tw/us/Skill_Gems","Righteous Descent","Righteous Descent (1)Attack, AoE, Melee, Slam, Physical, Lightning, Travel","Attack, AoE, Melee, Slam, Physical, Lightning, Travel","","","","","Slam","","","","","","","","","","","","","","","","","","Lightning","Physical","AoE","Attack","","","Melee","","Travel","","","","","","","","","","","","","https://cdn.poe2db.tw/image/Art/2DArt/SkillIcons/ChallengersAscentSkill.webp"
"1788937157-308","https://poe2db.tw/us/Skill_Gems","Ritual Sacrifice","Ritual Sacrifice (1)Buff, Duration","Buff, Duration","","","","","","","","","","","","","","","","","","","Duration","","","","","","","","Buff","","","","","","","","","","","","","","","","","https://cdn.poe2db.tw/image/Art/2DArt/SkillIcons/PrimalistStabCorpseSkillIcon.webp"
"1788937157-309","https://poe2db.tw/us/Skill_Gems","Runic Reprieve","Runic Reprieve (1)Spell, Channelling","Spell, Channelling","","","","","","","","","","","","","","","","","","","","Channelling","","Spell","","","","","","","","","","","","","","","","","","","","","","https://cdn.poe2db.tw/image/Art/2DArt/SkillIcons/ExpeditionKalguuranWard.webp"
"1788937157-310","https://poe2db.tw/us/Skill_Gems","Runic Tempering","Runic Tempering (1)Channelling","Channelling","","","","","","","","","","","","","","","","","","","","Channelling","","","","","","","","","","","","","","","","","","","","","","","","https://cdn.poe2db.tw/image/Art/2DArt/SkillIcons/SerlesMasterwork.webp"
"1788937157-311","https://poe2db.tw/us/Skill_Gems","Sanguine Revelry","Sanguine Revelry (1)Buff, Persistent, Remnant","Buff, Persistent, Remnant","","","","","","","","","","","","","","","","","","","","","","","","","","","Buff","","","Persistent","","","","","","","","Remnant","","","","","","https://cdn.poe2db.tw/image/Art/2DArt/SkillIcons/CrimsonChrysalis.webp"
"1788937157-312","https://poe2db.tw/us/Skill_Gems","Shattering Spite","Shattering Spite (1)Attack, AoE, Physical, Lightning, Fire","Attack, AoE, Physical, Lightning, Fire","","","","","","","","","","","","","","","","","","","","","","","Lightning","Physical","AoE","Attack","","Fire","","","","","","","","","","","","","","","","https://cdn.poe2db.tw/image/Art/2DArt/SkillIcons/AtzirisContempt.webp"
"1788937157-313","https://poe2db.tw/us/Skill_Gems","Raise Shield","Raise Shield (1)Attack, AoE, Melee, Physical, Channelling","Attack, AoE, Melee, Physical, Channelling","","","","","","","","","","","","","","","","","","","","Channelling","","","","Physical","AoE","Attack","","","Melee","","","","","","","","","","","","","","","https://cdn.poe2db.tw/image/Art/2DArt/SkillIcons/BruteShieldBlock.webp"
"1788937157-314","https://poe2db.tw/us/Skill_Gems","Rite of Restoration","Rite of Restoration (1)Spell, AoE, Duration, Staged","Spell, AoE, Duration, Staged","","","","Staged","","","","","","","","","","","","","","","Duration","","","Spell","","","AoE","","","","","","","","","","","","","","","","","","","https://cdn.poe2db.tw/image/Art/2DArt/SkillIcons/HuskofDreamsSkill.webp"
"1788937157-315","https://poe2db.tw/us/Skill_Gems","Skyfall","Skyfall (1)Spell, Minion, AoE, Physical, Cold, Conditional, Repeatable","Spell, Minion, AoE, Physical, Cold, Conditional, Repeatable","","","","","","","","","","","","Repeatable","","","","","","","","","","Spell","","Physical","AoE","","","","","","","","Conditional","","","Minion","Cold","","","","","","","https://cdn.poe2db.tw/image/Art/2DArt/SkillIcons/ExpeditionVerisiumComet.webp"
"1788937157-316","https://poe2db.tw/us/Skill_Gems","Sorcery Ward","Sorcery Ward (1)Spell, Buff, Persistent, Lightning, Cold, Fire","Spell, Buff, Persistent, Lightning, Cold, Fire","","","","","","","","","","","","","","","","","","","","","","Spell","Lightning","","","","Buff","Fire","","Persistent","","","","","","","Cold","","","","","","","https://cdn.poe2db.tw/image/Art/2DArt/SkillIcons/WitchunterSpellAegis.webp"
"1788937157-317","https://poe2db.tw/us/Skill_Gems","Spirit Vessel","Spirit Vessel (1)Minion, Companion, Persistent, Meta","Minion, Companion, Persistent, Meta","","","","","","","","","","","","","","","","","","","","","","","","","","","","","","Persistent","","","","","","Minion","","","Meta","Companion","","","","https://cdn.poe2db.tw/image/Art/2DArt/SkillIcons/TheAncientOrder.webp"
"1788937157-318","https://poe2db.tw/us/Skill_Gems","Consecrate","Consecrate (1)Spell, AoE, Duration, Nova","Spell, AoE, Duration, Nova","","","","","","","","","","","Nova","","","","","","","","Duration","","","Spell","","","AoE","","","","","","","","","","","","","","","","","","","https://cdn.poe2db.tw/image/Art/2DArt/BuffIcons/consecrated.webp"
"1788937157-319","https://poe2db.tw/us/Skill_Gems","Starborn Onslaught","Starborn Onslaught (1)Attack, AoE, Melee, Slam, Physical, Cold, Duration","Attack, AoE, Melee, Slam, Physical, Cold, Duration","","","","","Slam","","","","","","","","","","","","","","Duration","","","","","Physical","AoE","Attack","","","Melee","","","","","","","","Cold","","","","","","","https://cdn.poe2db.tw/image/Art/2DArt/SkillIcons/HimindrygrSkillIcon.webp"
"1788937157-320","https://poe2db.tw/us/Skill_Gems","Supporting Fire","Supporting Fire (1)Minion, Persistent","Minion, Persistent","","","","","","","","","","","","","","","","","","","","","","","","","","","","","","Persistent","","","","","","Minion","","","","","","","","https://cdn.poe2db.tw/image/Art/2DArt/SkillIcons/TacticianDeathFromAboveSkillIcon.webp"
"1788937157-321","https://poe2db.tw/us/Skill_Gems","Temper Weapon","Temper Weapon (1)Attack, Buff, AoE, Melee, Trigger, Fire, Channelling","Attack, Buff, AoE, Melee, Trigger, Fire, Channelling","","","","","","","","","","","","","","","","","","","","Channelling","","","","","AoE","Attack","Buff","Fire","Melee","","","","","","Trigger","","","","","","","","","https://cdn.poe2db.tw/image/Art/2DArt/SkillIcons/SmithOfKitavaImbueWeaponSkillIcon.webp"
"1788937157-322","https://poe2db.tw/us/Skill_Gems","Temporal Rift","Temporal Rift (1)Spell, Buff, Persistent","Spell, Buff, Persistent","","","","","","","","","","","","","","","","","","","","","","Spell","","","","","Buff","","","Persistent","","","","","","","","","","","","","","https://cdn.poe2db.tw/image/Art/2DArt/SkillIcons/SorceressTemporalistTemporalRift.webp"
"1788937157-323","https://poe2db.tw/us/Skill_Gems","The Stars Answer","The Stars Answer (1)Spell, Buff, AoE, Trigger, Physical, Cold, Duration","Spell, Buff, AoE, Trigger, Physical, Cold, Duration","","","","","","","","","","","","","","","","","","","Duration","","","Spell","","Physical","AoE","","Buff","","","","","","","","Trigger","","Cold","","","","","","","https://cdn.poe2db.tw/image/Art/2DArt/SkillIcons/Runeseeker.webp"
"1788937157-324","https://poe2db.tw/us/Skill_Gems","Time Freeze","Time Freeze (1)Spell, AoE, Duration","Spell, AoE, Duration","","","","","","","","","","","","","","","","","","","Duration","","","Spell","","","AoE","","","","","","","","","","","","","","","","","","","https://cdn.poe2db.tw/image/Art/2DArt/SkillIcons/SorceressTemporalistTimeStop.webp"
"1788937157-325","https://poe2db.tw/us/Skill_Gems","Time Snap","Time Snap (1)Spell","Spell","","","","","","","","","","","","","","","","","","","","","","Spell","","","","","","","","","","","","","","","","","","","","","","https://cdn.poe2db.tw/image/Art/2DArt/SkillIcons/SorceressTemporalistReloadCooldown.webp"
"1788937157-326","https://poe2db.tw/us/Skill_Gems","Triskelion Cascade","Triskelion Cascade (1)Spell, Buff, Duration","Spell, Buff, Duration","","","","","","","","","","","","","","","","","","","Duration","","","Spell","","","","","Buff","","","","","","","","","","","","","","","","","https://cdn.poe2db.tw/image/Art/2DArt/SkillIcons/ExpeditionTriskelionCascade.webp"
"1788937157-327","https://poe2db.tw/us/Skill_Gems","Herald of the Royal Queen","Herald of the Royal Queen (1)Buff, Attack, Persistent, AoE, Physical, Herald, Payoff","Buff, Attack, Persistent, AoE, Physical, Herald, Payoff","","Herald","","","","","","","","Payoff","","","","","","","","","","","","","","Physical","AoE","Attack","Buff","","","Persistent","","","","","","","","","","","","","","https://cdn.poe2db.tw/image/Art/2DArt/SkillIcons/AtziriHeraldOfBlood.webp"
"1788937157-328","https://poe2db.tw/us/Skill_Gems","Herald of Ash","Herald of Ash (1)Buff, Persistent, AoE, Fire, Duration, Herald","Buff, Persistent, AoE, Fire, Duration, Herald","","Herald","","","","","","","","","","","","","","","","","Duration","","","","","","AoE","","Buff","Fire","","Persistent","","","","","","","","","","","","","","https://cdn.poe2db.tw/image/Art/2DArt/SkillIcons/HeraldOfAshSkill.webp"
"1788937157-329","https://poe2db.tw/us/Skill_Gems","Herald of Ice","Herald of Ice (1)Buff, Attack, Persistent, AoE, Cold, Herald, Payoff","Buff, Attack, Persistent, AoE, Cold, Herald, Payoff","","Herald","","","","","","","","Payoff","","","","","","","","","","","","","","","AoE","Attack","Buff","","","Persistent","","","","","","","Cold","","","","","","","https://cdn.poe2db.tw/image/Art/2DArt/SkillIcons/HeraldOfIceSkill.webp"
"1788937157-330","https://poe2db.tw/us/Skill_Gems","Herald of Thunder","Herald of Thunder (1)Buff, Attack, Persistent, AoE, Lightning, Herald, Payoff","Buff, Attack, Persistent, AoE, Lightning, Herald, Payoff","","Herald","","","","","","","","Payoff","","","","","","","","","","","","","Lightning","","AoE","Attack","Buff","","","Persistent","","","","","","","","","","","","","","https://cdn.poe2db.tw/image/Art/2DArt/SkillIcons/HeraldOfThunderSkill.webp"
"1788937157-331","https://poe2db.tw/us/Skill_Gems","Withering Presence","Withering Presence (1)Buff, Persistent, Aura, Chaos, Duration","Buff, Persistent, Aura, Chaos, Duration","","","","","","","","","Aura","","","","","","","","","","Duration","","Chaos","","","","","","Buff","","","Persistent","","","","","","","","","","","","","","https://cdn.poe2db.tw/image/Art/2DArt/SkillIcons/WitchWitheringPresence.webp"
"1788937157-332","https://poe2db.tw/us/Skill_Gems","Valako's Charge","Valako's Charge (1)Spell, AoE, Trigger, Lightning, Chaining","Spell, AoE, Trigger, Lightning, Chaining","","","","","","","","","","","","","Chaining","","","","","","","","","Spell","Lightning","","AoE","","","","","","","","","","Trigger","","","","","","","","","https://cdn.poe2db.tw/image/Art/2DArt/SkillIcons/ValakosLuckLightningCoilSkill.webp"
"1788937157-333","https://poe2db.tw/us/Skill_Gems","Verisium Manifestations","Verisium Manifestations (1)Buff, Minion, Persistent, Duration","Buff, Minion, Persistent, Duration","","","","","","","","","","","","","","","","","","","Duration","","","","","","","","Buff","","","Persistent","","","","","","Minion","","","","","","","","https://cdn.poe2db.tw/image/Art/2DArt/SkillIcons/ExpeditionRunewordManifest.webp"
"1788937157-334","https://poe2db.tw/us/Skill_Gems","Vivid Stampede","Vivid Stampede (1)Attack, AoE, Trigger, Lightning, Duration","Attack, AoE, Trigger, Lightning, Duration","","","","","","","","","","","","","","","","","","","Duration","","","","Lightning","","AoE","Attack","","","","","","","","","Trigger","","","","","","","","","https://cdn.poe2db.tw/image/Art/2DArt/SkillIcons/WildspeakerVividStagsSkill.webp"
"1788937157-335","https://poe2db.tw/us/Skill_Gems","Void Illusion","Void Illusion (1)Attack, Buff, Persistent, AoE, Trigger, Duration","Attack, Buff, Persistent, AoE, Trigger, Duration","","","","","","","","","","","","","","","","","","","Duration","","","","","","AoE","Attack","Buff","","","Persistent","","","","","Trigger","","","","","","","","","https://cdn.poe2db.tw/image/Art/2DArt/SkillIcons/MonkVoidIllusion.webp"
"1788937157-336","https://poe2db.tw/us/Skill_Gems","Voltaic Barrier","Voltaic Barrier (1)Attack, AoE, Trigger, Lightning, Chaining","Attack, AoE, Trigger, Lightning, Chaining","","","","","","","","","","","","","Chaining","","","","","","","","","","Lightning","","AoE","Attack","","","","","","","","","Trigger","","","","","","","","","https://cdn.poe2db.tw/image/Art/2DArt/SkillIcons/ExpeditionCracklingBarrier.webp"
"1788937157-337","https://poe2db.tw/us/Skill_Gems","Wardbound Minions","Wardbound Minions (1)Spell, Minion, Duration, Repeatable","Spell, Minion, Duration, Repeatable","","","","","","","","","","","","Repeatable","","","","","","","Duration","","","Spell","","","","","","","","","","","","","","Minion","","","","","","","","https://cdn.poe2db.tw/image/Art/2DArt/SkillIcons/ExpeditionWardboundMinions.webp"
"1788937157-338","https://poe2db.tw/us/Skill_Gems","Wild Protector","Wild Protector (1)Minion, Companion, Persistent, Physical","Minion, Companion, Persistent, Physical","","","","","","","","","","","","","","","","","","","","","","","","Physical","","","","","","Persistent","","","","","","Minion","","","","Companion","","","","https://cdn.poe2db.tw/image/Art/2DArt/SkillIcons/WildspeakerBearSkill.webp"
"1788937157-339","https://poe2db.tw/us/Skill_Gems","Shred","Shred (1)Attack, Shapeshift, Werewolf, AoE, Melee, Strike, Projectile, Trigger, Cold, Payoff","Attack, Shapeshift, Werewolf, AoE, Melee, Strike, Projectile, Trigger, Cold, Payoff","","","","","","","","","","Payoff","","","","","","Projectile","","","","","","","","","AoE","Attack","","","Melee","","","","","","Trigger","","Cold","","","","","Strike","Shapeshift","https://cdn.poe2db.tw/image/Art/2DArt/SkillIcons/DruidFrozenClaws.webp"
"1788937157-340","https://poe2db.tw/us/Skill_Gems","Rend","Rend (1)Attack, Shapeshift, Wyvern, AoE, Melee, Strike, Duration","Attack, Shapeshift, Wyvern, AoE, Melee, Strike, Duration","","","","","","","","","","","","","","","","","","","Duration","","","","","","AoE","Attack","","","Melee","","","","","","","","","","","","","Strike","Shapeshift","https://cdn.poe2db.tw/image/Art/2DArt/SkillIcons/DruidWyvernSwipe.webp"
"1788937157-341","https://poe2db.tw/us/Skill_Gems","Armour Piercing Rounds","Armour Piercing Rounds (1)Attack, Ammunition, Projectile, Physical","Attack, Ammunition, Projectile, Physical","","","","","","","","","","","","","","","","Projectile","","","","","","","","Physical","","Attack","","","","","","","","","","","","","","","","","","https://cdn.poe2db.tw/image/Art/2DArt/SkillIcons/RapidShotPhysical.webp"
"1788937157-342","https://poe2db.tw/us/Skill_Gems","Entangle","Entangle (1)Spell, AoE, Sustained, Physical, Duration, Repeatable, Plant","Spell, AoE, Sustained, Physical, Duration, Repeatable, Plant","","","","","","","Plant","","","","","Repeatable","","Sustained","","","","","Duration","","","Spell","","Physical","AoE","","","","","","","","","","","","","","","","","","","https://cdn.poe2db.tw/image/Art/2DArt/SkillIcons/DruidEntangle.webp"
"1788937157-343","https://poe2db.tw/us/Skill_Gems","Explosive Grenade","Explosive Grenade (1)Attack, AoE, Projectile, Grenade, Fire, Detonator","Attack, AoE, Projectile, Grenade, Fire, Detonator","","","","","","","","","","","","","","","","Projectile","","Detonator","","","","","","","AoE","Attack","","Fire","","","","","","","","","","","","","","","","https://cdn.poe2db.tw/image/Art/2DArt/SkillIcons/ExplosiveGrenade.webp"
"1788937157-344","https://poe2db.tw/us/Skill_Gems","Falling Thunder","Falling Thunder (1)Attack, AoE, Melee, Slam, Projectile, Lightning","Attack, AoE, Melee, Slam, Projectile, Lightning","","","","","Slam","","","","","","","","","","","Projectile","","","","","","","Lightning","","AoE","Attack","","","Melee","","","","","","","","","","","","","","","https://cdn.poe2db.tw/image/Art/2DArt/SkillIcons/MonkLightningStrike.webp"
"1788937157-345","https://poe2db.tw/us/Skill_Gems","Fragmentation Rounds","Fragmentation Rounds (1)Attack, AoE, Ammunition, Projectile, Payoff, Merging","Attack, AoE, Ammunition, Projectile, Payoff, Merging","","","","","","","","","","Payoff","","","","","","Projectile","","","","","","","","","AoE","Attack","","","","","","","","","","","","","","","","","","https://cdn.poe2db.tw/image/Art/2DArt/SkillIcons/BurstShotPhysical.webp"
"1788937157-346","https://poe2db.tw/us/Skill_Gems","Frozen Locus","Frozen Locus (1)Attack, AoE, Melee, Cold, Duration","Attack, AoE, Melee, Cold, Duration","","","","","","","","","","","","","","","","","","","Duration","","","","","","AoE","Attack","","","Melee","","","","","","","","Cold","","","","","","","https://cdn.poe2db.tw/image/Art/2DArt/SkillIcons/MonkIceAmbush.webp"
"1788937157-347","https://poe2db.tw/us/Skill_Gems","Furious Slam","Furious Slam (1)Attack, Shapeshift, Bear, AoE, Melee, Slam","Attack, Shapeshift, Bear, AoE, Melee, Slam","","","","","Slam","","","","","","","","","","","","","","","","","","","","AoE","Attack","","","Melee","","","","","","","","","","","","","","Shapeshift","https://cdn.poe2db.tw/image/Art/2DArt/SkillIcons/DruidBearSlam.webp"
"1788937157-348","https://poe2db.tw/us/Skill_Gems","Glacial Cascade","Glacial Cascade (1)Attack, AoE, Melee, Cold, Payoff","Attack, AoE, Melee, Cold, Payoff","","","","","","","","","","Payoff","","","","","","","","","","","","","","","AoE","Attack","","","Melee","","","","","","","","Cold","","","","","","","https://cdn.poe2db.tw/image/Art/2DArt/SkillIcons/MonkGlacialCascade.webp"
"1788937157-349","https://poe2db.tw/us/Skill_Gems","Killing Palm","Killing Palm (1)Attack, AoE, Melee, Strike, Physical","Attack, AoE, Melee, Strike, Physical","","","","","","","","","","","","","","","","","","","","","","","","Physical","AoE","Attack","","","Melee","","","","","","","","","","","","","Strike","","https://cdn.poe2db.tw/image/Art/2DArt/SkillIcons/MonkKillingPalm.webp"
"1788937157-350","https://poe2db.tw/us/Skill_Gems","Lunar Assault","Lunar Assault (1)Attack, Shapeshift, Werewolf, AoE, Melee, Strike, Cold","Attack, Shapeshift, Werewolf, AoE, Melee, Strike, Cold","","","","","","","","","","","","","","","","","","","","","","","","","AoE","Attack","","","Melee","","","","","","","","Cold","","","","","Strike","Shapeshift","https://cdn.poe2db.tw/image/Art/2DArt/SkillIcons/DruidLunarAssault.webp"
"1788937157-351","https://poe2db.tw/us/Skill_Gems","Permafrost Bolts","Permafrost Bolts (1)Attack, AoE, Ammunition, Projectile, Cold, Merging","Attack, AoE, Ammunition, Projectile, Cold, Merging","","","","","","","","","","","","","","","","Projectile","","","","","","","","","AoE","Attack","","","","","","","","","","","Cold","","","","","","","https://cdn.poe2db.tw/image/Art/2DArt/SkillIcons/BurstShotPermafrost.webp"
"1788937157-352","https://poe2db.tw/us/Skill_Gems","Volcano","Volcano (1)Spell, AoE, Projectile, Sustained, Fire, Duration, Channelling","Spell, AoE, Projectile, Sustained, Fire, Duration, Channelling","","","","","","","","","","","","","","Sustained","","Projectile","","","Duration","Channelling","","Spell","","","AoE","","","Fire","","","","","","","","","","","","","","","","https://cdn.poe2db.tw/image/Art/2DArt/SkillIcons/DruidVolcano.webp"
"1788937157-353","https://poe2db.tw/us/Skill_Gems","Flash Grenade","Flash Grenade (3)Attack, AoE, Projectile, Grenade","Attack, AoE, Projectile, Grenade","","","","","","","","","","","","","","","","Projectile","","","","","","","","","AoE","Attack","","","","","","","","","","","","","","","","","","https://cdn.poe2db.tw/image/Art/2DArt/SkillIcons/FlashbangGrenade.webp"
"1788937157-354","https://poe2db.tw/us/Skill_Gems","High Velocity Rounds","High Velocity Rounds (3)Attack, Ammunition, Projectile, Physical, Duration, Payoff","Attack, Ammunition, Projectile, Physical, Duration, Payoff","","","","","","","","","","Payoff","","","","","","Projectile","","","Duration","","","","","Physical","","Attack","","","","","","","","","","","","","","","","","","https://cdn.poe2db.tw/image/Art/2DArt/SkillIcons/PowerShotPhysical.webp"
"1788937157-355","https://poe2db.tw/us/Skill_Gems","Incendiary Shot","Incendiary Shot (3)Attack, AoE, Ammunition, Projectile, Fire, Merging","Attack, AoE, Ammunition, Projectile, Fire, Merging","","","","","","","","","","","","","","","","Projectile","","","","","","","","","AoE","Attack","","Fire","","","","","","","","","","","","","","","","https://cdn.poe2db.tw/image/Art/2DArt/SkillIcons/BurstShotIncendiary.webp"
"1788937157-356","https://poe2db.tw/us/Skill_Gems","Rolling Magma","Rolling Magma (3)Attack, Shapeshift, Wyvern, AoE, Projectile, Fire, Detonator","Attack, Shapeshift, Wyvern, AoE, Projectile, Fire, Detonator","","","","","","","","","","","","","","","","Projectile","","Detonator","","","","","","","AoE","Attack","","Fire","","","","","","","","","","","","","","","Shapeshift","https://cdn.poe2db.tw/image/Art/2DArt/SkillIcons/DruidRollingMagma.webp"
"1788937157-357","https://poe2db.tw/us/Skill_Gems","Staggering Palm","Staggering Palm (3)Attack, Buff, AoE, Melee, Strike, Projectile, Physical, Duration, Wind","Attack, Buff, AoE, Melee, Strike, Projectile, Physical, Duration, Wind","","","","","","Wind","","","","","","","","","","Projectile","","","Duration","","","","","Physical","AoE","Attack","Buff","","Melee","","","","","","","","","","","","","Strike","","https://cdn.poe2db.tw/image/Art/2DArt/SkillIcons/MonkWindPalm.webp"
"1788937157-358","https://poe2db.tw/us/Skill_Gems","Tempest Bell","Tempest Bell (3)Attack, AoE, Melee, Sustained, Duration, Conditional","Attack, AoE, Melee, Sustained, Duration, Conditional","","","","","","","","","","","","","","Sustained","","","","","Duration","","","","","","AoE","Attack","","","Melee","","","","Conditional","","","","","","","","","","","https://cdn.poe2db.tw/image/Art/2DArt/SkillIcons/MonkTempestBell.webp"
"1788937157-359","https://poe2db.tw/us/Skill_Gems","Wind Blast","Wind Blast (3)Attack, AoE, Melee, Wind","Attack, AoE, Melee, Wind","","","","","","Wind","","","","","","","","","","","","","","","","","","","AoE","Attack","","","Melee","","","","","","","","","","","","","","","https://cdn.poe2db.tw/image/Art/2DArt/SkillIcons/MonkGaleStrikeSwing.webp"
"1788937157-360","https://poe2db.tw/us/Skill_Gems","Wing Blast","Wing Blast (3)Attack, Shapeshift, Wyvern, AoE, Melee, Wind","Attack, Shapeshift, Wyvern, AoE, Melee, Wind","","","","","","Wind","","","","","","","","","","","","","","","","","","","AoE","Attack","","","Melee","","","","","","","","","","","","","","Shapeshift","https://cdn.poe2db.tw/image/Art/2DArt/SkillIcons/DruidWingBlast.webp"
"1788937157-361","https://poe2db.tw/us/Skill_Gems","Pounce","Pounce (3)Attack, Minion, Shapeshift, Werewolf, AoE, Melee, Slam, Trigger, Mark, Duration, Travel, Meta","Attack, Minion, Shapeshift, Werewolf, AoE, Melee, Slam, Trigger, Mark, Duration, Travel, Meta","","","Mark","","Slam","","","","","","","","","","","","","","Duration","","","","","","AoE","Attack","","","Melee","","Travel","","","","Trigger","Minion","","","Meta","","","","Shapeshift","https://cdn.poe2db.tw/image/Art/2DArt/SkillIcons/DruidWolfLeapAttack.webp"
"1788937157-362","https://poe2db.tw/us/Skill_Gems","Attrition","Attrition (4)Buff, Persistent","Buff, Persistent","","","","","","","","","","","","","","","","","","","","","","","","","","","Buff","","","Persistent","","","","","","","","","","","","","","https://cdn.poe2db.tw/image/Art/2DArt/SkillIcons/AttritionSkill.webp"
"1788937157-363","https://poe2db.tw/us/Skill_Gems","Briarpatch","Briarpatch (4)Buff, Spell, Persistent, AoE, Sustained, Physical, Duration, Plant","Buff, Spell, Persistent, AoE, Sustained, Physical, Duration, Plant","","","","","","","Plant","","","","","","","Sustained","","","","","Duration","","","Spell","","Physical","AoE","","Buff","","","Persistent","","","","","","","","","","","","","","https://cdn.poe2db.tw/image/Art/2DArt/SkillIcons/DruidBriarpatch.webp"
"1788937157-364","https://poe2db.tw/us/Skill_Gems","Ghost Dance","Ghost Dance (4)Buff, Persistent","Buff, Persistent","","","","","","","","","","","","","","","","","","","","","","","","","","","Buff","","","Persistent","","","","","","","","","","","","","","https://cdn.poe2db.tw/image/Art/2DArt/SkillIcons/MonkGhostDance.webp"
"1788937157-365","https://poe2db.tw/us/Skill_Gems","Herald of Blood","Herald of Blood (4)Buff, Attack, Persistent, AoE, Physical, Herald, Payoff","Buff, Attack, Persistent, AoE, Physical, Herald, Payoff","","Herald","","","","","","","","Payoff","","","","","","","","","","","","","","Physical","AoE","Attack","Buff","","","Persistent","","","","","","","","","","","","","","https://cdn.poe2db.tw/image/Art/2DArt/SkillIcons/HeraldOfBloodSkill.webp"
"1788937157-366","https://poe2db.tw/us/Skill_Gems","Herald of Ice","Herald of Ice (4)Buff, Attack, Persistent, AoE, Cold, Herald, Payoff","Buff, Attack, Persistent, AoE, Cold, Herald, Payoff","","Herald","","","","","","","","Payoff","","","","","","","","","","","","","","","AoE","Attack","Buff","","","Persistent","","","","","","","Cold","","","","","","","https://cdn.poe2db.tw/image/Art/2DArt/SkillIcons/HeraldOfIceSkill.webp"
"1788937157-367","https://poe2db.tw/us/Skill_Gems","Savage Fury","Savage Fury (4)Buff, Persistent, Duration","Buff, Persistent, Duration","","","","","","","","","","","","","","","","","","","Duration","","","","","","","","Buff","","","Persistent","","","","","","","","","","","","","","https://cdn.poe2db.tw/image/Art/2DArt/SkillIcons/DruidWildBeast.webp"
"1788937157-368","https://poe2db.tw/us/Skill_Gems","War Banner","War Banner (4)Banner, Buff, Persistent, AoE, Aura, Duration, Conditional","Banner, Buff, Persistent, AoE, Aura, Duration, Conditional","","","","","","","","","Aura","","","","","","","","","","Duration","","","","","","AoE","","Buff","","","Persistent","","","Conditional","","","","","","","","","","","https://cdn.poe2db.tw/image/Art/2DArt/SkillIcons/WarBannerSkill.webp"
"1788937157-369","https://poe2db.tw/us/Skill_Gems","Fury of the Mountain","Fury of the Mountain (5)Attack, Shapeshift, Bear, AoE, Melee, Slam, Sustained, Duration, Channelling","Attack, Shapeshift, Bear, AoE, Melee, Slam, Sustained, Duration, Channelling","","","","","Slam","","","","","","","","","Sustained","","","","","Duration","Channelling","","","","","AoE","Attack","","","Melee","","","","","","","","","","","","","","Shapeshift","https://cdn.poe2db.tw/image/Art/2DArt/SkillIcons/DruidFuryoftheMountain.webp"
"1788937157-370","https://poe2db.tw/us/Skill_Gems","Galvanic Shards","Galvanic Shards (5)Attack, Ammunition, Projectile, Lightning, Chaining, Merging","Attack, Ammunition, Projectile, Lightning, Chaining, Merging","","","","","","","","","","","","","Chaining","","","Projectile","","","","","","","Lightning","","","Attack","","","","","","","","","","","","","","","","","","https://cdn.poe2db.tw/image/Art/2DArt/SkillIcons/BurstShotStormblast.webp"
"1788937157-371","https://poe2db.tw/us/Skill_Gems","Ice Shards","Ice Shards (5)Attack, AoE, Ammunition, Projectile, Sustained, Cold, Hazard","Attack, AoE, Ammunition, Projectile, Sustained, Cold, Hazard","","","","","","","","","","","","","","Sustained","","Projectile","","","","","","","","","AoE","Attack","","","","","","Hazard","","","","","Cold","","","","","","","https://cdn.poe2db.tw/image/Art/2DArt/SkillIcons/RapidShotPermafrost.webp"
"1788937157-372","https://poe2db.tw/us/Skill_Gems","Ice Strike","Ice Strike (5)Attack, AoE, Melee, Strike, Cold","Attack, AoE, Melee, Strike, Cold","","","","","","","","","","","","","","","","","","","","","","","","","AoE","Attack","","","Melee","","","","","","","","Cold","","","","","Strike","","https://cdn.poe2db.tw/image/Art/2DArt/SkillIcons/MonkComboAttack.webp"
"1788937157-373","https://poe2db.tw/us/Skill_Gems","Rapid Shot","Rapid Shot (5)Attack, Ammunition, Projectile, Fire","Attack, Ammunition, Projectile, Fire","","","","","","","","","","","","","","","","Projectile","","","","","","","","","","Attack","","Fire","","","","","","","","","","","","","","","","https://cdn.poe2db.tw/image/Art/2DArt/SkillIcons/RapidShotIncendiary.webp"
"1788937157-374","https://poe2db.tw/us/Skill_Gems","Tempest Flurry","Tempest Flurry (5)Attack, AoE, Melee, Strike, Lightning","Attack, AoE, Melee, Strike, Lightning","","","","","","","","","","","","","","","","","","","","","","","Lightning","","AoE","Attack","","","Melee","","","","","","","","","","","","","Strike","","https://cdn.poe2db.tw/image/Art/2DArt/SkillIcons/MonkTempestFlurry.webp"
"1788937157-375","https://poe2db.tw/us/Skill_Gems","Thunderstorm","Thunderstorm (5)Spell, AoE, Sustained, Lightning, Duration, Storm","Spell, AoE, Sustained, Lightning, Duration, Storm","","","","","","","","","","","","","","Sustained","","","","","Duration","","","Spell","Lightning","","AoE","","","","","","","","","Storm","","","","","","","","","","https://cdn.poe2db.tw/image/Art/2DArt/SkillIcons/LightningStormSkill.webp"
"1788937157-376","https://poe2db.tw/us/Skill_Gems","Gas Grenade","Gas Grenade (5)Attack, AoE, Projectile, Grenade, Fire, Chaos, Duration","Attack, AoE, Projectile, Grenade, Fire, Chaos, Duration","","","","","","","","","","","","","","","","Projectile","","","Duration","","Chaos","","","","AoE","Attack","","Fire","","","","","","","","","","","","","","","","https://cdn.poe2db.tw/image/Art/2DArt/SkillIcons/ToxicGrenade.webp"
"1788937157-377","https://poe2db.tw/us/Skill_Gems","Vaulting Impact","Vaulting Impact (5)Attack, AoE, Melee, Slam, Physical, Duration, Travel, Payoff","Attack, AoE, Melee, Slam, Physical, Duration, Travel, Payoff","","","","","Slam","","","","","Payoff","","","","","","","","","Duration","","","","","Physical","AoE","Attack","","","Melee","","Travel","","","","","","","","","","","","","https://cdn.poe2db.tw/image/Art/2DArt/SkillIcons/MonkVaultingImpact.webp"
"1788937157-378","https://poe2db.tw/us/Skill_Gems","Arctic Howl","Arctic Howl (5)Warcry, Shapeshift, Buff, Werewolf, AoE, Cold, Duration, Nova","Warcry, Shapeshift, Buff, Werewolf, AoE, Cold, Duration, Nova","Warcry","","","","","","","","","","Nova","","","","","","","","Duration","","","","","","AoE","","Buff","","","","","","","","","","Cold","","","","","","Shapeshift","https://cdn.poe2db.tw/image/Art/2DArt/SkillIcons/DruidTundraHunter.webp"
"1788937157-379","https://poe2db.tw/us/Skill_Gems","Devour","Devour (5)Attack, Shapeshift, Wyvern, AoE, Melee, Slam","Attack, Shapeshift, Wyvern, AoE, Melee, Slam","","","","","Slam","","","","","","","","","","","","","","","","","","","","AoE","Attack","","","Melee","","","","","","","","","","","","","","Shapeshift","https://cdn.poe2db.tw/image/Art/2DArt/SkillIcons/DruidDevourShock.webp"
"1788937157-380","https://poe2db.tw/us/Skill_Gems","Artillery Ballista","Artillery Ballista (7)Attack, Totem, AoE, Projectile, Sustained, Duration","Attack, Totem, AoE, Projectile, Sustained, Duration","","","","","","","","Totem","","","","","","Sustained","","Projectile","","","Duration","","","","","","AoE","Attack","","","","","","","","","","","","","","","","","","https://cdn.poe2db.tw/image/Art/2DArt/SkillIcons/MercRipwireBallista.webp"
"1788937157-381","https://poe2db.tw/us/Skill_Gems","Explosive Shot","Explosive Shot (7)Attack, AoE, Ammunition, Projectile, Fire, Detonator","Attack, AoE, Ammunition, Projectile, Fire, Detonator","","","","","","","","","","","","","","","","Projectile","","Detonator","","","","","","","AoE","Attack","","Fire","","","","","","","","","","","","","","","","https://cdn.poe2db.tw/image/Art/2DArt/SkillIcons/PowerShotIncendiary.webp"
"1788937157-382","https://poe2db.tw/us/Skill_Gems","Ferocious Roar","Ferocious Roar (7)Warcry, Shapeshift, Bear, AoE, Nova, Meta","Warcry, Shapeshift, Bear, AoE, Nova, Meta","Warcry","","","","","","","","","","Nova","","","","","","","","","","","","","","AoE","","","","","","","","","","","","","","Meta","","","","Shapeshift","https://cdn.poe2db.tw/image/Art/2DArt/SkillIcons/DruidBearWarcry.webp"
"1788937157-383","https://poe2db.tw/us/Skill_Gems","Freezing Mark","Freezing Mark (7)Mark, Buff, Cold, Duration","Mark, Buff, Cold, Duration","","","Mark","","","","","","","","","","","","","","","","Duration","","","","","","","","Buff","","","","","","","","","","Cold","","","","","","","https://cdn.poe2db.tw/image/Art/2DArt/SkillIcons/FreezingMarkSkill.webp"
"1788937157-384","https://poe2db.tw/us/Skill_Gems","Glacial Bolt","Glacial Bolt (7)Attack, AoE, Ammunition, Projectile, Cold, Duration","Attack, AoE, Ammunition, Projectile, Cold, Duration","","","","","","","","","","","","","","","","Projectile","","","Duration","","","","","","AoE","Attack","","","","","","","","","","","Cold","","","","","","","https://cdn.poe2db.tw/image/Art/2DArt/SkillIcons/PowerShotPermafrost.webp"
"1788937157-385","https://poe2db.tw/us/Skill_Gems","Spell Totem","Spell Totem (7)Totem, Spell, Duration, Conditional, Meta","Totem, Spell, Duration, Conditional, Meta","","","","","","","","Totem","","","","","","","","","","","Duration","","","Spell","","","","","","","","","","","Conditional","","","","","","Meta","","","","","https://cdn.poe2db.tw/image/Art/2DArt/SkillIcons/DruidSpellTotem.webp"
"1788937157-386","https://poe2db.tw/us/Skill_Gems","Voltaic Grenade","Voltaic Grenade (7)Attack, AoE, Projectile, Grenade, Lightning, Duration","Attack, AoE, Projectile, Grenade, Lightning, Duration","","","","","","","","","","","","","","","","Projectile","","","Duration","","","","Lightning","","AoE","Attack","","","","","","","","","","","","","","","","","","https://cdn.poe2db.tw/image/Art/2DArt/SkillIcons/ShockGrenade.webp"
"1788937157-387","https://poe2db.tw/us/Skill_Gems","Siphoning Strike","Siphoning Strike (7)Attack, AoE, Melee, Strike, Lightning, Payoff","Attack, AoE, Melee, Strike, Lightning, Payoff","","","","","","","","","","Payoff","","","","","","","","","","","","","Lightning","","AoE","Attack","","","Melee","","","","","","","","","","","","","Strike","","https://cdn.poe2db.tw/image/Art/2DArt/SkillIcons/MonkSiphoningStrike.webp"
"1788937157-388","https://poe2db.tw/us/Skill_Gems","Storm Wave","Storm Wave (7)Attack, AoE, Melee, Lightning","Attack, AoE, Melee, Lightning","","","","","","","","","","","","","","","","","","","","","","","Lightning","","AoE","Attack","","","Melee","","","","","","","","","","","","","","","https://cdn.poe2db.tw/image/Art/2DArt/SkillIcons/MonkStormWave.webp"
"1788937157-389","https://poe2db.tw/us/Skill_Gems","Wave of Frost","Wave of Frost (7)Attack, AoE, Melee, Cold","Attack, AoE, Melee, Cold","","","","","","","","","","","","","","","","","","","","","","","","","AoE","Attack","","","Melee","","","","","","","","Cold","","","","","","","https://cdn.poe2db.tw/image/Art/2DArt/SkillIcons/MonkFreezingBackflip.webp"
"1788937157-390","https://poe2db.tw/us/Skill_Gems","Cross Slash","Cross Slash (7)Attack, Shapeshift, Werewolf, AoE, Melee","Attack, Shapeshift, Werewolf, AoE, Melee","","","","","","","","","","","","","","","","","","","","","","","","","AoE","Attack","","","Melee","","","","","","","","","","","","","","Shapeshift","https://cdn.poe2db.tw/image/Art/2DArt/SkillIcons/DruidCrossSlash.webp"
"1788937157-391","https://poe2db.tw/us/Skill_Gems","Barkskin","Barkskin (8)Buff, Persistent, Duration","Buff, Persistent, Duration","","","","","","","","","","","","","","","","","","","Duration","","","","","","","","Buff","","","Persistent","","","","","","","","","","","","","","https://cdn.poe2db.tw/image/Art/2DArt/SkillIcons/DruidBarkSkin.webp"
"1788937157-392","https://poe2db.tw/us/Skill_Gems","Barrier Invocation","Barrier Invocation (8)Buff, Persistent, Trigger, Invocation, Meta","Buff, Persistent, Trigger, Invocation, Meta","","","","","","","","","","","","","","","","","","","","","","","","","","","Buff","","","Persistent","","","","","Trigger","","","","Meta","","","","","https://cdn.poe2db.tw/image/Art/2DArt/SkillIcons/SorceressBarrierInvocation.webp"
"1788937157-393","https://poe2db.tw/us/Skill_Gems","Defiance Banner","Defiance Banner (8)Banner, Buff, Persistent, AoE, Aura, Duration, Conditional","Banner, Buff, Persistent, AoE, Aura, Duration, Conditional","","","","","","","","","Aura","","","","","","","","","","Duration","","","","","","AoE","","Buff","","","Persistent","","","Conditional","","","","","","","","","","","https://cdn.poe2db.tw/image/Art/2DArt/SkillIcons/DefianceBannerSkill.webp"
"1788937157-394","https://poe2db.tw/us/Skill_Gems","Elemental Invocation","Elemental Invocation (8)Buff, Persistent, Trigger, Lightning, Cold, Fire, Invocation, Meta","Buff, Persistent, Trigger, Lightning, Cold, Fire, Invocation, Meta","","","","","","","","","","","","","","","","","","","","","","","Lightning","","","","Buff","Fire","","Persistent","","","","","Trigger","","Cold","","Meta","","","","","https://cdn.poe2db.tw/image/Art/2DArt/SkillIcons/ElementalInvocationSkill.webp"
"1788937157-395","https://poe2db.tw/us/Skill_Gems","Lingering Illusion","Lingering Illusion (8)Buff, Persistent, Duration, Remnant","Buff, Persistent, Duration, Remnant","","","","","","","","","","","","","","","","","","","Duration","","","","","","","","Buff","","","Persistent","","","","","","","","Remnant","","","","","","https://cdn.poe2db.tw/image/Art/2DArt/SkillIcons/MonkLingeringIllusion.webp"
"1788937157-396","https://poe2db.tw/us/Skill_Gems","Shard Scavenger","Shard Scavenger (8)Buff, Persistent, Physical, Lightning, Cold, Fire, Duration","Buff, Persistent, Physical, Lightning, Cold, Fire, Duration","","","","","","","","","","","","","","","","","","","Duration","","","","Lightning","Physical","","","Buff","Fire","","Persistent","","","","","","","Cold","","","","","","","https://cdn.poe2db.tw/image/Art/2DArt/SkillIcons/MercShardDespoiler.webp"
"1788937157-397","https://poe2db.tw/us/Skill_Gems","Wolf Pack","Wolf Pack (8)Minion, Companion, Persistent, Physical","Minion, Companion, Persistent, Physical","","","","","","","","","","","","","","","","","","","","","","","","Physical","","","","","","Persistent","","","","","","Minion","","","","Companion","","","","https://cdn.poe2db.tw/image/Art/2DArt/SkillIcons/DruidSummonWolf.webp"
"1788937157-398","https://poe2db.tw/us/Skill_Gems","Charged Staff","Charged Staff (9)Spell, Attack, Buff, AoE, Lightning, Duration, Conditional","Spell, Attack, Buff, AoE, Lightning, Duration, Conditional","","","","","","","","","","","","","","","","","","","Duration","","","Spell","Lightning","","AoE","Attack","Buff","","","","","","Conditional","","","","","","","","","","","https://cdn.poe2db.tw/image/Art/2DArt/SkillIcons/MonkChargedStaff.webp"
"1788937157-399","https://poe2db.tw/us/Skill_Gems","Hand of Chayula","Hand of Chayula (9)Attack, AoE, Melee, Strike, Chaos, Meta","Attack, AoE, Melee, Strike, Chaos, Meta","","","","","","","","","","","","","","","","","","","","","Chaos","","","","AoE","Attack","","","Melee","","","","","","","","","","Meta","","","Strike","","https://cdn.poe2db.tw/image/Art/2DArt/SkillIcons/MonkHandOfChayula.webp"
"1788937157-400","https://poe2db.tw/us/Skill_Gems","Mantra of Destruction","Mantra of Destruction (9)Buff, Chaos, Duration, Conditional","Buff, Chaos, Duration, Conditional","","","","","","","","","","","","","","","","","","","Duration","","Chaos","","","","","","Buff","","","","","","Conditional","","","","","","","","","","","https://cdn.poe2db.tw/image/Art/2DArt/SkillIcons/MonkMantraofDestruction.webp"
"1788937157-401","https://poe2db.tw/us/Skill_Gems","Oil Barrage","Oil Barrage (9)Attack, Shapeshift, Wyvern, AoE, Projectile, Sustained, Channelling","Attack, Shapeshift, Wyvern, AoE, Projectile, Sustained, Channelling","","","","","","","","","","","","","","Sustained","","Projectile","","","","Channelling","","","","","AoE","Attack","","","","","","","","","","","","","","","","","Shapeshift","https://cdn.poe2db.tw/image/Art/2DArt/SkillIcons/DruidElectricSpittle.webp"
"1788937157-402","https://poe2db.tw/us/Skill_Gems","Oil Grenade","Oil Grenade (9)Attack, AoE, Projectile, Grenade, Fire, Duration","Attack, AoE, Projectile, Grenade, Fire, Duration","","","","","","","","","","","","","","","","Projectile","","","Duration","","","","","","AoE","Attack","","Fire","","","","","","","","","","","","","","","","https://cdn.poe2db.tw/image/Art/2DArt/SkillIcons/OilGrenade.webp"
"1788937157-403","https://poe2db.tw/us/Skill_Gems","Siege Ballista","Siege Ballista (9)Attack, Totem, AoE, Projectile, Sustained, Fire, Duration, Repeatable","Attack, Totem, AoE, Projectile, Sustained, Fire, Duration, Repeatable","","","","","","","","Totem","","","","Repeatable","","Sustained","","Projectile","","","Duration","","","","","","AoE","Attack","","Fire","","","","","","","","","","","","","","","","https://cdn.poe2db.tw/image/Art/2DArt/SkillIcons/MercArtilleryBallista.webp"
"1788937157-404","https://poe2db.tw/us/Skill_Gems","Stormblast Bolts","Stormblast Bolts (9)Attack, AoE, Ammunition, Projectile, Lightning, Duration","Attack, AoE, Ammunition, Projectile, Lightning, Duration","","","","","","","","","","","","","","","","Projectile","","","Duration","","","","Lightning","","AoE","Attack","","","","","","","","","","","","","","","","","","https://cdn.poe2db.tw/image/Art/2DArt/SkillIcons/SiegeCascadeStormblast.webp"
"1788937157-405","https://poe2db.tw/us/Skill_Gems","Thrashing Vines","Thrashing Vines (9)Spell, AoE, Sustained, Physical, Duration, Plant","Spell, AoE, Sustained, Physical, Duration, Plant","","","","","","","Plant","","","","","","","Sustained","","","","","Duration","","","Spell","","Physical","AoE","","","","","","","","","","","","","","","","","","","https://cdn.poe2db.tw/image/Art/2DArt/SkillIcons/DruidAwakenedForest.webp"
"1788937157-406","https://poe2db.tw/us/Skill_Gems","Rampage","Rampage (11)Attack, Shapeshift, Bear, AoE, Melee, Slam, Sustained, Channelling, Travel","Attack, Shapeshift, Bear, AoE, Melee, Slam, Sustained, Channelling, Travel","","","","","Slam","","","","","","","","","Sustained","","","","","","Channelling","","","","","AoE","Attack","","","Melee","","Travel","","","","","","","","","","","","Shapeshift","https://cdn.poe2db.tw/image/Art/2DArt/SkillIcons/DruidBearRampage.webp"
"1788937157-407","https://poe2db.tw/us/Skill_Gems","Emergency Reload","Emergency Reload (11)Buff, Duration","Buff, Duration","","","","","","","","","","","","","","","","","","","Duration","","","","","","","","Buff","","","","","","","","","","","","","","","","","https://cdn.poe2db.tw/image/Art/2DArt/SkillIcons/MercEmergencyReload.webp"
"1788937157-408","https://poe2db.tw/us/Skill_Gems","Hailstorm Rounds","Hailstorm Rounds (11)Attack, AoE, Ammunition, Projectile, Sustained, Cold","Attack, AoE, Ammunition, Projectile, Sustained, Cold","","","","","","","","","","","","","","Sustained","","Projectile","","","","","","","","","AoE","Attack","","","","","","","","","","","Cold","","","","","","","https://cdn.poe2db.tw/image/Art/2DArt/SkillIcons/SiegeCascadePermafrost.webp"
"1788937157-409","https://poe2db.tw/us/Skill_Gems","Mortar Cannon","Mortar Cannon (11)Totem, Grenade, Duration, Meta","Totem, Grenade, Duration, Meta","","","","","","","","Totem","","","","","","","","","","","Duration","","","","","","","","","","","","","","","","","","","","Meta","","","","","https://cdn.poe2db.tw/image/Art/2DArt/SkillIcons/GrenadeBallistaSkillIcon.webp"
"1788937157-410","https://poe2db.tw/us/Skill_Gems","Shattering Palm","Shattering Palm (11)Attack, AoE, Melee, Strike, Trigger, Cold","Attack, AoE, Melee, Strike, Trigger, Cold","","","","","","","","","","","","","","","","","","","","","","","","","AoE","Attack","","","Melee","","","","","","Trigger","","Cold","","","","","Strike","","https://cdn.poe2db.tw/image/Art/2DArt/SkillIcons/MonkShatteringPalm.webp"
"1788937157-411","https://poe2db.tw/us/Skill_Gems","Shockburst Rounds","Shockburst Rounds (11)Attack, AoE, Ammunition, Projectile, Lightning, Payoff","Attack, AoE, Ammunition, Projectile, Lightning, Payoff","","","","","","","","","","Payoff","","","","","","Projectile","","","","","","","Lightning","","AoE","Attack","","","","","","","","","","","","","","","","","","https://cdn.poe2db.tw/image/Art/2DArt/SkillIcons/RapidShotStormblast.webp"
"1788937157-412","https://poe2db.tw/us/Skill_Gems","Tornado","Tornado (11)Spell, AoE, Physical, Duration, Wind, Storm","Spell, AoE, Physical, Duration, Wind, Storm","","","","","","Wind","","","","","","","","","","","","","Duration","","","Spell","","Physical","AoE","","","","","","","","","Storm","","","","","","","","","","https://cdn.poe2db.tw/image/Art/2DArt/SkillIcons/DruidTornado.webp"
"1788937157-413","https://poe2db.tw/us/Skill_Gems","Whirling Assault","Whirling Assault (11)Attack, AoE, Melee, Strike","Attack, AoE, Melee, Strike","","","","","","","","","","","","","","","","","","","","","","","","","AoE","Attack","","","Melee","","","","","","","","","","","","","Strike","","https://cdn.poe2db.tw/image/Art/2DArt/SkillIcons/MonkWhirlingAssault.webp"
"1788937157-414","https://poe2db.tw/us/Skill_Gems","Cluster Grenade","Cluster Grenade (13)Attack, AoE, Projectile, Grenade, Fire","Attack, AoE, Projectile, Grenade, Fire","","","","","","","","","","","","","","","","Projectile","","","","","","","","","AoE","Attack","","Fire","","","","","","","","","","","","","","","","https://cdn.poe2db.tw/image/Art/2DArt/SkillIcons/MercClusterGrenade.webp"
"1788937157-415","https://poe2db.tw/us/Skill_Gems","Flicker Strike","Flicker Strike (13)Attack, AoE, Melee, Strike","Attack, AoE, Melee, Strike","","","","","","","","","","","","","","","","","","","","","","","","","AoE","Attack","","","Melee","","","","","","","","","","","","","Strike","","https://cdn.poe2db.tw/image/Art/2DArt/SkillIcons/MonkFlickerStrikeTeleport.webp"
"1788937157-416","https://poe2db.tw/us/Skill_Gems","Gathering Storm","Gathering Storm (13)Attack, AoE, Melee, Lightning, Duration, Channelling, Travel","Attack, AoE, Melee, Lightning, Duration, Channelling, Travel","","","","","","","","","","","","","","","","","","","Duration","Channelling","","","Lightning","","AoE","Attack","","","Melee","","Travel","","","","","","","","","","","","","https://cdn.poe2db.tw/image/Art/2DArt/SkillIcons/MonkGatheringStorm.webp"
"1788937157-417","https://poe2db.tw/us/Skill_Gems","Plasma Blast","Plasma Blast (13)Attack, AoE, Ammunition, Projectile, Lightning, Channelling","Attack, AoE, Ammunition, Projectile, Lightning, Channelling","","","","","","","","","","","","","","","","Projectile","","","","Channelling","","","Lightning","","AoE","Attack","","","","","","","","","","","","","","","","","","https://cdn.poe2db.tw/image/Art/2DArt/SkillIcons/PowerShotStormblast.webp"
"1788937157-418","https://poe2db.tw/us/Skill_Gems","Siege Cascade","Siege Cascade (13)Attack, AoE, Ammunition, Projectile, Sustained","Attack, AoE, Ammunition, Projectile, Sustained","","","","","","","","","","","","","","Sustained","","Projectile","","","","","","","","","AoE","Attack","","","","","","","","","","","","","","","","","","https://cdn.poe2db.tw/image/Art/2DArt/SkillIcons/SiegeCascadePhysical.webp"
"1788937157-419","https://poe2db.tw/us/Skill_Gems","Walking Calamity","Walking Calamity (13)Attack, Shapeshift, Buff, Bear, AoE, Trigger, Fire, Duration, Conditional","Attack, Shapeshift, Buff, Bear, AoE, Trigger, Fire, Duration, Conditional","","","","","","","","","","","","","","","","","","","Duration","","","","","","AoE","Attack","Buff","Fire","","","","","Conditional","","Trigger","","","","","","","","Shapeshift","https://cdn.poe2db.tw/image/Art/2DArt/SkillIcons/DruidWalkingCalamity.webp"
"1788937157-420","https://poe2db.tw/us/Skill_Gems","Lunar Blessing","Lunar Blessing (13)Warcry, Attack, Shapeshift, Buff, Werewolf, AoE, Trigger, Cold, Duration","Warcry, Attack, Shapeshift, Buff, Werewolf, AoE, Trigger, Cold, Duration","Warcry","","","","","","","","","","","","","","","","","","Duration","","","","","","AoE","Attack","Buff","","","","","","","","Trigger","","Cold","","","","","","Shapeshift","https://cdn.poe2db.tw/image/Art/2DArt/SkillIcons/DruidLunarBlessing.webp"
"1788937157-421","https://poe2db.tw/us/Skill_Gems","Flame Breath","Flame Breath (13)Attack, Shapeshift, Wyvern, AoE, Sustained, Fire, Duration, Channelling, Detonator","Attack, Shapeshift, Wyvern, AoE, Sustained, Fire, Duration, Channelling, Detonator","","","","","","","","","","","","","","Sustained","","","","Detonator","Duration","Channelling","","","","","AoE","Attack","","Fire","","","","","","","","","","","","","","","Shapeshift","https://cdn.poe2db.tw/image/Art/2DArt/SkillIcons/DruidFlameBreath.webp"
"1788937157-422","https://poe2db.tw/us/Skill_Gems","Cast on Dodge","Cast on Dodge (14)Buff, Persistent, Trigger, Meta","Buff, Persistent, Trigger, Meta","","","","","","","","","","","","","","","","","","","","","","","","","","","Buff","","","Persistent","","","","","Trigger","","","","Meta","","","","","https://cdn.poe2db.tw/image/Art/2DArt/SkillIcons/CastOnDodgeRollSkill.webp"
"1788937157-423","https://poe2db.tw/us/Skill_Gems","Charge Regulation","Charge Regulation (14)Buff, Persistent","Buff, Persistent","","","","","","","","","","","","","","","","","","","","","","","","","","","Buff","","","Persistent","","","","","","","","","","","","","","https://cdn.poe2db.tw/image/Art/2DArt/SkillIcons/ChargeMasteryDeath.webp"
"1788937157-424","https://poe2db.tw/us/Skill_Gems","Dread Banner","Dread Banner (14)Banner, Buff, Persistent, AoE, Aura, Duration, Conditional","Banner, Buff, Persistent, AoE, Aura, Duration, Conditional","","","","","","","","","Aura","","","","","","","","","","Duration","","","","","","AoE","","Buff","","","Persistent","","","Conditional","","","","","","","","","","","https://cdn.poe2db.tw/image/Art/2DArt/SkillIcons/DreadBannerSkill.webp"
"1788937157-425","https://poe2db.tw/us/Skill_Gems","Feral Invocation","Feral Invocation (14)Buff, Persistent, Invocation, Meta","Buff, Persistent, Invocation, Meta","","","","","","","","","","","","","","","","","","","","","","","","","","","Buff","","","Persistent","","","","","","","","","Meta","","","","","https://cdn.poe2db.tw/image/Art/2DArt/SkillIcons/DruidFeralInvocation.webp"
"1788937157-426","https://poe2db.tw/us/Skill_Gems","Reaper's Invocation","Reaper's Invocation (14)Buff, Persistent, Trigger, Invocation, Meta","Buff, Persistent, Trigger, Invocation, Meta","","","","","","","","","","","","","","","","","","","","","","","","","","","Buff","","","Persistent","","","","","Trigger","","","","Meta","","","","","https://cdn.poe2db.tw/image/Art/2DArt/SkillIcons/MeleeInvocationSkill.webp"
"1788937157-427","https://poe2db.tw/us/Skill_Gems","Trinity","Trinity (14)Buff, Persistent, Lightning, Cold, Fire","Buff, Persistent, Lightning, Cold, Fire","","","","","","","","","","","","","","","","","","","","","","","Lightning","","","","Buff","Fire","","Persistent","","","","","","","Cold","","","","","","","https://cdn.poe2db.tw/image/Art/2DArt/SkillIcons/HuntressTrinitySkillIcon.webp"
